vehicle_id,date,trip_km,trips,charged_kwh,estimated_consumed_kwh,net_kwh
64,2021-03-04,117.46034,7.0,4.34,23.747641287142613,-19.407641287142614
64,2021-03-05,0.0,0.0,38.44,0.0,38.44
64,2021-03-08,219.70686899999998,14.0,38.440000000000005,44.41941776546222,-5.979417765462216
64,2021-03-09,180.85086,12.0,36.58,36.56367204242086,0.01632795757913641
64,2021-03-10,177.71975,11.0,47.120000000000005,35.930637291196874,11.18936270880313
64,2021-03-11,120.36237,10.0,37.82,24.33436160009698,13.48563839990302
64,2021-03-12,183.26628,8.0,41.54,37.052011576580135,4.487988423419864
64,2021-03-17,5.973789999999999,2.0,0.0,1.2077559288924216,-1.2077559288924216
64,2021-03-18,253.299494,16.0,0.0,51.21103447961016,-51.21103447961016
64,2021-03-19,64.22471,7.0,35.96,12.984683807749587,22.975316192250414
64,2021-03-23,220.8924,13.0,2.48,44.65910347489221,-42.179103474892216
64,2021-03-24,108.31094999999999,5.0,40.92,21.89785580451784,19.022144195482163
64,2021-03-25,103.84891999999999,9.0,25.419999999999998,20.99574120266611,4.424258797333888
64,2021-03-26,151.87159,12.0,42.160000000000004,30.70476418702683,11.455235812973175
64,2021-03-29,128.38632,7.0,41.54,25.95661032086493,15.58338967913507
64,2021-03-30,166.17721,11.0,38.44,33.59701473006266,4.842985269937337
64,2021-03-31,130.74039,8.0,38.44,26.43254636808583,12.007453631914167
64,2021-04-01,139.50746,9.0,40.92,28.205035988831607,12.714964011168394
64,2021-04-02,74.52637,7.0,22.32,15.067430429648565,7.252569570351435
64,2021-04-05,118.78615,6.0,0.0,24.01568801929839,-24.01568801929839
64,2021-04-06,176.73994,10.0,39.68,35.732543394911914,3.9474566050880853
64,2021-04-07,171.56151,10.0,0.0,34.68559003115886,-34.68559003115886
64,2021-04-08,94.53889799999999,8.0,24.8,19.113479812724567,5.686520187275434
64,2021-04-09,118.17154,8.0,3.72,23.891428734747613,-20.171428734747614
64,2021-04-13,0.341994,1.0,0.0,0.06914291951100304,-0.06914291951100304
64,2021-04-14,24.89313,3.0,16.74,5.032789124858725,11.707210875141273
64,2021-04-15,137.55707,10.0,38.44,27.810714279137677,10.62928572086232
64,2021-04-16,47.7697,1.0,11.78,9.657878565602793,2.122121434397206
64,2021-04-17,24.616799999999998,2.0,13.02,4.976921878800387,8.043078121199613
64,2021-04-18,0.0,0.0,1.24,0.0,1.24
64,2021-04-20,199.70396,10.0,45.26,40.3753131116586,4.884686888341399
64,2021-04-21,201.11969,10.0,11.16,40.661539494107735,-29.501539494107735
64,2021-04-22,94.91955,8.0,0.0,19.19043844532544,-19.19043844532544
64,2021-04-23,0.0,0.0,34.72,0.0,34.72
64,2021-04-28,114.84134,6.0,33.48,23.218142798282233,10.261857201717763
64,2021-04-30,181.56911,16.0,0.0,36.708884829600684,-36.708884829600684
64,2021-05-04,175.51434,12.0,42.16,35.484756702301276,6.675243297698721
64,2021-05-05,41.262,1.0,0.0,8.34217894133525,-8.34217894133525
64,2021-05-06,225.66288,16.0,3.72,45.62357921034035,-41.903579210340354
64,2021-05-07,31.6285,1.0,0.0,6.394518119480925,-6.394518119480925
64,2021-05-08,48.16384,2.0,5.58,9.73756414574767,-4.157564145747671
64,2021-05-10,15.0573,1.0,0.0,3.044222068086066,-3.044222068086066
64,2021-05-11,248.04431,16.0,46.5,50.148563312491696,-3.648563312491696
64,2021-05-12,234.22930000000002,17.0,3.72,47.35550225155583,-43.635502251555835
64,2021-05-13,248.75243,13.0,42.160000000000004,50.29172805855195,-8.13172805855195
64,2021-05-14,9.14705,2.0,9.92,1.8493123911914255,8.070687608808575
64,2021-05-19,163.99487,11.0,42.16,33.15579833747787,9.004201662522128
64,2021-05-20,110.62755,5.0,26.66,22.366216323530423,4.293783676469577
64,2021-05-23,121.41344,7.0,42.16,24.546862545758103,17.613137454241894
64,2021-05-24,210.237,12.0,39.059999999999995,42.50483917622749,-3.4448391762274966
64,2021-05-25,5.58592,2.0,0.0,1.1293379911779216,-1.1293379911779216
64,2021-06-01,78.05642,4.0,3.1,15.781121204983268,-12.681121204983269
64,2021-06-02,147.12796,8.0,3.72,29.745716872512602,-26.025716872512604
64,2021-06-04,0.0,0.0,38.44,0.0,38.44
64,2021-06-06,214.54241,14.0,3.72,43.37528900017723,-39.655289000177234
64,2021-06-07,125.43864,9.0,0.0,25.360660681443786,-25.360660681443786
64,2021-06-08,161.23587,12.0,43.4,32.59799523294721,10.802004767052786
64,2021-06-09,51.01226,3.0,33.48,10.313445812658584,23.16655418734141
64,2021-06-11,25.7444,1.0,0.0,5.20489534044184,-5.20489534044184
64,2021-06-14,26.6293,1.0,1.24,5.383800729060607,-4.143800729060607
64,2021-06-15,0.0,0.0,38.44,0.0,38.44
64,2021-06-16,141.076496,6.0,47.12,28.522257138494655,18.597742861505342
64,2021-06-17,0.0,0.0,1.24,0.0,1.24
64,2021-06-18,0.0,0.0,5.58,0.0,5.58
64,2021-06-20,227.10456,12.0,38.44,45.915052055479805,-7.475052055479807
64,2021-06-22,97.52597800000001,9.0,39.68,19.71739517969863,19.96260482030137
64,2021-06-23,116.14936,7.0,31.0,23.48259282248962,7.517407177510378
64,2021-06-25,13.7446,1.0,1.86,2.778825861011984,-0.9188258610119837
64,2021-06-27,259.047251,12.0,38.44,52.37309199997544,-13.933091999975446
64,2021-06-28,146.10233,10.0,3.72,29.53835927987042,-25.81835927987042
64,2021-07-01,26.77552,4.0,7.44,5.413362878369949,2.026637121630052
64,2021-07-03,33.2987,2.0,1.86,6.732192184427319,-4.872192184427319
64,2021-07-04,108.704,5.0,26.66,21.97732101301214,4.68267898698786
64,2021-07-07,70.24811,5.0,0.0,14.202469679380595,-14.202469679380595
64,2021-07-10,51.32043,5.0,0.0,10.375750337023648,-10.375750337023648
64,2021-07-12,28.5467,2.0,0.0,5.771452658247661,-5.771452658247661
64,2021-07-13,56.79765,3.0,24.8,11.483111815891862,13.316888184108139
64,2021-07-14,23.38219,2.0,0.0,4.727313581995532,-4.727313581995532
64,2021-07-15,121.97160000000001,5.0,20.46,24.659709004918973,-4.199709004918972
64,2021-07-20,55.73350000000001,3.0,25.42,11.267966410423833,14.152033589576169
64,2021-07-21,35.59104,3.0,0.0,7.195647917895897,-7.195647917895897
64,2021-07-22,36.42949,3.0,0.0,7.36516223938692,-7.36516223938692
64,2021-07-25,196.94101,15.0,46.5,39.81671141261439,6.683288587385611
64,2021-07-26,0.0,0.0,13.64,0.0,13.64
64,2021-07-27,200.80054,11.0,38.44,40.59701507917082,-2.157015079170826
64,2021-07-28,39.77221,3.0,15.5,8.04097941719653,7.45902058280347
64,2021-07-29,92.57085000000001,6.0,0.0,18.715588082291315,-18.715588082291315
64,2021-07-30,63.59394,4.0,39.06,12.857157361847158,26.202842638152845
64,2021-07-31,170.96646,12.0,2.48,34.565285305768874,-32.08528530576888
64,2021-08-01,146.61187,8.0,3.1,29.641375950360654,-26.541375950360653
64,2021-08-02,0.0,0.0,12.4,0.0,12.4
64,2021-08-03,32.6303,1.0,0.0,6.597057862184372,-6.597057862184372
64,2021-08-04,0.0,0.0,7.44,0.0,7.44
64,2021-08-05,178.17663,14.0,39.68,36.02300738267855,3.6569926173214498
64,2021-08-06,128.40379,8.0,1.86,25.960142332548923,-24.100142332548923
64,2021-08-08,184.32305,14.0,8.68,37.26566492445069,-28.58566492445069
64,2021-08-09,0.0,0.0,9.92,0.0,9.92
64,2021-08-10,2.18758,1.0,15.5,0.44227579391416233,15.057724206085839
64,2021-08-12,136.78603,11.0,39.059999999999995,27.654828630091895,11.4051713699081
64,2021-08-13,102.99865,10.0,32.86,20.82383716290921,12.036162837090789
64,2021-08-14,150.04484,11.0,0.0,30.33543949648628,-30.33543949648628
64,2021-08-15,199.77367,16.0,5.58,40.38940678850413,-34.809406788504134
64,2021-08-19,188.61873,12.0,4.34,38.134147577611344,-33.79414757761134
64,2021-08-20,168.0699,14.0,42.16,33.979670894583904,8.180329105416092
64,2021-08-21,160.40823,12.0,48.36,32.43066643213759,15.929333567862408
64,2021-08-22,63.85746,6.0,17.98,12.910434735571666,5.069565264428334
64,2021-08-24,102.21878000000001,5.0,44.64,20.66616630131794,23.97383369868206
64,2021-08-25,5.8072099999999995,2.0,0.0,1.1740774797613172,-1.1740774797613172
64,2021-08-26,122.75469000000001,9.0,38.44,24.81803087267066,13.621969127329336
64,2021-08-27,113.57625,7.0,4.34,22.962372182294306,-18.622372182294306
64,2021-08-28,141.3424,9.0,47.12,28.576016499388867,18.54398350061113
64,2021-08-29,181.48766,10.0,49.6,36.692417608555374,12.907582391444627
64,2021-08-30,42.5168,1.0,8.06,8.595869168071411,-0.5358691680714109
64,2021-08-31,36.6019,1.0,14.88,7.400019373584865,7.479980626415136
64,2021-09-02,195.28234,18.0,44.019999999999996,39.481368434944265,4.538631565055731
64,2021-09-03,142.24436,14.0,3.7199999999999998,28.758371007602882,-25.038371007602883
64,2021-09-04,210.51453,15.0,1.24,42.560949033277296,-41.320949033277294
64,2021-09-05,129.1239,16.0,3.72,26.105731166765512,-22.385731166765513
64,2021-09-06,27.9942,2.0,25.42,5.659750514263178,19.760249485736825
64,2021-09-07,70.715,3.0,14.26,14.296863550882707,-0.036863550882706875
64,2021-09-08,73.9829,6.0,21.08,14.957553933374816,6.122446066625182
64,2021-09-09,0.0,0.0,1.24,0.0,1.24
64,2021-09-10,8.003,1.0,9.3,1.6180131372087152,7.681986862791286
64,2021-09-12,41.10853,4.0,1.24,8.311151017285841,-7.071151017285841
64,2021-09-13,45.0229,1.0,7.44,9.102542006151975,-1.6625420061519742
64,2021-09-15,30.84857,2.0,0.0,6.236835127340079,-6.236835127340079
64,2021-09-18,143.36454,11.0,0.0,28.98484432461381,-28.98484432461381
64,2021-09-19,111.97957,11.0,6.2,22.63956208409133,-16.43956208409133
64,2021-09-21,33.6731,2.0,11.16,6.8078868137626865,4.352113186237314
64,2021-09-25,194.41433,17.0,45.26,39.305877796030295,5.954122203969703
64,2021-09-26,237.85407,13.0,6.82,48.088343121149734,-41.268343121149734
64,2021-09-28,35.1369,1.0,7.44,7.103831788178045,0.33616821182195533
64,2021-09-29,96.03102999999999,8.0,20.46,19.415152832648285,1.0448471673517155
64,2021-09-30,112.56343,11.0,5.58,22.757604461985956,-17.177604461985958
64,2021-10-01,242.57995,16.0,44.64,49.043801814748626,-4.4038018147486255
64,2021-10-02,200.85044,18.0,44.019999999999996,40.60710365289901,3.4128963471009826
64,2021-10-03,169.213333,15.0,46.5,34.210845406081845,12.289154593918155
64,2021-10-04,19.8048,1.0,3.1,4.004051803047752,-0.9040518030477522
64,2021-10-05,80.89074000000001,6.0,16.12,16.354152192744536,-0.23415219274453491
64,2021-10-07,176.30819,13.0,41.54,35.64525398194305,5.894746018056949
64,2021-10-08,141.0384,8.0,40.92,28.514555048219123,12.40544495178088
64,2021-10-09,164.3645,11.0,12.4,33.23052858812218,-20.830528588122185
64,2021-10-10,129.07258000000002,10.0,4.96,26.0953555033641,-21.1353555033641
64,2021-10-13,58.96264,3.0,13.02,11.9208204578918,1.0991795421081996
64,2021-10-14,41.774589999999996,3.0,0.0,8.445812248095441,-8.445812248095441
64,2021-10-15,122.21771,12.0,32.86,24.70946649750905,8.150533502490948
64,2021-10-16,124.80732,13.0,45.26,25.23302303883694,20.026976961163058
64,2021-10-17,128.458695,20.0,44.64,25.971242796287328,18.668757203712673
64,2021-10-18,55.63758,4.0,17.979999999999997,11.248573705173168,6.731426294826829
64,2021-10-19,212.30394,14.0,8.06,42.92272447846693,-34.86272447846693
64,2021-10-22,137.00313,14.0,42.78,27.698721001963442,15.08127899803656
64,2021-10-23,44.741479999999996,3.0,1.24,9.045645685138195,-7.805645685138195
64,2021-10-28,151.2381,12.0,31.0,30.576687822877094,0.4233121771229058
64,2021-10-29,150.18386,16.0,42.78,30.36354597984687,12.416454020153132
64,2021-10-30,170.47949,12.0,6.2,34.466831743676345,-28.266831743676345
64,2021-10-31,187.0935,10.0,42.16,37.82578294219152,4.334217057808473
64,2021-11-01,0.0,0.0,7.44,0.0,7.44
64,2021-11-02,2.12594,1.0,0.0,0.42981367598619213,-0.42981367598619213
64,2021-11-03,3.074984,2.0,0.0,0.6216874308017748,-0.6216874308017748
64,2021-11-04,108.7242,6.0,20.46,21.98140496470171,-1.5214049647017092
64,2021-11-05,81.55024999999999,7.0,22.32,16.487489171892417,5.8325108281075835
64,2021-11-06,72.40057,5.0,43.4,14.637645058278045,28.762354941721952
64,2021-11-07,110.49340000000001,5.0,31.62,22.339094436443517,9.280905563556484
64,2021-11-09,57.60443,5.0,0.0,11.646223228966615,-11.646223228966615
64,2021-11-10,91.1188,3.0,17.36,18.422018673833996,-1.0620186738339967
64,2021-11-12,174.079789,16.0,3.72,35.19472516862691,-31.47472516862691
64,2021-11-13,132.79089,12.0,44.019999999999996,26.84710789974227,17.172892100257727
64,2021-11-14,52.794160000000005,8.0,10.540000000000001,10.673702917393335,-0.13370291739333418
64,2021-11-15,71.7514,3.0,14.26,14.506398577173236,-0.24639857717323643
64,2021-11-18,60.820018000000005,7.0,35.96,12.296337389637703,23.663662610362298
64,2021-11-19,114.7464,12.0,42.78,23.198948225341258,19.581051774658743
64,2021-11-20,101.88317,11.0,8.06,20.5983140722815,-12.5383140722815
64,2021-11-21,114.73907,12.0,40.92,23.197466276535096,17.722533723464906
64,2021-11-23,44.3884,2.0,9.92,8.97426144441776,0.9457385555822402
64,2021-11-24,116.47034000000001,10.0,4.96,23.54748721918852,-18.587487219188517
64,2021-11-26,0.0,0.0,1.24,0.0,1.24
64,2021-11-29,6.75482,3.0,0.0,1.3656613144421057,-1.3656613144421057
64,2021-11-30,54.3793,2.0,0.0,10.994179906561774,-10.994179906561774
64,2021-12-03,115.75695,8.0,44.64,23.4032570065241,21.2367429934759
64,2021-12-04,46.859700000000004,2.0,5.58,9.473898563746,-3.8938985637459993
64,2021-12-05,68.317249,7.0,0.0,13.812096261396846,-13.812096261396846
64,2021-12-06,7.340310000000001,2.0,9.3,1.484033238933463,7.815966761066537
64,2021-12-07,8.26662,2.0,0.0,1.671310728515845,-1.671310728515845
64,2021-12-08,81.776776,6.0,0.0,16.533287253101882,-16.533287253101882
64,2021-12-09,153.95965,9.0,39.68,31.126919442715952,8.553080557284048
64,2021-12-10,78.13212,4.0,46.5,15.79642591502784,30.70357408497216
64,2021-12-11,190.847738,16.0,4.96,38.58479911165399,-33.62479911165399
64,2021-12-12,146.85116,11.0,9.3,29.68975460381594,-20.389754603815938
64,2021-12-16,199.665229,16.0,44.64,40.36748263973342,4.272517360266583
64,2021-12-17,135.82202,10.0,41.54,27.45992911186116,14.080070888138838
64,2021-12-18,178.11295,12.0,41.54,36.0101328260651,5.529867173934896
64,2021-12-19,158.41292,11.0,3.1,32.02726298433003,-28.927262984330028
64,2021-12-21,115.28975,10.0,25.42,23.308800460515865,2.1111995394841365
64,2021-12-22,110.95134,7.0,36.58,22.43167883430099,14.14832116569901
64,2021-12-23,114.9619,7.0,6.2,23.242517115890863,-17.042517115890863
64,2021-12-24,189.7447,11.0,53.94,38.36179149265606,15.578208507343938
64,2021-12-26,121.86639,10.0,27.18,24.638438086242758,2.541561913757242
64,2021-12-29,131.00914,11.0,50.22,26.486881121381455,23.733118878618544
64,2021-12-30,131.287505,14.0,9.3,26.543159795246144,-17.243159795246143
64,2021-12-31,165.84407,12.0,47.739999999999995,33.529661875316975,14.21033812468302
64,2022-01-02,100.32231,6.0,38.44,20.282745912173592,18.157254087826406
64,2022-01-06,155.18874,8.0,45.26,31.375411728960092,13.884588271039906
64,2022-01-07,182.678851,22.0,42.78,36.93324763316174,5.84675236683826
64,2022-01-08,224.858577,19.0,4.96,45.46096858678713,-40.50096858678713
64,2022-01-09,219.09355,17.0,11.16,44.2954194899031,-33.1354194899031
64,2022-01-11,131.360706,17.0,34.1,26.557959267900998,7.542040732099004
64,2022-01-14,60.09805,5.0,19.84,12.150372912736001,7.6896270872639985
64,2022-01-15,141.00835999999998,9.0,38.44,28.508481686399584,9.931518313600414
64,2022-01-16,260.73606,14.0,2.48,52.714528354871895,-50.2345283548719
64,2022-01-19,8.31778,1.0,0.0,1.681654043785069,-1.681654043785069
64,2022-01-20,130.11700000000002,5.0,44.019999999999996,26.306511979780883,17.713488020219113
64,2022-01-21,226.07849000000002,18.0,48.36,45.70760550547409,2.6523944945259075
64,2022-01-22,128.12,8.0,29.14,25.902766854827014,3.2372331451729863
64,2022-01-23,156.53750000000002,6.0,38.44,31.648098396327537,6.791901603672461
64,2022-01-27,115.703829,9.0,39.06,23.392517224459667,15.667482775540336
64,2022-01-28,199.56187,11.0,42.16,40.34658594851153,1.813414051488465
64,2022-01-29,176.516619,9.0,44.64,35.687393287225476,8.952606712774525
64,2022-01-30,191.48841,17.0,38.44,38.714327502587615,-0.2743275025876173
64,2022-02-01,168.12136,8.0,43.4,33.990074862601,9.409925137399
64,2022-02-02,132.0686,8.0,0.0,26.701078322224532,-26.701078322224532
64,2022-02-03,175.06681,11.0,44.64,35.39427695479471,9.245723045205288
64,2022-02-04,134.77676,13.0,0.0,27.248602807750352,-27.248602807750352
64,2022-02-05,180.07394,8.0,6.2,36.40659759951692,-30.206597599516922
64,2022-02-06,240.43314,11.0,50.839999999999996,48.609768729269305,2.230231270730691
64,2022-02-09,38.388329999999996,3.0,0.0,7.761192334812374,-7.761192334812374
64,2022-02-11,84.34534,5.0,17.98,17.052588801991217,0.9274111980087838
64,2022-02-12,156.05499,9.0,0.0,31.550546538419926,-31.550546538419926
64,2022-02-13,161.05624,17.0,3.72,32.56167838928399,-28.84167838928399
64,2022-02-16,36.78228,2.0,0.0,7.436487849117753,-7.436487849117753
64,2022-02-17,65.75929000000001,5.0,16.74,13.294938787144533,3.4450612128554656
64,2022-02-20,130.55804,9.0,26.04,26.3956796061753,-0.3556796061753005
64,2022-02-21,72.83024,3.0,32.24,14.724513945528384,17.515486054471616
64,2022-02-22,24.9794,1.0,17.36,5.050230833386402,12.309769166613599
64,2022-02-23,107.3912,6.0,35.34,21.711904588355438,13.628095411644566
64,2022-02-24,182.6695,10.0,2.48,36.931357087010795,-34.4513570870108
64,2022-02-25,129.91365,12.0,44.64,26.2653995255198,18.3746004744802
64,2022-02-26,196.14022,15.0,43.4,39.65481103273867,3.7451889672613277
64,2022-02-27,183.91977,11.0,53.32,37.184131457254196,16.135868542745804
64,2022-02-28,13.1067,1.0,4.34,2.6498579014686325,1.6901420985313673
64,2022-03-02,27.800900000000002,2.0,5.58,5.620669927055576,-0.040669927055575705
64,2022-03-03,160.12257,12.0,39.68,32.37291288562065,7.30708711437935
64,2022-03-04,0.0,0.0,7.4399999999999995,0.0,7.4399999999999995
64,2022-03-05,170.75923,15.0,9.3,34.52338840930208,-25.22338840930208
64,2022-03-06,143.15044,7.0,44.019999999999996,28.94155848022091,15.078441519779087
64,2022-03-08,240.1128,9.0,1.24,48.545003725099185,-47.30500372509918
64,2022-03-09,167.99133,12.0,43.4,33.9637859399181,9.436214060081902
64,2022-03-10,176.41628,9.0,44.64,35.66710716699876,8.97289283300124
64,2022-03-11,38.20277,3.0,10.54,7.723676588499686,2.8163234115003135
64,2022-03-12,199.11767,15.0,3.7199999999999998,40.256779446506265,-36.536779446506266
64,2022-03-13,251.6886,13.0,48.36,50.88535065421335,-2.525350654213348
64,2022-03-15,299.66733,13.0,0.0,60.585490032770124,-60.585490032770124
64,2022-03-16,238.171,10.0,0.0,48.15241870575245,-48.15241870575245
64,2022-03-17,127.54562,10.0,0.0,25.786641103764918,-25.786641103764918
64,2022-03-18,263.392392,15.0,48.36,53.25157447167658,-4.891574471676577
64,2022-03-19,97.93257,8.0,9.92,19.79959825323155,-9.879598253231551
64,2022-03-20,180.11301,11.0,8.68,36.41449660904719,-27.73449660904719
64,2022-03-22,205.43026,16.0,0.0,41.53303254532076,-41.53303254532076
64,2022-03-23,3.25581,1.0,0.0,0.6582460767531558,-0.6582460767531558
64,2022-03-24,240.04352,10.0,0.0,48.53099698385892,-48.53099698385892
64,2022-03-25,131.24415,9.0,0.0,26.534394462300533,-26.534394462300533
64,2022-03-26,68.32454,5.0,0.0,13.813570325345788,-13.813570325345788
64,2022-03-27,44.83599,4.0,0.0,9.064753322473894,-9.064753322473894
64,2022-03-29,122.19008,7.0,0.0,24.703880379430696,-24.703880379430696
64,2022-03-30,257.46171,12.0,0.0,52.052533938300684,-52.052533938300684
64,2022-03-31,128.35699,8.0,0.0,25.950680503882,-25.950680503882
64,2022-04-01,205.52116999999998,9.0,0.0,41.551412349682074,-41.551412349682074
64,2022-04-05,6.10313,2.0,0.0,1.2339053502552324,-1.2339053502552324
64,2022-04-06,28.6338,1.0,0.0,5.7890621727110965,-5.7890621727110965
64,2022-04-08,199.26054,7.0,0.0,40.285664306797784,-40.285664306797784
64,2022-04-09,96.62962,7.0,26.04,19.536173260463077,6.5038267395369225
64,2022-04-10,153.13843,11.0,0.0,30.960888610710636,-30.960888610710636
64,2022-04-11,0.0,0.0,1.24,0.0,1.24
64,2022-04-13,71.58475,4.0,0.0,14.472705975734296,-14.472705975734296
64,2022-04-14,9.93731,1.0,1.24,2.009083859617086,-0.7690838596170859
64,2022-04-16,42.287890000000004,3.0,0.0,8.549589099692248,-8.549589099692248
64,2022-04-17,70.8084,4.0,0.0,14.315746773051305,-14.315746773051305
64,2022-04-18,0.0,0.0,1.24,0.0,1.24
64,2022-04-20,5.36138,2.0,0.0,1.0839414311593227,-1.0839414311593227
64,2022-04-21,0.0,0.0,5.58,0.0,5.58
64,2022-04-23,18.1919,1.0,0.0,3.677962412943549,-3.677962412943549
64,2022-04-24,0.0,0.0,14.26,0.0,14.26
64,2022-04-25,0.0,0.0,1.24,0.0,1.24
64,2022-04-30,152.71457,11.0,0.0,30.875194365010614,-30.875194365010614
64,2022-05-01,92.98383,9.0,0.0,18.799082655002103,-18.799082655002103
64,2022-05-02,23.70562,4.0,0.0,4.792703309468656,-4.792703309468656
64,2022-05-05,59.6368,2.0,0.0,12.057119312893752,-12.057119312893752
64,2022-05-06,98.833394,6.0,1.24,19.981723089706986,-18.741723089706987
64,2022-05-07,155.061127,11.0,0.0,31.349611465249158,-31.349611465249158
64,2022-05-08,148.4903,13.0,0.0,30.021149087600058,-30.021149087600058
64,2022-05-11,154.41672,8.0,0.0,31.219327947604615,-31.219327947604615
64,2022-05-12,19.856450000000002,4.0,0.0,4.014494184471823,-4.014494184471823
64,2022-05-13,159.21208000000001,9.0,0.0,32.188833817609016,-32.188833817609016
64,2022-05-14,145.01518,9.0,1.24,29.318563830399412,-28.078563830399414
64,2022-05-15,178.906146,13.0,0.0,36.17049788271653,-36.17049788271653
64,2022-05-18,233.69144,13.0,0.0,47.24675996166715,-47.24675996166715
64,2022-05-19,150.17155,8.0,0.0,30.36105719542614,-30.36105719542614
64,2022-05-20,96.80231,6.0,0.0,19.571087003892362,-19.571087003892362
64,2022-05-21,133.32948199999998,14.0,0.0,26.955998182335733,-26.955998182335733
64,2022-05-22,154.557951,9.0,0.0,31.247881441716967,-31.247881441716967
64,2022-05-24,107.43155,7.0,0.0,21.720062382943265,-21.720062382943265
64,2022-05-25,45.4478,6.0,0.0,9.188446514711265,-9.188446514711265
64,2022-05-26,89.74067,7.0,19.84,18.143394102450582,1.6966058975494178
64,2022-05-27,154.96514,13.0,0.0,31.330205214218136,-31.330205214218136
64,2022-05-28,320.985,16.0,0.0,64.89540757802567,-64.89540757802567
64,2022-05-29,98.40086,12.0,0.0,19.89427517089036,-19.89427517089036
64,2022-05-30,119.27727,10.0,0.0,24.11498061106972,-24.11498061106972
64,2022-06-01,177.36538000000002,10.0,0.0,35.858992243660616,-35.858992243660616
64,2022-06-03,29.30642,4.0,0.0,5.925049676940676,-5.925049676940676
64,2022-06-04,103.12086,7.0,0.0,20.8485450706311,-20.8485450706311
64,2022-06-05,102.732647,7.0,0.0,20.77005778660821,-20.77005778660821
64,2022-06-09,6.00644,2.0,0.0,1.2143569696183825,-1.2143569696183825
64,2022-06-10,9.31141,1.0,1.86,1.8825420099883297,-0.02254200998832956
64,2022-06-11,150.64155,14.0,0.0,30.456079833747783,-30.456079833747783
64,2022-06-12,45.1486,2.0,0.0,9.127955507507359,-9.127955507507359
64,2022-06-18,222.5847,12.0,0.0,45.00124562559799,-45.00124562559799
64,2022-06-19,170.33804,8.0,0.0,34.438233973058054,-34.438233973058054
64,2022-06-22,5.75822,2.0,0.0,1.1641728860349827,-1.1641728860349827
64,2022-06-23,90.59561,7.0,0.0,18.31624230331591,-18.31624230331591
64,2022-06-24,34.32781,5.0,0.0,6.940253348944734,-6.940253348944734
64,2022-06-25,86.24417,7.0,0.0,17.436486326085436,-17.436486326085436
64,2022-06-26,7.57234,1.0,0.0,1.5309440958904212,-1.5309440958904212
64,2022-06-27,156.51859,6.0,1.24,31.64427525145378,-30.404275251453782
64,2022-06-30,128.124157,9.0,0.0,25.903607299736592,-25.903607299736592
64,2022-07-02,31.9719,2.0,0.0,6.463945298203589,-6.463945298203589
64,2022-07-07,28.12448,3.0,0.0,5.686089980902632,-5.686089980902632
64,2022-07-08,137.61324,15.0,0.0,27.82207049529624,-27.82207049529624
64,2022-07-09,101.32594,7.0,26.66,20.485655636639017,6.174344363360984
64,2022-07-13,52.753299999999996,5.0,0.0,10.665442013134138,-10.665442013134138
64,2022-07-14,127.62459999999999,3.0,0.0,25.802608950519474,-25.802608950519474
64,2022-07-15,159.550108,18.0,0.0,32.25717490779324,-32.25717490779324
64,2022-07-16,102.18743,5.0,33.48,20.65982808916606,12.820171910833938
64,2022-07-17,0.0,0.0,4.34,0.0,4.34
64,2022-07-21,77.15093999999999,5.0,0.0,15.598055037860968,-15.598055037860968
64,2022-07-22,0.0,0.0,1.24,0.0,1.24
64,2022-07-23,69.96958000000001,6.0,0.0,14.146157646504584,-14.146157646504584
64,2022-07-28,74.2231,4.0,0.0,15.006116566831961,-15.006116566831961
64,2022-07-29,190.18193,11.0,0.0,38.4501888291526,-38.4501888291526
64,2022-07-30,145.19216,9.0,0.0,29.354344908123167,-29.354344908123167
64,2022-08-04,72.6796,4.0,0.0,14.694058179067165,-14.694058179067165
64,2022-08-05,73.22834999999999,8.0,0.0,14.805002163703337,-14.805002163703337
64,2022-08-07,28.1363,2.0,0.0,5.688479699168508,-5.688479699168508
64,2022-08-09,57.24977,5.0,0.0,11.574519550440757,-11.574519550440757
64,2022-08-10,169.445,8.0,0.0,34.25768287321389,-34.25768287321389
64,2022-08-11,172.19445000000002,10.0,0.0,34.813555198604185,-34.813555198604185
64,2022-08-12,91.46344,9.0,0.0,18.491696550581167,-18.491696550581167
64,2022-08-13,17.62971,2.0,0.0,3.5643011852030306,-3.5643011852030306
64,2022-08-14,0.0,0.0,1.24,0.0,1.24
64,2022-08-16,213.18167,10.0,38.44,43.100180266411726,-4.660180266411729
64,2022-08-17,28.9305,1.0,0.0,5.8490477403494605,-5.8490477403494605
64,2022-08-18,104.65859999999999,4.0,26.04,21.159438925636888,4.880561074363111
64,2022-08-19,143.82409,8.0,0.0,29.077754225551494,-29.077754225551494
64,2022-08-20,183.51076,13.0,0.0,37.101439522573486,-37.101439522573486
64,2022-08-23,119.71592,11.0,0.0,24.203665037239478,-24.203665037239478
64,2022-08-24,193.31513999999999,15.0,0.0,39.08364814961164,-39.08364814961164
64,2022-08-25,95.6686,5.0,0.0,19.341878247952728,-19.341878247952728
64,2022-08-31,5.83278,2.0,0.0,1.179247115637667,-1.179247115637667
64,2022-09-02,81.52014,3.0,16.12,16.481401657765044,-0.3614016577650432
64,2022-09-03,45.29554,6.0,8.06,9.157663223411577,-1.0976632234115762
64,2022-09-08,23.24244,2.0,0.0,4.69905951028181,-4.69905951028181
64,2022-09-09,34.718650000000004,6.0,0.0,7.019271748863097,-7.019271748863097
64,2022-09-10,0.0,0.0,13.02,0.0,13.02
64,2022-09-14,145.99042,19.0,32.86,29.51573378315856,3.34426621684144
64,2022-09-15,116.00249,11.0,33.48,23.45289925889324,10.027100741106757
64,2022-09-16,153.77555999999998,14.0,29.76,31.089700894867796,-1.3297008948677949
64,2022-09-21,164.17967,19.0,32.24,33.193160430162635,-0.9531604301626331
64,2022-09-22,162.00116,15.0,0.0,32.752718370992255,-32.752718370992255
64,2022-09-23,202.87578299999998,19.0,38.44,41.01657904729532,-2.5765790472953256
64,2022-09-28,170.67853,15.0,37.2,34.507072820126425,2.6929271798735783
64,2022-09-29,156.5674,14.0,35.34,31.654143453531397,3.6858565464686066
64,2022-09-30,211.08071999999999,18.0,38.44,42.675418964322674,-4.235418964322676
64,2022-10-05,182.38926999999998,15.0,39.68,36.87470135523021,2.805298644769792
64,2022-10-06,163.49574,13.0,30.38,33.05488631733855,-2.674886317338551
64,2022-10-07,190.47432,16.0,38.44,38.50930301897997,-0.06930301897997282
64,2022-10-08,22.75575,2.0,0.0,4.60066255742062,-4.60066255742062
64,2022-10-12,152.85464000000002,16.0,30.38,30.903513132988728,-0.5235131329887288
64,2022-10-13,173.506195,17.0,0.0,35.07875832776422,-35.07875832776422
64,2022-10-14,205.848442,20.0,0.0,41.61757883667953,-41.61757883667953
64,2022-10-16,41.855199999999996,2.0,0.0,8.462109641446734,-8.462109641446734
64,2022-10-19,151.495594,15.0,0.0,30.628746885072825,-30.628746885072825
64,2022-10-20,201.80274,16.0,0.0,40.79963569220475,-40.79963569220475
64,2022-10-21,220.665815,19.0,38.44,44.613293465309006,-6.173293465309008
64,2022-10-23,235.93923,17.0,38.44,47.7012087620778,-9.2612087620778
64,2022-10-26,159.3668,17.0,0.0,32.22011446144119,-32.22011446144119
64,2022-10-27,182.02348,15.0,0.0,36.80074745975857,-36.80074745975857
64,2022-10-28,189.77746000000002,17.0,1.24,38.368414772722915,-37.12841477272291
64,2022-11-02,156.76634,11.0,28.52,31.694364312398864,-3.1743643123988647
64,2022-11-03,99.61284,8.0,0.0,20.139308228747943,-20.139308228747943
64,2022-11-04,133.78621,16.0,0.0,27.04833754309184,-27.04833754309184
64,2022-11-14,0.0,0.0,1.24,0.0,1.24
64,2022-11-17,109.03527,8.0,0.0,22.0442957989628,-22.0442957989628
64,2022-11-18,131.076505,14.0,0.0,26.50050069591451,-26.50050069591451
64,2022-11-19,116.97237,11.0,34.1,23.648985549223866,10.451014450776135
64,2022-11-20,77.13132,12.0,0.0,15.594088348150608,-15.594088348150608
64,2022-11-23,151.07389999999998,4.0,0.0,30.54349055221238,-30.54349055221238
64,2022-11-25,128.34622,11.0,0.0,25.948503070233652,-25.948503070233652
64,2022-11-26,140.3786,7.0,29.14,28.38115943808164,0.7588405619183618
64,2022-11-30,106.68336000000001,5.0,34.72,21.568796451526524,13.151203548473475
64,2022-12-01,78.043574,6.0,21.7,15.778524054319695,5.921475945680305
64,2022-12-02,111.31543,7.0,0.0,22.505289030868067,-22.505289030868067
64,2022-12-03,59.04072,4.0,0.0,11.936606346402765,-11.936606346402765
64,2022-12-07,140.955031,10.0,32.86,28.497699851763297,4.362300148236702
64,2022-12-08,54.8189,2.0,0.0,11.083056399766441,-11.083056399766441
64,2022-12-09,78.553513,8.0,0.0,15.881621392964586,-15.881621392964586
64,2022-12-10,23.930310000000002,3.0,0.0,4.838130195861188,-4.838130195861188
64,2022-12-13,8.16487,3.0,0.0,1.6507393381983408,-1.6507393381983408
64,2022-12-14,39.2387,2.0,0.0,7.933116592151895,-7.933116592151895
64,2022-12-15,34.26689,3.0,0.0,6.927936797611639,-6.927936797611639
64,2022-12-19,28.027829999999998,2.0,0.0,5.66654968729883,-5.66654968729883
64,2022-12-21,24.1826,1.0,0.0,4.889137135057288,-4.889137135057288
64,2022-12-22,95.79722,5.0,0.0,19.367882102720664,-19.367882102720664
64,2022-12-23,105.49264,5.0,0.0,21.3280616517343,-21.3280616517343
64,2022-12-26,55.6495,1.0,0.0,11.250983641021666,-11.250983641021666
64,2022-12-28,126.85979999999999,6.0,0.0,25.64798487862928,-25.64798487862928
64,2022-12-30,210.56402,14.0,0.0,42.57095471491674,-42.57095471491674
64,2022-12-31,191.59576,12.0,4.34,38.73603107753193,-34.39603107753193
64,2023-01-02,54.758250000000004,4.0,15.5,11.070794435906427,4.429205564093573
64,2023-01-07,4.19161,1.0,0.0,0.8474422149263304,-0.8474422149263304
64,2023-01-12,62.22515,7.0,0.0,12.580421112680604,-12.580421112680604
64,2023-01-13,190.29303,15.0,3.72,38.47265056344522,-34.75265056344522
64,2023-01-14,229.26434,18.0,2.48,46.351707361425156,-43.87170736142516
64,2023-01-15,182.3794,13.0,0.0,36.87270587982546,-36.87270587982546
64,2023-01-16,18.80158,2.0,0.0,3.8012249706710777,-3.8012249706710777
64,2023-01-17,29.5508,1.0,0.0,5.974457405351405,-5.974457405351405
64,2023-01-18,69.45303,9.0,0.0,14.041723723472574,-14.041723723472574
64,2023-01-19,148.48116000000002,9.0,0.0,30.019301200548444,-30.019301200548444
64,2023-01-20,98.15267,8.0,31.62,19.84409715258175,11.775902847418251
64,2023-01-21,113.73583,5.0,0.0,22.994635400641897,-22.994635400641897
64,2023-01-22,156.50991,9.0,0.0,31.642520365282223,-31.642520365282223
64,2023-01-23,211.477712,16.0,0.0,42.75568114992392,-42.75568114992392
64,2023-01-24,35.75682,4.0,50.839999999999996,7.229164626366028,43.61083537363397
64,2023-01-25,132.5944,6.0,0.0,26.80738237164904,-26.80738237164904
64,2023-01-26,21.1936,2.0,38.44,4.284833590496892,34.1551664095031
64,2023-01-28,139.64584,9.0,0.0,28.233013079663408,-28.233013079663408
64,2023-01-29,57.01881,6.0,0.0,11.52782502161785,-11.52782502161785
64,2023-02-07,110.91725,5.0,0.0,22.424786660385273,-22.424786660385273
64,2023-02-11,19.1276,1.0,0.0,3.8671383335341023,-3.8671383335341023
64,2023-02-13,68.15817,4.0,0.0,13.77993433313819,-13.77993433313819
64,2023-02-15,39.107094000000004,5.0,0.0,7.9065090403668785,-7.9065090403668785
64,2023-02-16,91.81929,9.0,0.0,18.56364081834022,-18.56364081834022
64,2023-02-17,66.0207,5.0,21.7,13.347789569875724,8.352210430124275
64,2023-02-18,183.135251,16.0,0.0,37.02552068024684,-37.02552068024684
64,2023-02-19,5.61217,1.0,0.0,1.1346451066160983,-1.1346451066160983
64,2023-02-20,1.84083,1.0,0.0,0.37217132617367477,-0.37217132617367477
64,2023-02-21,209.23478,11.0,1.24,42.30221451967704,-41.062214519677035
64,2023-02-22,87.49748,9.0,0.0,17.689875310840534,-17.689875310840534
64,2023-02-23,16.28912,3.0,11.16,3.2932662943357776,7.866733705664222
64,2023-02-24,99.35013,8.0,0.0,20.08619461744267,-20.08619461744267
64,2023-02-25,208.959573,14.0,0.0,42.24657431707154,-42.24657431707154
64,2023-02-26,123.782789,11.0,0.0,25.02588763742777,-25.02588763742777
64,2023-02-28,193.46169,10.0,0.0,39.113277016943634,-39.113277016943634
64,2023-03-02,157.37667,12.0,0.0,31.81775828441343,-31.81775828441343
64,2023-03-03,70.26982,5.0,0.0,14.20685891656775,-14.20685891656775
64,2023-03-04,112.15477,11.0,0.0,22.67498328884442,-22.67498328884442
64,2023-03-07,197.0394,9.0,0.62,39.8366034921558,-39.216603492155805
64,2023-03-08,72.48648,6.0,0.0,14.655013983508283,-14.655013983508283
64,2023-03-10,67.4685,5.0,0.0,13.640499731071623,-13.640499731071623
64,2023-03-11,200.66494,14.0,0.0,40.5696000371359,-40.5696000371359
64,2023-03-12,239.315777,16.0,0.0,48.38386494156082,-48.38386494156082
64,2023-03-14,224.30704,14.0,3.1,45.349461138123296,-42.249461138123294
64,2023-03-15,99.87896,11.0,0.0,20.193111259620615,-20.193111259620615
64,2023-03-16,134.56787,9.0,38.44,27.206370299412036,11.233629700587962
64,2023-03-17,191.75764,12.0,3.1,38.76875930027982,-35.66875930027982
64,2023-03-19,48.45037,4.0,0.0,9.795493585233414,-9.795493585233414
64,2023-03-21,33.163365999999996,7.0,0.0,6.704830921162168,-6.704830921162168
64,2023-03-22,110.99649099999999,10.0,0.0,22.440807275030476,-22.440807275030476
64,2023-03-23,180.37708999999998,14.0,0.0,36.467887201234376,-36.467887201234376
64,2023-03-24,177.48072000000002,9.0,0.0,35.8823112034564,-35.8823112034564
64,2023-03-26,76.86659,5.0,0.0,15.540566341676378,-15.540566341676378
64,2023-03-27,149.83301,5.0,0.0,30.29261259121889,-30.29261259121889
64,2023-03-28,184.18246,11.0,3.1,37.23724102504294,-34.13724102504294
64,2023-03-29,161.86087,12.0,0.0,32.72435512433238,-32.72435512433238
64,2023-03-30,106.278443,10.0,0.0,21.48693202250251,-21.48693202250251
64,2023-03-31,166.09608,14.0,5.58,33.58061220528173,-28.000612205281733
64,2023-04-01,252.7827,13.0,38.44,51.106551225676554,-12.666551225676557
64,2023-04-02,14.4847,1.0,0.0,2.9284561899946366,-2.9284561899946366
64,2023-04-03,36.118700000000004,2.0,0.0,7.302328014357169,-7.302328014357169
64,2023-04-04,102.71829,9.0,0.0,20.76715514827122,-20.76715514827122
64,2023-04-05,164.69949,11.0,0.0,33.29825546814637,-33.29825546814637
64,2023-04-06,215.50329,13.0,0.0,43.56955570807191,-43.56955570807191
64,2023-04-07,51.762950000000004,5.0,0.0,10.465217183640869,-10.465217183640869
64,2023-04-12,205.148998,15.0,0.0,41.47616816808752,-41.47616816808752
64,2023-04-13,70.272684,7.0,0.0,14.207437948134034,-14.207437948134034
64,2023-04-14,192.331941,18.0,0.0,38.88486907945164,-38.88486907945164
64,2023-04-15,93.470701,10.0,0.0,18.897516201687843,-18.897516201687843
64,2023-04-19,77.34779999999999,8.0,0.0,15.637855371009902,-15.637855371009902
64,2023-04-20,183.21918,10.0,1.24,37.042489095165344,-35.80248909516534
64,2023-04-21,161.68626,14.0,0.0,32.68905320331675,-32.68905320331675
64,2023-04-22,104.65968,9.0,0.0,21.159657275529202,-21.159657275529202
64,2023-04-23,18.465,1.0,0.0,3.7331766310832095,-3.7331766310832095
64,2023-04-24,118.66913,10.0,0.0,23.99202940411456,-23.99202940411456
64,2023-04-25,117.7254,12.0,1.24,23.801230011639493,-22.561230011639495
64,2023-04-26,116.88215,11.0,0.0,23.630745246182634,-23.630745246182634
64,2023-04-27,129.38594,12.0,0.0,26.158709320267224,-26.158709320267224
64,2023-04-30,36.66123,4.0,0.0,7.412014465354275,-7.412014465354275
64,2023-05-01,245.63386,15.0,0.0,49.66122859218872,-49.66122859218872
64,2023-05-02,114.25907,7.0,5.58,23.10042187995129,-17.520421879951293
64,2023-05-03,226.2099,17.0,4.34,45.73417343079717,-41.39417343079717
64,2023-05-04,110.30369,8.0,0.0,22.300739660452027,-22.300739660452027
64,2023-05-05,106.59004999999999,5.0,0.0,21.54993142518228,-21.54993142518228
64,2023-05-07,126.5042,3.0,23.56,25.57609115482678,-2.016091154826782
64,2023-05-08,86.01692,5.0,19.22,17.390541869577792,1.829458130422207
64,2023-05-09,155.63172,11.0,34.72,31.46497157645737,3.2550284235426297
64,2023-05-11,45.54809,3.0,38.44,9.208722728322492,29.231277271677506
64,2023-05-12,138.96161999999998,7.0,0.0,28.09468033584972,-28.09468033584972
64,2023-05-13,151.02673000000001,8.0,0.0,30.533953918489765,-30.533953918489765
64,2023-05-14,200.78199999999998,6.0,0.0,40.59326673935277,-40.59326673935277
64,2023-05-15,129.51453,5.0,23.56,26.18470710976037,-2.6247071097603722
64,2023-05-16,149.04923,12.0,0.0,30.13415122214711,-30.13415122214711
64,2023-05-17,119.45988,7.0,0.0,24.15189993869507,-24.15189993869507
64,2023-05-18,182.791642,13.0,0.0,36.9560512467765,-36.9560512467765
64,2023-05-19,91.81601,7.0,0.0,18.562977681630233,-18.562977681630233
64,2023-05-20,189.39170000000001,5.0,4.34,38.29042342600173,-33.950423426001734
64,2023-05-21,236.62365,9.0,0.0,47.83958194105673,-47.83958194105673
64,2023-05-23,144.73013699999998,9.0,19.84,29.26093502636725,-9.42093502636725
64,2023-05-24,132.26559,12.0,0.0,26.74090493823087,-26.74090493823087
64,2023-05-25,217.53207,11.0,0.0,43.97972598078294,-43.97972598078294
64,2023-05-26,200.8983,8.0,2.48,40.616779787941724,-38.13677978794173
64,2023-05-27,163.15348,9.0,0.0,32.98568961905777,-32.98568961905777
64,2023-05-28,137.52521,6.0,0.0,27.804272957314424,-27.804272957314424
64,2023-05-30,92.75971100000001,6.0,0.0,18.753771211006345,-18.753771211006345
64,2023-05-31,132.27089,8.0,0.0,26.74197647010982,-26.74197647010982
64,2023-06-01,125.49687,10.0,1.24,25.37243337980436,-24.13243337980436
64,2023-06-02,96.031148,11.0,0.0,19.415176689395782,-19.415176689395782
64,2023-06-03,106.6718,10.0,0.0,21.566459298975463,-21.566459298975463
64,2023-06-05,55.04139,3.0,0.0,11.128038499341297,-11.128038499341297
64,2023-06-07,35.466499999999996,4.0,11.16,7.170468940498924,3.9895310595010764
64,2023-06-08,101.47805000000001,5.0,0.0,20.516408601564773,-20.516408601564773
64,2023-06-09,159.05423,8.0,5.58,32.156920363440776,-26.576920363440777
64,2023-06-10,76.9211,3.0,32.86,15.551586945963425,17.308413054036574
64,2023-06-11,96.28049999999999,3.0,11.16,19.465589636014453,-8.305589636014453
64,2023-06-12,29.3787,2.0,5.58,5.939662945659587,-0.35966294565958723
64,2023-06-13,78.12848,5.0,0.0,15.79568999502041,-15.79568999502041
64,2023-06-14,88.74992,8.0,0.0,17.943088402626827,-17.943088402626827
64,2023-06-15,52.20774,3.0,0.0,10.555142969383597,-10.555142969383597
64,2023-06-16,121.82788,4.0,3.1,24.630652295175167,-21.530652295175166
64,2023-06-18,163.94665,5.0,0.0,33.146049419137725,-33.146049419137725
64,2023-06-20,105.65007,6.0,10.54,21.359890192055524,-10.819890192055524
64,2023-06-21,52.09311,3.0,0.0,10.531967554424428,-10.531967554424428
64,2023-06-22,74.39316,7.0,0.0,15.040498587838297,-15.040498587838297
64,2023-06-23,172.459495,16.0,0.0,34.867140890463666,-34.867140890463666
64,2023-06-28,3.71232,1.0,0.0,0.75054136317914,-0.75054136317914
64,2023-06-29,58.26006,3.0,0.0,11.778775765908781,-11.778775765908781
64,2023-06-30,82.6511,3.0,5.58,16.710054430182584,-11.130054430182584
64,2023-07-14,0.0,0.0,6.82,0.0,6.82
64,2023-07-19,143.91254,8.0,0.0,29.095636677380323,-29.095636677380323
64,2023-07-20,40.981170000000006,2.0,0.0,8.285401904058938,-8.285401904058938
64,2023-07-21,86.41290000000001,2.0,0.0,17.470599453242908,-17.470599453242908
64,2023-07-22,27.78998,2.0,15.5,5.618462167033294,9.881537832966707
64,2023-07-23,36.1909,2.0,0.0,7.316925109009982,-7.316925109009982
64,2023-07-25,119.67663,8.0,0.0,24.195721549027443,-24.195721549027443
64,2023-07-26,122.6225,6.0,0.0,24.791305250203134,-24.791305250203134
64,2023-07-27,147.84066,10.0,0.0,29.889807583856932,-29.889807583856932
64,2023-07-28,64.32634,8.0,0.0,13.005230936967944,-13.005230936967944
64,2023-08-01,131.95892,12.0,0.0,26.67890367760513,-26.67890367760513
64,2023-08-02,145.604163,13.0,0.0,29.437641955051745,-29.437641955051745
64,2023-08-03,147.59027,10.0,0.0,29.83918477873064,-29.83918477873064
64,2023-08-04,158.50687,10.0,0.0,32.04625740320304,-32.04625740320304
64,2023-08-09,102.7889,6.0,5.58,20.781430783360353,-15.201430783360353
64,2023-08-10,97.01861,7.0,0.0,19.614817635102938,-19.614817635102938
64,2023-08-11,64.72119,8.0,0.0,13.085060061949436,-13.085060061949436
64,2023-08-13,36.58599,3.0,0.0,7.396802756189764,-7.396802756189764
64,2023-08-15,90.759287,8.0,0.0,18.34933383602351,-18.34933383602351
64,2023-08-16,122.59458,10.0,0.0,24.785660501135172,-24.785660501135172
64,2023-08-17,89.65552,5.0,6.82,18.126178830848268,-11.306178830848268
64,2023-08-18,126.62863,7.0,0.0,25.60124789288287,-25.60124789288287
64,2023-08-22,125.45362999999999,8.0,0.0,25.363691297078766,-25.363691297078766
64,2023-08-23,181.02861,12.0,0.0,36.5996087955308,-36.5996087955308
64,2023-08-24,127.474497,11.0,8.68,25.77226175247694,-17.09226175247694
64,2023-08-25,95.85566,7.0,0.0,19.379697258004743,-19.379697258004743
64,2023-08-27,168.547147,15.0,10.54,34.07615870111814,-23.53615870111814
64,2023-08-30,115.73433399999999,10.0,15.5,23.39868459803839,-7.89868459803839
64,2023-08-31,69.37398300000001,7.0,0.0,14.025742330937659,-14.025742330937659
64,2023-09-01,186.99221,12.0,0.0,37.80530455275407,-37.80530455275407
64,2023-09-04,131.24421999999998,12.0,4.96,26.534408614608367,-21.574408614608366
64,2023-09-06,44.975680000000004,4.0,0.0,9.092995263638045,-9.092995263638045
64,2023-09-07,51.52461,7.0,0.0,10.417030597220485,-10.417030597220485
64,2023-09-08,120.69475,8.0,27.28,24.40156080121474,2.878439198785262
64,2023-09-13,92.12939,6.0,11.78,18.626335542049883,-6.846335542049884
64,2023-09-14,242.83083,16.0,2.48,49.09452368602976,-46.61452368602976
64,2023-09-15,51.0325,6.0,0.0,10.317537851381202,-10.317537851381202
64,2023-09-16,46.97792,4.0,0.0,9.497799789921284,-9.497799789921284
64,2023-09-19,69.201077,6.0,0.0,13.990784917529908,-13.990784917529908
64,2023-09-20,148.70311,15.0,0.0,30.064174125177143,-30.064174125177143
64,2023-09-21,147.41333,7.0,9.3,29.803411788039934,-20.503411788039934
64,2023-09-22,130.23635000000002,9.0,16.74,26.330641664639792,-9.590641664639794
64,2023-09-23,46.43306,3.0,0.0,9.387642269249094,-9.387642269249094
64,2023-09-26,96.15603,6.0,15.5,19.440424810925318,-3.940424810925318
64,2023-09-27,125.31594000000001,7.0,0.0,25.335853707567054,-25.335853707567054
64,2023-09-28,255.616932,16.0,0.0,51.67956442196511,-51.67956442196511
64,2023-09-29,79.24391,7.0,0.0,16.021202976856813,-16.021202976856813
64,2023-10-01,126.80863000000001,8.0,0.0,25.6376395416018,-25.6376395416018
64,2023-10-04,158.1255,9.0,0.0,31.969153608358948,-31.969153608358948
64,2023-10-05,93.36864,6.0,0.0,18.87688193468838,-18.87688193468838
64,2023-10-06,145.84265,9.0,0.0,29.48585826131858,-29.48585826131858
64,2023-10-07,0.0,0.0,2.48,0.0,2.48
64,2023-10-11,52.13284,5.0,10.54,10.54,0.0
64,2023-10-13,28.43788,3.0,0.0,5.749451884838807,-5.749451884838807
64,2023-10-14,30.1367,1.0,1.24,6.0929122219315115,-4.852912221931511
64,2023-10-15,53.074600000000004,3.0,0.0,10.730401106097423,-10.730401106097423
64,2023-10-16,59.9899,2.0,0.0,12.128507597130714,-12.128507597130714
64,2023-10-17,4.39316,2.0,0.0,0.8881907527002173,-0.8881907527002173
64,2023-10-18,46.3041,5.0,0.0,9.361569674700245,-9.361569674700245
64,2023-10-20,151.95247,9.0,0.0,30.721116167851203,-30.721116167851203
64,2023-10-21,11.98598,2.0,0.0,2.4232754095115476,-2.4232754095115476
64,2023-10-24,69.64361,4.0,2.48,14.080254392432867,-11.600254392432866
64,2023-10-25,27.53099,4.0,1.86,5.566100649801545,-3.7061006498015443
64,2023-10-26,104.18575,8.0,1.24,21.063840086210533,-19.823840086210534
64,2023-10-27,92.63667,7.0,0.0,18.728895295172865,-18.728895295172865
64,2023-10-28,15.7006,1.0,28.52,3.174281777090985,25.345718222909014
64,2023-10-31,107.651507,9.0,0.0,21.764532371150313,-21.764532371150313
64,2023-11-01,40.55531,6.0,0.0,8.199303306706481,-8.199303306706481
64,2023-11-02,91.15807,11.0,6.2,18.42995811852951,-12.22995811852951
64,2023-11-06,142.436274,13.0,0.0,28.797171379115348,-28.797171379115348
64,2023-11-07,201.73397999999997,11.0,5.58,40.78573408239412,-35.20573408239412
64,2023-11-08,165.74732,12.0,0.0,33.510101364130556,-33.510101364130556
64,2023-11-09,117.968628,9.0,0.0,23.85040483349842,-23.85040483349842
64,2023-11-10,193.157589,13.0,0.0,39.05179514601544,-39.05179514601544
64,2023-11-11,12.9447,1.0,0.0,2.6171054176215987,-2.6171054176215987
64,2023-11-13,225.319222,17.0,0.0,45.55409987025452,-45.55409987025452
64,2023-11-14,145.343033,10.0,0.0,29.384847781551894,-29.384847781551894
64,2023-11-15,132.71339,7.0,0.0,26.831439273210513,-26.831439273210513
64,2023-11-16,94.838501,9.0,0.0,19.17405229678644,-19.17405229678644
64,2023-11-20,37.5923,4.0,0.0,7.600254311869447,-7.600254311869447
64,2023-11-22,0.0,0.0,1.24,0.0,1.24
64,2023-11-27,67.35995,2.0,0.0,13.618553545135848,-13.618553545135848
64,2023-11-29,7.62264,1.0,0.0,1.541113539949099,-1.541113539949099
64,2023-11-30,1.34219,1.0,0.0,0.2713583721891997,-0.2713583721891997
64,2023-12-06,3.21611,1.0,0.0,0.6502196964523704,-0.6502196964523704
64,2023-12-11,27.359070000000003,2.0,0.0,5.531342581758446,-5.531342581758446
64,2023-12-12,14.35079,3.0,0.0,2.901382825106017,-2.901382825106017
64,2023-12-15,4.7670200000000005,2.0,4.34,0.9637762070894277,3.3762237929105723
64,2023-12-17,0.0,0.0,1.24,0.0,1.24
64,2023-12-18,20.352572,4.0,2.48,4.114798059725884,-1.6347980597258842
64,2023-12-21,44.439,1.0,0.0,8.984491541224303,-8.984491541224303
64,2023-12-24,76.16893,6.0,0.0,15.399516354758344,-15.399516354758344
64,2023-12-28,109.312936,11.0,0.0,22.100433151924964,-22.100433151924964
64,2023-12-29,42.73486,2.0,0.0,8.639955628736127,-8.639955628736127
64,2023-12-30,244.69925999999998,15.0,6.82,49.472275065007,-42.652275065007
64,2023-12-31,136.59195,7.0,0.0,27.61559034573984,-27.61559034573984
65,2021-03-04,173.25862999999998,14.0,38.44,29.513472986035058,8.92652701396494
65,2021-03-05,215.40481,21.0,33.48,36.69279874253314,-3.2127987425331455
65,2021-03-06,249.27578,11.0,38.44,42.46249666814761,-4.02249666814761
65,2021-03-07,195.21093,18.0,37.2,33.25290353002203,3.9470964699779714
65,2021-03-08,45.36062,6.0,6.82,7.726884559804043,-0.9068845598040429
65,2021-03-09,208.09217,16.0,37.2,35.44713840748028,1.7528615925197215
65,2021-03-10,233.23708,16.0,38.44,39.73040915723331,-1.290409157233313
65,2021-03-11,174.6523,18.0,31.62,29.750875543682245,1.8691244563177563
65,2021-03-12,147.626543,15.0,29.76,25.147214824752126,4.6127851752478755
65,2021-03-13,185.423779,11.0,38.44,31.585726451173226,6.854273548826772
65,2021-03-16,207.04452,13.0,38.44,35.26867809082062,3.171321909179376
65,2021-03-17,203.496108,12.0,38.44,34.664229344427305,3.7757706555726926
65,2021-03-18,208.00919,16.0,31.0,35.433003307898915,-4.433003307898915
65,2021-03-19,241.478406,21.0,35.34,41.134265070616145,-5.794265070616142
65,2021-03-20,43.325236000000004,3.0,6.2,7.380170224707386,-1.1801702247073855
65,2021-03-21,244.32,12.0,0.0,41.618311999512436,-41.618311999512436
65,2021-03-22,147.583249,10.0,15.5,25.13983997537546,-9.639839975375459
65,2021-03-23,250.22,19.0,38.44,42.62333836164867,-4.183338361648673
65,2021-03-24,188.037956,13.0,31.62,32.031034383425805,-0.4110343834258039
65,2021-03-25,204.243111,17.0,32.24,34.79147641351118,-2.5514764135111747
65,2021-03-26,241.05621000000002,10.0,38.44,41.06234674688929,-2.622346746889292
65,2021-03-27,209.24299,12.0,40.3,35.64317305800123,4.656826941998766
65,2021-03-28,24.809993,4.0,4.34,4.226219832104288,0.11378016789571177
65,2021-03-29,162.47259,11.0,28.52,27.676141707551018,0.8438582924489815
65,2021-03-30,196.76327,12.0,35.96,33.51733448307264,2.442665516927363
65,2021-03-31,214.001527,10.0,38.44,36.45375867328948,1.9862413267105197
65,2021-04-02,198.49665,14.0,37.82,33.812604414530206,4.007395585469794
65,2021-04-03,200.08616,14.0,32.24,34.08336703366227,-1.8433670336622683
65,2021-04-04,218.39886,22.0,12.399999999999999,37.20281555262704,-24.802815552627038
65,2021-04-05,204.40666000000002,20.0,32.86,34.81933591461305,-1.9593359146130496
65,2021-04-06,198.76112,11.0,27.28,33.8576551470716,-6.577655147071596
65,2021-04-07,203.345202,18.0,11.159999999999998,34.63852349557908,-23.478523495579083
65,2021-04-09,161.703089,21.0,0.0,27.545062251501836,-27.545062251501836
65,2021-04-10,85.4469,4.0,0.0,14.555319841155614,-14.555319841155614
65,2021-04-11,163.93443,15.0,0.0,27.925156578267156,-27.925156578267156
65,2021-04-12,13.70031,3.0,7.44,2.33375808804044,5.106241911959561
65,2021-04-13,240.00811,13.0,0.0,40.883809775676575,-40.883809775676575
65,2021-04-14,242.37209,11.0,0.0,41.286498287466884,-41.286498287466884
65,2021-04-15,164.79795,12.0,7.44,28.07225155525561,-20.632251555255607
65,2021-04-16,178.81341,8.0,47.74,30.459693381944735,17.280306618055267
65,2021-04-17,196.5702,9.0,45.26,33.48444627294761,11.77555372705239
65,2021-04-18,238.56616,19.0,0.0,40.63818303620499,-40.63818303620499
65,2021-04-19,181.78449,9.0,38.44,30.96579740296435,7.474202597035649
65,2021-04-20,293.70177,21.0,15.5,50.03017312814769,-34.53017312814769
65,2021-04-21,197.72813,17.0,0.0,33.68169206540666,-33.68169206540666
65,2021-04-22,69.5946,2.0,80.6,11.854984349546777,68.74501565045321
65,2021-04-23,168.35268,14.0,34.72,28.677776531573663,6.042223468426336
65,2021-04-24,188.356738,14.0,0.0,32.085336809489284,-32.085336809489284
65,2021-04-25,167.226122,14.0,0.0,28.48587475386596,-28.48587475386596
65,2021-04-26,208.01331,11.0,39.68,35.4337051229179,4.2462948770821
65,2021-04-27,179.310475,11.0,38.44,30.5443651495202,7.895634850479798
65,2021-04-28,228.33502199999998,11.0,38.44,38.89537567948402,-0.45537567948402113
65,2021-04-29,178.6822,8.0,39.68,30.437342617711533,9.242657382288467
65,2021-04-30,185.19877,18.0,34.72,31.54739764156002,3.1726023584399776
65,2021-05-01,158.695502,12.0,0.0,27.032739502108917,-27.032739502108917
65,2021-05-02,249.66253,13.0,13.02,42.528376997902896,-29.508376997902896
65,2021-05-03,42.334697000000006,4.0,10.54,7.211438392889749,3.3285616071102497
65,2021-05-04,211.32457,11.0,0.0,35.997756579169966,-35.997756579169966
65,2021-05-05,111.66056999999999,10.0,0.0,19.02064685782334,-19.02064685782334
65,2021-05-06,165.35833,16.0,19.22,28.167708618444408,-8.947708618444409
65,2021-05-07,169.21765,12.0,0.0,28.825118506566373,-28.825118506566373
65,2021-05-08,0.0,0.0,29.14,0.0,29.14
65,2021-05-09,199.493853,10.0,0.0,33.98247141510671,-33.98247141510671
65,2021-05-10,147.044025,12.0,37.2,25.047986698240454,12.152013301759549
65,2021-05-11,67.25658,6.0,17.36,11.456717953749871,5.903282046250128
65,2021-05-12,134.750243,13.0,0.0,22.953821443942854,-22.953821443942854
65,2021-05-13,115.32506,12.0,19.22,19.64486873134615,-0.42486873134615166
65,2021-05-14,231.70739,12.0,38.44,39.46983648335261,-1.0298364833526108
65,2021-05-15,215.96401,15.0,38.44,36.78805480044951,1.6519451995504895
65,2021-05-17,171.05078,13.0,35.96,29.1373801972821,6.822619802717902
65,2021-05-18,172.81649,12.0,21.7,29.438157332517278,-7.738157332517279
65,2021-05-19,202.748175,13.0,36.58,34.53682385593381,2.0431761440661873
65,2021-05-20,225.30775,16.0,38.44,38.37969971925405,0.06030028074594895
65,2021-05-21,149.184901,10.0,0.0,25.412670904692106,-25.412670904692106
65,2021-05-22,43.90557,6.0,0.0,7.479026321121617,-7.479026321121617
65,2021-05-23,258.10609,16.0,38.44,43.96668214879763,-5.526682148797633
65,2021-05-24,238.35354,17.0,38.44,40.60196461160883,-2.1619646116088305
65,2021-05-25,248.046751,14.0,0.0,42.253139626651006,-42.253139626651006
65,2021-05-26,177.615367,13.0,0.0,30.255614602627315,-30.255614602627315
65,2021-05-27,162.269795,16.0,30.0,27.64159690736298,2.358403092637019
65,2021-05-28,166.94683,11.0,0.0,28.43829919069075,-28.43829919069075
65,2021-05-29,167.16454,12.0,21.7,28.47538466345357,-6.775384663453572
65,2021-05-30,48.165400000000005,2.0,6.14,8.20466046488751,-2.0646604648875106
65,2021-05-31,239.64342,13.0,19.96,40.821687222454976,-20.861687222454975
65,2021-06-01,238.22615,15.0,38.44,40.58026455935924,-2.1402645593592453
65,2021-06-02,182.929611,12.0,0.0,31.160861266156854,-31.160861266156854
65,2021-06-03,142.538067,15.0,3.72,24.280426261515263,-20.560426261515264
65,2021-06-04,246.23404,17.0,0.0,41.944356178865526,-41.944356178865526
65,2021-06-05,258.887384,16.0,0.0,44.099770465166934,-44.099770465166934
65,2021-06-06,172.12091999999998,15.0,34.1,29.319671538159465,4.780328461840536
65,2021-06-07,106.094258,18.0,0.0,18.07246206123432,-18.07246206123432
65,2021-06-08,185.68586299999998,13.0,18.6,31.63037074424002,-13.03037074424002
65,2021-06-09,157.391188,13.0,15.5,26.81055815388801,-11.31055815388801
65,2021-06-10,178.59774,12.0,33.48,30.422955409822375,3.0570445901776218
65,2021-06-11,191.67034999999998,16.0,34.1,32.64978891353859,1.4502110864614082
65,2021-06-12,114.9224,13.0,0.0,19.57627823728212,-19.57627823728212
65,2021-06-13,227.47728,14.0,0.0,38.749264946956664,-38.749264946956664
65,2021-06-14,136.7602,6.0,12.4,23.296204456105603,-10.896204456105602
65,2021-06-15,161.925402,11.0,0.0,27.58293181517058,-27.58293181517058
65,2021-06-16,143.6807,12.0,38.44,24.475066310201157,13.96493368979884
65,2021-06-17,220.49519,15.0,38.44,37.55991163970111,0.8800883602988847
65,2021-06-18,211.452158,20.0,0.0,36.01949035942289,-36.01949035942289
65,2021-06-19,185.79843,13.0,34.72,31.649545795512328,3.070454204487671
65,2021-06-20,246.506,15.0,0.0,41.99068278385647,-41.99068278385647
65,2021-06-21,5.70972,2.0,0.0,0.9726134102400793,-0.9726134102400793
65,2021-06-22,155.125583,11.0,31.0,26.42462717911044,4.575372820889559
65,2021-06-23,208.793839,14.0,38.44,35.56666312654702,2.8733368734529776
65,2021-06-24,243.87546,19.0,39.68,41.54258752171176,-1.8625875217117596
65,2021-06-25,173.391219,23.0,0.0,29.536058653887483,-29.536058653887483
65,2021-06-26,234.188804,19.0,0.0,39.89252910799225,-39.89252910799225
65,2021-06-27,212.532195,22.0,38.44,36.203467589436876,2.2365324105631217
65,2021-06-28,217.77985999999999,12.0,38.44,37.097372956328336,1.342627043671662
65,2021-06-29,144.555247,11.0,32.24,24.6240396644261,7.615960335573902
65,2021-06-30,151.421915,12.0,0.0,25.793731589856144,-25.793731589856144
65,2021-07-01,243.28017,14.0,0.0,41.44118376864123,-41.44118376864123
65,2021-07-02,264.07147,18.0,38.44,44.982845565773935,-6.542845565773938
65,2021-07-03,168.39749,13.0,31.62,28.685409621622366,2.934590378377635
65,2021-07-04,246.77751,16.0,7.44,42.036932734294375,-34.59693273429438
65,2021-07-05,212.36077999999998,13.0,0.0,36.174268166747794,-36.174268166747794
65,2021-07-06,169.079035,8.0,36.58,28.801506349076966,7.778493650923032
65,2021-07-07,176.8678,13.0,30.38,30.12827145983696,0.2517285401630396
65,2021-07-08,176.20956,16.0,51.459999999999994,30.0161445865128,21.443855413487192
65,2021-07-09,187.828945,21.0,35.34,31.99543072834505,3.3445692716549544
65,2021-07-10,193.65465,16.0,47.739999999999995,32.98780142377367,14.752198576226327
65,2021-07-11,209.746554,18.0,38.44,35.72895188766611,2.7110481123338843
65,2021-07-12,164.27037,15.0,27.28,27.98238175726649,-0.7023817572664903
65,2021-07-13,155.11431,10.0,0.0,26.422706897384955,-26.422706897384955
65,2021-07-14,188.238534,12.0,31.62,32.065201532182506,-0.44520153218250513
65,2021-07-15,171.62577,18.0,0.0,29.235325978293066,-29.235325978293066
65,2021-07-16,194.9172,8.0,55.8,33.20286854809826,22.59713145190174
65,2021-07-17,177.43626999999998,13.0,38.44,30.225106601546038,8.21489339845396
65,2021-07-18,194.534468,21.0,38.44,33.13767265832993,5.302327341670065
65,2021-07-19,185.65694,8.0,0.0,31.62544390060069,-31.62544390060069
65,2021-07-20,210.31915,8.0,13.64,35.826489866454885,-22.186489866454885
65,2021-07-21,152.801458,14.0,0.0,26.02872770556809,-26.02872770556809
65,2021-07-22,154.16761,10.0,63.239999999999995,26.261442752124893,36.9785572478751
65,2021-07-23,185.2165,11.0,42.78,31.550417830949968,11.229582169050033
65,2021-07-24,147.31624,18.0,33.48,25.094356740811453,8.385643259188544
65,2021-07-25,188.148457,12.0,0.0,32.04985750512791,-32.04985750512791
65,2021-07-26,195.408046,12.0,31.62,33.286480949750654,-1.6664809497506532
65,2021-07-27,147.776464,12.0,32.24,25.17275288530091,7.067247114699093
65,2021-07-28,7.3746100000000006,3.0,0.0,1.2562165187243142,-1.2562165187243142
65,2021-07-29,165.42598,7.0,4.96,28.179232352918735,-23.219232352918734
65,2021-07-30,210.48886,17.0,38.44,35.85539885355965,2.584601146440349
65,2021-07-31,224.68054,14.0,38.44,38.27285860322092,0.1671413967790798
65,2021-08-01,239.02571,12.0,0.0,40.71646436920834,-40.71646436920834
65,2021-08-02,126.62750299999999,11.0,38.44,21.570165879065147,16.86983412093485
65,2021-08-03,200.8091,10.0,31.619999999999997,34.20651512827969,-2.586515128279693
65,2021-08-04,237.40572600000002,20.0,58.900000000000006,40.44051070374412,18.45948929625589
65,2021-08-05,168.53098,9.0,27.28,28.708148768924325,-1.4281487689243235
65,2021-08-06,217.415917,20.0,42.160000000000004,37.03537764966479,5.1246223503352155
65,2021-08-07,53.482260000000004,4.0,26.66,9.110352746885415,17.549647253114586
65,2021-08-08,230.7683,25.0,1.86,39.30986865175625,-37.44986865175625
65,2021-08-09,15.075234,5.0,52.7,2.5679673873512523,50.13203261264875
65,2021-08-10,228.285981,15.0,0.0,38.88702186629326,-38.88702186629326
65,2021-08-11,185.371847,18.0,32.86,31.576880175065014,1.2831198249349853
65,2021-08-12,148.043233,11.0,35.339999999999996,25.21819523743662,10.121804762563375
65,2021-08-13,201.796956,11.0,29.76,34.37478992861773,-4.6147899286177285
65,2021-08-14,165.711216,10.0,41.54,28.227820437567935,13.312179562432064
65,2021-08-15,173.699598,13.0,35.96,29.588588997028026,6.371411002971975
65,2021-08-16,132.2608,6.0,28.52,22.52976113173344,5.990238868266559
65,2021-08-17,115.97664,6.0,16.12,19.75586111728526,-3.635861117285259
65,2021-08-18,0.0,0.0,1.86,0.0,1.86
65,2021-08-19,252.81324999999998,13.0,38.44,43.06508151649778,-4.625081516497779
65,2021-08-20,199.41229,12.0,35.96,33.96857769219571,1.9914223078042923
65,2021-08-21,165.51826,14.0,0.0,28.194951646596348,-28.194951646596348
65,2021-08-22,226.107152,14.0,0.0,38.51587261483785,-38.51587261483785
65,2021-08-23,128.12952,7.0,14.26,21.826024638620538,-7.566024638620538
65,2021-08-24,169.110465,12.0,38.44,28.80686024374848,9.633139756251516
65,2021-08-25,209.734775,18.0,36.58,35.726945412154315,0.8530545878456834
65,2021-08-26,157.38263,10.0,12.4,26.80910035463256,-14.409100354632558
65,2021-08-27,180.12367,10.0,17.98,30.682887592326534,-12.702887592326533
65,2021-08-28,147.92476,14.0,1.86,25.198014137741477,-23.338014137741478
65,2021-08-29,183.8157,13.0,71.3,31.311800724495654,39.98819927550434
65,2021-08-30,117.49642,17.0,23.56,20.014745687564478,3.545254312435521
65,2021-08-31,125.132,6.0,11.78,21.315416736750944,-9.535416736750944
65,2021-09-01,1.0372219999999999,2.0,0.0,0.1766839751504514,-0.1766839751504514
65,2021-09-02,126.22471999999999,8.0,0.0,21.50155443275662,-21.50155443275662
65,2021-09-03,217.73637,9.0,37.82,37.08996471963523,0.730035280364767
65,2021-09-04,202.706677,12.0,34.72,34.52975494339552,0.190245056604482
65,2021-09-05,180.34072999999998,19.0,38.44,30.71986234184607,7.720137658153927
65,2021-09-06,152.562534,11.0,0.0,25.988028566831307,-25.988028566831307
65,2021-09-07,166.8571,10.0,44.02,28.423014272813717,15.596985727186286
65,2021-09-08,199.04046,12.0,39.06,33.90523888673246,5.15476111326754
65,2021-09-09,156.77174,13.0,31.0,26.705039243723167,4.294960756276833
65,2021-09-10,239.76737,8.0,50.839999999999996,40.8428012932324,9.997198706767598
65,2021-09-11,45.513771,6.0,4.96,7.7529728297002345,-2.7929728297002345
65,2021-09-12,221.248,16.0,0.0,37.68814789320616,-37.68814789320616
65,2021-09-13,156.7808,18.0,0.0,26.706582555391126,-26.706582555391126
65,2021-09-14,165.353249,17.0,27.9,28.166843103368812,-0.26684310336881367
65,2021-09-15,229.58595,9.0,0.0,39.10846307221866,-39.10846307221866
65,2021-09-16,223.28029,15.0,16.12,38.03433518566477,-21.914335185664772
65,2021-09-17,198.48904,17.0,45.879999999999995,33.811308100866505,12.06869189913349
65,2021-09-18,187.84176,19.0,38.44,31.9976136796723,6.442386320327699
65,2021-09-19,251.29831,18.0,38.44,42.80702140852242,-4.367021408522419
65,2021-09-20,185.77438,11.0,12.4,31.64544903551074,-19.245449035510738
65,2021-09-21,114.5031,8.0,26.66,19.50485322818997,7.155146771810031
65,2021-09-22,136.860409,12.0,0.0,23.31327440300786,-23.31327440300786
65,2021-09-23,157.3973,8.0,0.0,26.811599293061803,-26.811599293061803
65,2021-09-24,168.92773,19.0,36.58,28.775732533191704,7.8042674668082945
65,2021-09-25,186.7361,19.0,37.2,31.80927173940797,5.390728260592034
65,2021-09-26,198.377445,26.0,35.34,33.79229862342878,1.5477013765712258
65,2021-09-27,221.09115,18.0,38.44,37.66142952288394,0.7785704771160553
65,2021-09-30,10.52875,2.0,0.0,1.7935036119223422,-1.7935036119223422
65,2021-10-01,297.605765,12.0,0.0,50.69519310995244,-50.69519310995244
65,2021-10-02,248.16782,17.0,19.84,42.2737629379455,-22.4337629379455
65,2021-10-03,0.0,0.0,22.32,0.0,22.32
65,2021-10-04,220.24558,15.0,37.2,37.5173922108447,-0.3173922108446945
65,2021-10-05,165.768121,13.0,0.0,28.237513831659015,-28.237513831659015
65,2021-10-06,215.477615,16.0,0.0,36.70520059749845,-36.70520059749845
65,2021-10-07,177.160195,25.0,31.62,30.17807903325337,1.4419209667466326
65,2021-10-08,117.607041,16.0,0.0,20.033589250480727,-20.033589250480727
65,2021-10-09,174.28735,19.0,0.0,29.68870870116333,-29.68870870116333
65,2021-10-10,203.45874,23.0,0.0,34.65786395034251,-34.65786395034251
65,2021-10-11,59.034620000000004,4.0,0.0,10.056160911643161,-10.056160911643161
65,2021-10-12,30.60493,6.0,5.58,5.21334940022609,0.36665059977391046
65,2021-10-14,149.954345,27.0,0.0,25.54374065116457,-25.54374065116457
65,2021-10-15,195.51548400000001,24.0,38.44,33.3047823094617,5.135217690538298
65,2021-10-16,191.40069,22.0,36.58,32.60385409848543,3.9761459015145704
65,2021-10-17,207.394464,24.0,0.0,35.328288759510684,-35.328288759510684
65,2021-10-20,32.102858,11.0,0.0,5.468511625409478,-5.468511625409478
65,2021-10-21,242.438291,23.0,0.0,41.297775194280405,-41.297775194280405
65,2021-10-22,174.49837,17.0,24.18,29.724654576237562,-5.544654576237562
65,2021-10-23,201.08671,24.0,46.5,34.25380417376997,12.246195826230029
65,2021-10-24,222.42535,21.0,38.44,37.8887017554877,0.5512982445122958
65,2021-10-25,36.464347000000004,4.0,4.96,6.2114627140818826,-1.2514627140818826
65,2021-10-27,84.05709,14.0,0.0,14.318574809230096,-14.318574809230096
65,2021-10-28,185.80497,18.0,34.1,31.65065984168324,2.4493401583167618
65,2021-10-29,165.492023,30.0,35.96,28.19048234546696,7.76951765453304
65,2021-10-30,197.333755,22.0,37.82,33.6145128668359,4.205487133164098
65,2021-10-31,134.55969,14.0,37.2,22.92136198828452,14.278638011715483
65,2021-11-01,86.20345999999999,16.0,0.0,14.684194882602695,-14.684194882602695
65,2021-11-02,204.401003,21.0,14.26,34.81837228170956,-20.55837228170956
65,2021-11-03,192.39498,21.0,0.0,32.77322488858856,-32.77322488858856
65,2021-11-04,197.139527,21.0,38.44,33.58142739899438,4.858572601005619
65,2021-11-05,237.328561,19.0,38.44,40.42736615133153,-1.9873661513315355
65,2021-11-06,201.02792,16.0,38.44,34.24378968227336,4.1962103177266386
65,2021-11-07,214.12736,23.0,38.44,36.47519350078553,1.9648064992144683
65,2021-11-09,141.87354,21.0,24.18,24.16722843891334,0.012771561086658778
65,2021-11-10,188.0298,17.0,32.86,32.02964506223774,0.8303549377622588
65,2021-11-11,184.93308,23.0,34.72,31.50213909000816,3.2178609099918383
65,2021-11-12,215.85213,27.0,38.44,36.76899677512819,1.6710032248718107
65,2021-11-13,233.6015,22.0,0.0,39.79248571772309,-39.79248571772309
65,2021-11-14,189.669006,25.0,0.0,32.308873069521105,-32.308873069521105
65,2021-11-18,14.1916,1.0,0.0,2.41744612218517,-2.41744612218517
65,2022-03-01,66.9922,2.0,0.0,11.411682552119094,-11.411682552119094
65,2022-03-02,213.59421,18.0,0.0,36.38437488977317,-36.38437488977317
65,2022-03-03,114.941186,10.0,0.0,19.579478309356546,-19.579478309356546
65,2022-03-04,200.989193,26.0,38.44,34.23719279143837,4.20280720856163
65,2022-03-05,223.933768,24.0,0.0,38.145650883474275,-38.145650883474275
65,2022-03-06,198.031331,24.0,0.0,33.73334037015684,-33.73334037015684
65,2022-03-08,194.41504,14.0,41.54,33.11732888063888,8.42267111936112
65,2022-03-09,37.358321,7.0,0.0,6.363745330533471,-6.363745330533471
65,2022-03-10,142.488104,21.0,38.44,24.271915391662475,14.168084608337523
65,2022-03-11,208.701936,22.0,38.44,35.55100805235051,2.8889919476494867
65,2022-03-12,178.50899,19.0,9.3,30.407837428527532,-21.10783742852753
65,2022-03-13,222.35097,25.0,38.44,37.87603160958673,0.5639683904132653
65,2022-03-14,175.879941,16.0,31.62,29.959996148468566,1.6600038515314353
65,2022-03-15,196.03294,17.0,32.86,33.39292755035078,-0.5329275503507773
65,2022-03-16,117.65180000000001,18.0,26.66,20.04121365301342,6.618786346986582
65,2022-03-17,217.51311,22.0,0.0,37.0519338407182,-37.0519338407182
65,2022-03-18,158.31718,27.0,38.44,26.968294826960427,11.47170517303957
65,2022-03-19,184.35004,27.0,38.44,31.402822044214957,7.03717795578504
65,2022-03-20,206.64138,28.0,37.2,35.20000583190001,1.9999941680999953
65,2022-03-21,175.12578,15.0,0.0,29.831529760960933,-29.831529760960933
65,2022-03-22,147.35623,18.0,0.0,25.101168775425325,-25.101168775425325
65,2022-03-23,149.91557,21.0,0.0,25.537135583843924,-25.537135583843924
65,2022-03-24,152.803842,18.0,0.0,26.029133804355777,-26.029133804355777
65,2022-03-25,167.287346,20.0,0.0,28.496303861322815,-28.496303861322815
65,2022-03-26,174.7693,20.0,0.0,29.77080572747376,-29.77080572747376
65,2022-03-27,193.20803,23.0,0.0,32.911722631594465,-32.911722631594465
65,2022-03-28,88.28229,7.0,0.0,15.038309959280605,-15.038309959280605
65,2022-03-30,147.520087,20.0,0.0,25.129080742310162,-25.129080742310162
65,2022-03-31,176.97132,22.0,0.0,30.14590541390617,-30.14590541390617
65,2022-04-01,49.77618,9.0,9.92,8.479046289226797,1.4409537107732024
65,2022-04-02,150.00329,22.0,0.0,25.55207811138402,-25.55207811138402
65,2022-04-03,195.263116,25.0,34.72,33.26179307336685,1.4582069266331459
65,2022-04-06,27.3161,1.0,0.0,4.65311874758465,-4.65311874758465
65,2022-04-07,17.6345,5.0,0.0,3.003921590354462,-3.003921590354462
65,2022-04-08,150.05598,18.0,0.0,25.561053507828255,-25.561053507828255
65,2022-04-09,179.154669,23.0,0.0,30.51782461776105,-30.51782461776105
65,2022-04-10,188.072,18.0,35.96,32.03683355587878,3.9231664441212217
65,2022-04-11,133.4284,13.0,29.76,22.72865414536569,7.03134585463431
65,2022-04-12,141.655927,21.0,13.02,24.13015948946528,-11.110159489465282
65,2022-04-13,155.82686999999999,16.0,0.0,26.544086826978816,-26.544086826978816
65,2022-04-14,210.1366,20.0,0.0,35.79539366943658,-35.79539366943658
65,2022-04-15,180.77834,18.0,26.04,30.794406339529875,-4.754406339529876
65,2022-04-16,118.563047,20.0,17.98,20.196438611897747,-2.216438611897747
65,2022-04-17,150.60396,20.0,0.0,25.654398312222053,-25.654398312222053
65,2022-04-18,154.30127,23.0,29.76,26.28421085781356,3.475789142186443
65,2022-04-19,147.544737,21.0,0.0,25.133279708382478,-25.133279708382478
65,2022-04-20,106.13056900000001,13.0,0.0,18.07864740229119,-18.07864740229119
65,2022-04-21,179.49875600000001,20.0,0.0,30.576437584857384,-30.576437584857384
65,2022-04-22,178.63094,19.0,37.82,30.428610812402535,7.391389187597465
65,2022-04-23,173.689134,22.0,0.0,29.586806523154568,-29.586806523154568
65,2022-04-24,146.977746,15.0,0.0,25.036696504637735,-25.036696504637735
65,2022-04-25,191.530722,21.0,0.0,32.62600419813311,-32.62600419813311
65,2022-04-27,0.0,0.0,38.44,0.0,38.44
65,2022-04-28,171.44385,21.0,0.0,29.204337097649027,-29.204337097649027
65,2022-04-29,170.364813,24.0,0.0,29.02053021108625,-29.02053021108625
65,2022-04-30,214.788829,27.0,0.0,36.58787041311364,-36.58787041311364
65,2022-05-01,161.64571999999998,19.0,0.0,27.535289818049392,-27.535289818049392
65,2022-05-02,141.59563,13.0,0.0,24.119888290387703,-24.119888290387703
65,2022-05-05,186.1902,22.0,0.0,31.716281249392686,-31.716281249392686
65,2022-05-06,188.345297,29.0,0.0,32.08338791006399,-32.08338791006399
65,2022-05-07,193.19451,21.0,0.0,32.909419588134114,-32.909419588134114
65,2022-05-08,158.16434,19.0,0.0,26.94225953387756,-26.94225953387756
65,2022-05-10,14.092632,2.0,0.0,2.400587571505865,-2.400587571505865
65,2022-05-12,22.2239,1.0,0.0,3.7856958253354804,-3.7856958253354804
65,2022-05-13,155.670761,19.0,0.0,26.517494681153952,-26.517494681153952
65,2022-05-14,143.11825,21.0,0.0,24.379256636068355,-24.379256636068355
65,2022-05-15,193.330906,20.0,37.2,32.932653753505285,4.267346246494718
65,2022-05-19,83.01740000000001,7.0,0.0,14.141470426442062,-14.141470426442062
65,2022-05-24,15.153793,4.0,0.0,2.5813493985348215,-2.5813493985348215
65,2022-06-02,14.5241,1.0,0.0,2.474085319712339,-2.474085319712339
65,2022-06-08,2.96999,2.0,0.0,0.5059183466577929,-0.5059183466577929
65,2022-06-09,117.40311200000001,17.0,24.8,19.99885128081902,4.801148719180979
65,2022-06-10,109.537008,19.0,0.0,18.65891197788593,-18.65891197788593
65,2022-06-11,171.32339,24.0,38.44,29.18381752551633,9.25618247448367
65,2022-06-12,175.780337,22.0,34.1,29.943029259354294,4.156970740645708
65,2022-06-13,43.04407,5.0,0.0,7.332275437904606,-7.332275437904606
65,2022-06-14,21.576259999999998,2.0,0.0,3.6753745925941397,-3.6753745925941397
65,2022-06-16,144.66213,22.0,0.0,24.642246483521728,-24.642246483521728
65,2022-06-17,182.454273,25.0,0.0,31.07989055074582,-31.07989055074582
65,2022-06-18,183.67354,22.0,0.0,31.28758469947171,-31.28758469947171
65,2022-06-19,150.455675,16.0,0.0,25.62913893355945,-25.62913893355945
65,2022-06-20,212.800994,21.0,0.0,36.24925573877855,-36.24925573877855
65,2022-06-21,143.410969,21.0,0.0,24.42911940076296,-24.42911940076296
65,2022-06-22,234.579373,26.0,0.0,39.95905997938771,-39.95905997938771
65,2022-06-23,161.578705,27.0,0.0,27.52387425166659,-27.52387425166659
65,2022-06-24,189.49315,19.0,0.0,32.27891715156521,-32.27891715156521
65,2022-06-25,228.33417,23.0,0.0,38.895230546863594,-38.895230546863594
65,2022-06-26,232.31614,20.0,0.0,39.57353305927641,-39.57353305927641
65,2022-06-27,75.44752,8.0,38.44,12.85199094200006,25.588009057999937
65,2022-06-28,138.604608,12.0,0.0,23.610387280264074,-23.610387280264074
65,2022-06-29,153.091182,25.0,35.96,26.07808029162632,9.88191970837368
65,2022-06-30,76.773624,15.0,0.0,13.077884074022823,-13.077884074022823
65,2022-07-01,156.76107,18.0,0.0,26.70322167909876,-26.70322167909876
65,2022-07-02,78.37424,9.0,0.0,13.350538527524018,-13.350538527524018
65,2022-07-03,190.78645699999998,25.0,37.82,32.49922352941864,5.320776470581357
65,2022-07-04,164.002305,22.0,0.0,27.936718640018007,-27.936718640018007
65,2022-07-05,74.84537,14.0,52.08,12.749418632854242,39.330581367145754
65,2022-07-06,199.470623,24.0,0.0,33.97851433673511,-33.97851433673511
65,2022-07-07,136.44418,12.0,68.82000000000001,23.242372518654367,45.577627481345644
65,2022-07-08,162.166369,21.0,35.96,27.623978965578186,8.336021034421815
65,2022-07-09,185.18142,20.0,38.44,31.544442182681536,6.895557817318462
65,2022-07-10,63.35937,6.0,0.0,10.792853752261577,-10.792853752261577
65,2022-07-11,184.86067,14.0,36.58,31.48980452070608,5.090195479293918
65,2022-07-12,200.738989,23.0,0.0,34.19457217857194,-34.19457217857194
65,2022-07-13,219.184923,24.0,38.44,37.33671623691515,1.1032837630848462
65,2022-07-14,174.33932,20.0,37.2,29.697561450322684,7.5024385496773185
65,2022-07-15,213.504532,20.0,38.44,36.3690988297556,2.0709011702443973
65,2022-07-16,184.99863,17.0,35.96,31.513305103234945,4.446694896765056
65,2022-07-17,227.373812,22.0,0.0,38.73163985074691,-38.73163985074691
65,2022-07-18,183.34137,17.0,38.44,31.23100171528344,7.208998284716557
65,2022-07-19,158.093712,18.0,37.82,26.930228516605535,10.889771483394465
65,2022-07-20,204.451739,31.0,0.0,34.82701482705012,-34.82701482705012
65,2022-07-21,191.85056,19.0,38.44,32.68048650688107,5.759513493118931
65,2022-07-22,189.37763,22.0,0.0,32.25923907608148,-32.25923907608148
65,2022-07-23,163.49191,19.0,0.0,27.849776194237915,-27.849776194237915
65,2022-07-24,183.65219,19.0,0.0,31.283947866788385,-31.283947866788385
65,2022-07-25,101.95799,14.0,0.0,17.367875894986778,-17.367875894986778
65,2022-07-26,3.84746,2.0,0.0,0.6553896147906194,-0.6553896147906194
65,2022-07-27,149.75172,15.0,0.0,25.509224809363243,-25.509224809363243
65,2022-07-28,174.732133,26.0,32.24,29.764474572422657,2.4755254275773453
65,2022-07-29,191.281691,24.0,38.44,32.58358339813495,5.85641660186505
65,2022-07-30,177.8177,19.0,32.24,30.290080704140895,1.9499192958591074
65,2022-07-31,152.926637,22.0,0.0,26.05005112844705,-26.05005112844705
65,2022-08-01,215.754742,18.0,38.44,36.752407367101796,1.6875926328982018
65,2022-08-02,217.733551,24.0,38.44,37.08948452144627,1.3505154785537243
65,2022-08-03,222.452003,20.0,38.44,37.89324191949278,0.5467580805072174
65,2022-08-04,155.4186,18.0,38.44,26.474540706153505,11.965459293846493
65,2022-08-05,173.955658,26.0,0.0,29.632207141144736,-29.632207141144736
65,2022-08-06,208.613686,22.0,38.44,35.53597524278127,2.9040247572187283
65,2022-08-07,211.87794,23.0,0.0,36.09201953476578,-36.09201953476578
65,2022-08-08,159.62575,14.0,0.0,27.19120115690968,-27.19120115690968
65,2022-08-09,12.0575,1.0,1.24,2.0539161629589113,-0.8139161629589113
65,2022-08-10,202.62561,25.0,0.0,34.51594571083631,-34.51594571083631
65,2022-08-11,138.266932,17.0,30.38,23.552866385033443,6.827133614966556
65,2022-08-12,155.26503,18.0,0.0,26.448381062351256,-26.448381062351256
65,2022-08-13,170.22944999999999,18.0,35.34,28.997472010500175,6.342527989499828
65,2022-08-14,222.86699,22.0,38.44,37.96393223727987,0.4760677627201275
65,2022-08-15,170.058421,21.0,0.0,28.968338340383262,-28.968338340383262
65,2022-08-16,252.037632,31.0,0.0,42.93296006955755,-42.93296006955755
65,2022-08-17,162.675053,31.0,0.0,27.71062995371325,-27.71062995371325
65,2022-08-18,208.54086,21.0,0.0,35.52356981060349,-35.52356981060349
65,2022-08-19,107.787511,14.0,0.0,18.36089662102521,-18.36089662102521
65,2022-08-20,156.96874,19.0,0.0,26.738596903611445,-26.738596903611445
65,2022-08-21,200.722095,22.0,0.0,34.191694396307206,-34.191694396307206
65,2022-08-22,190.010354,19.0,37.82,32.367019465904576,5.452980534095424
65,2022-08-24,2.52217,1.0,0.0,0.429635142337141,-0.429635142337141
65,2022-08-25,179.84987,15.0,37.2,30.636247555385367,6.563752444614636
65,2022-08-26,193.735343,21.0,0.0,33.00154694788212,-33.00154694788212
65,2022-08-27,152.96903,18.0,26.66,26.057272498374175,0.6027275016258251
65,2022-08-28,196.63400000000001,21.0,0.0,33.49531418513478,-33.49531418513478
65,2022-08-29,172.93797,14.0,27.28,29.458850654970213,-2.178850654970212
65,2022-08-30,177.4342,21.0,40.92,30.22475399060204,10.695246009397962
65,2022-08-31,249.704049,34.0,0.0,42.53544948765366,-42.53544948765366
65,2022-09-01,149.08872,18.0,0.0,25.39628710121132,-25.39628710121132
65,2022-09-02,183.583981,21.0,35.34,31.272328910324834,4.067671089675169
65,2022-09-03,173.56606,19.0,0.0,29.565841673240406,-29.565841673240406
65,2022-09-04,187.822972,23.0,0.0,31.99441326691097,-31.99441326691097
65,2022-09-05,181.819604,25.0,38.44,30.97177884291012,7.468221157089879
65,2022-09-06,211.001955,25.0,0.0,35.942801226658005,-35.942801226658005
65,2022-09-07,200.63008299999998,25.0,38.44,34.17602075467451,4.263979245325487
65,2022-09-08,133.56562,15.0,0.0,22.75202867374066,-22.75202867374066
65,2022-09-09,155.78626,18.0,0.0,26.5371691794252,-26.5371691794252
65,2022-09-10,161.60678,20.0,32.86,27.528656644059293,5.331343355940707
65,2022-09-11,162.68638,19.0,31.0,27.712559433985106,3.2874405660148938
65,2022-09-12,165.421309,25.0,0.0,28.178436678658134,-28.178436678658134
65,2022-09-14,18.499489999999998,4.0,0.0,3.151266972216193,-3.151266972216193
65,2022-09-15,88.277022,19.0,0.0,15.037412589979633,-15.037412589979633
65,2022-09-16,175.78774,18.0,33.48,29.9442903119236,3.5357096880763983
65,2022-09-17,221.79618,21.0,38.44,37.7815267662902,0.6584732337097989
65,2022-09-18,175.71124,22.0,0.0,29.931259037906067,-29.931259037906067
65,2022-09-21,141.464586,21.0,0.0,24.097565803167402,-24.097565803167402
65,2022-09-22,48.059186000000004,6.0,0.0,8.186567605560741,-8.186567605560741
65,2022-09-28,11.790208,3.0,0.0,2.0083847211982135,-2.0083847211982135
65,2022-09-29,175.57276000000002,17.0,38.44,29.907669876782574,8.532330123217424
65,2022-09-30,195.399143,23.0,0.0,33.28496438200453,-33.28496438200453
65,2022-10-01,259.15836,16.0,0.0,44.14592945220189,-44.14592945220189
65,2022-10-02,157.63277,27.0,0.0,26.85171006551811,-26.85171006551811
65,2022-10-03,84.83933,9.0,38.44,14.45182427050424,23.988175729495758
65,2022-10-04,16.95591,2.0,0.0,2.8883282277981865,-2.8883282277981865
65,2022-10-06,160.35701,21.0,32.86,27.31576650904116,5.544233490958838
65,2022-10-07,158.53198,18.0,0.0,27.00488460028023,-27.00488460028023
65,2022-10-08,133.61655100000002,26.0,25.42,22.76070443605422,2.6592955639457827
65,2022-10-09,147.85185,21.0,25.42,25.185594396713793,0.23440560328620919
65,2022-10-10,201.781494,22.0,0.0,34.37215607817513,-34.37215607817513
65,2022-10-11,216.769385,20.0,0.0,36.92524515746739,-36.92524515746739
65,2022-10-12,161.2583,19.0,0.0,27.469295358181796,-27.469295358181796
65,2022-10-13,171.496329,26.0,0.0,29.213276551625054,-29.213276551625054
65,2022-10-14,171.5657,20.0,0.0,29.22509344717891,-29.22509344717891
65,2022-10-15,186.11619,21.0,0.0,31.70367413056867,-31.70367413056867
65,2022-10-16,192.01805,19.0,36.58,32.709017331524144,3.870982668475854
65,2022-10-17,29.11764,3.0,0.0,4.959999288676668,-4.959999288676668
65,2022-10-18,126.348838,17.0,27.9,21.522697121233847,6.377302878766152
65,2022-10-19,149.63814,18.0,27.9,25.489877200174863,2.4101227998251353
65,2022-10-20,153.837199,27.0,28.52,26.205159402067302,2.3148405979326974
65,2022-10-21,191.670058,18.0,0.0,32.64973917325084,-32.64973917325084
65,2022-10-22,236.47756,25.0,0.0,40.28240370400877,-40.28240370400877
65,2022-10-23,163.10079,19.0,31.0,27.783151463600845,3.216848536399155
65,2022-10-26,119.71055,17.0,0.0,20.391908233191035,-20.391908233191035
65,2022-10-27,174.20436,24.0,38.44,29.67457189814745,8.765428101852546
65,2022-10-28,210.58714,23.0,38.44,35.872140207944526,2.567859792055472
65,2022-10-29,196.03578,22.0,0.0,33.39341132575221,-33.39341132575221
65,2022-10-30,167.74699999999999,20.0,31.0,28.574602910045076,2.4253970899549238
65,2022-11-01,1.302187,2.0,0.0,0.2218190277001846,-0.2218190277001846
65,2022-11-02,71.58497,6.0,0.0,12.194030844530689,-12.194030844530689
65,2022-11-03,194.99376999999998,21.0,38.44,33.21591174615737,5.2240882538426305
65,2022-11-04,190.83443400000002,24.0,0.0,32.50739609717733,-32.50739609717733
65,2022-11-05,132.02699,18.0,31.62,22.489933129406147,9.130066870593854
65,2022-11-06,157.58778,22.0,33.48,26.844046313648196,6.635953686351801
65,2022-11-07,155.94717,18.0,30.38,26.564579144159325,3.8154208558406744
65,2022-11-10,8.46834,1.0,0.0,1.4425262616157137,-1.4425262616157137
65,2022-11-11,186.20549,23.0,38.44,31.71888580076168,6.721114199238318
65,2022-11-12,169.653367,24.0,0.0,28.899340044097038,-28.899340044097038
65,2022-11-13,184.054919,20.0,38.44,31.352550114550553,7.087449885449445
65,2022-11-16,15.7654,1.0,0.0,2.685532645698729,-2.685532645698729
65,2022-11-17,26.96148,4.0,16.74,4.592711552916727,12.147288447083271
65,2022-11-18,196.82245,20.0,0.0,33.52741540851522,-33.52741540851522
65,2022-11-19,184.63085,20.0,0.0,31.450656188749107,-31.450656188749107
65,2022-11-20,176.673668,23.0,38.44,30.09520234496675,8.344797655033247
65,2022-11-22,186.85284000000001,22.0,0.0,31.829157633902174,-31.829157633902174
65,2022-11-23,135.651657,18.0,30.38,23.107371415671437,7.272628584328562
65,2022-11-24,101.8237,11.0,0.0,17.34500047292385,-17.34500047292385
65,2022-11-25,179.1929,24.0,0.0,30.524337018244243,-30.524337018244243
65,2022-11-26,156.77466,16.0,0.0,26.705536646600702,-26.705536646600702
65,2022-11-27,143.03272,19.0,29.76,24.364687160686408,5.395312839313593
65,2022-11-28,10.06255,2.0,0.0,1.714089494968459,-1.714089494968459
65,2022-11-30,112.284042,21.0,0.0,19.12685123003585,-19.12685123003585
65,2022-12-01,183.31336,23.0,35.96,31.226230395215058,4.733769604784943
65,2022-12-02,146.398366,18.0,0.0,24.93800291587596,-24.93800291587596
65,2022-12-03,216.16457,21.0,38.44,36.82221888302409,1.6177811169759053
65,2022-12-04,161.38616,24.0,31.62,27.491075471853446,4.128924528146555
65,2022-12-05,91.798095,17.0,0.0,15.637204316760327,-15.637204316760327
65,2022-12-06,8.73359,2.0,0.0,1.4877098620490417,-1.4877098620490417
65,2022-12-07,145.661664,22.0,33.48,24.812510554682994,8.667489445317003
65,2022-12-08,178.98818,18.0,38.44,30.489464306912627,7.950535693087371
65,2022-12-09,194.59375,23.0,0.0,33.147770958804536,-33.147770958804536
65,2022-12-10,191.667878,23.0,0.0,32.649367824527204,-32.649367824527204
65,2022-12-11,202.1488,22.0,0.0,34.4347242498651,-34.4347242498651
65,2022-12-12,58.189336,7.0,0.0,9.912172317830963,-9.912172317830963
65,2022-12-20,9.93644,1.0,0.0,1.692607482336425,-1.692607482336425
65,2022-12-21,132.840378,25.0,8.68,22.62848844849856,-13.948488448498559
65,2022-12-22,130.737434,19.0,8.06,22.27026570983819,-14.210265709838188
65,2022-12-23,115.46219,20.0,0.0,19.668227928810516,-19.668227928810516
65,2022-12-24,123.24835,18.0,1.24,20.994549294880112,-19.754549294880114
65,2022-12-26,146.43716999999998,13.0,0.0,24.94461292315669,-24.94461292315669
65,2022-12-27,62.724669999999996,9.0,0.0,10.684736763778888,-10.684736763778888
65,2022-12-28,153.18301,21.0,0.0,26.09372259006399,-26.09372259006399
65,2022-12-30,131.651098,29.0,0.0,22.42590238884409,-22.42590238884409
65,2022-12-31,195.37932,25.0,0.0,33.281587663771205,-33.281587663771205
65,2023-01-02,166.590576,23.0,0.0,28.37761365482355,-28.37761365482355
65,2023-01-03,32.1193,4.0,8.06,5.4713124124342665,2.588687587565734
65,2023-01-05,175.58728000000002,17.0,0.0,29.91014326369414,-29.91014326369414
65,2023-01-06,175.5936,23.0,0.0,29.91121983430578,-29.91121983430578
65,2023-01-07,212.69295,26.0,0.0,36.23085115093606,-36.23085115093606
65,2023-01-08,124.62882,17.0,30.38,21.229703318971332,9.150296681028667
65,2023-01-09,15.016770000000001,2.0,0.0,2.5580084278197384,-2.5580084278197384
65,2023-01-10,73.62747,12.0,0.0,12.541957343626155,-12.541957343626155
65,2023-01-12,112.523706,13.0,38.44,19.167676422926533,19.272323577073465
65,2023-01-13,154.88007,21.0,32.86,26.382805647373633,6.477194352626366
65,2023-01-14,136.50572,20.0,29.14,23.252855454641804,5.887144545358197
65,2023-01-15,158.86508,16.0,37.2,27.06162600387813,10.138373996121874
65,2023-01-17,126.409915,17.0,32.24,21.53310118820337,10.70689881179663
65,2023-01-18,76.13407000000001,11.0,0.0,12.968940238427965,-12.968940238427965
65,2023-01-19,165.84439,19.0,38.44,28.250505756339315,10.189494243660683
65,2023-01-20,138.670147,21.0,0.0,23.62155141971289,-23.62155141971289
65,2023-01-21,125.08883,21.0,38.44,21.30806300996223,17.13193699003777
65,2023-01-22,163.553766,23.0,0.0,27.860312958755934,-27.860312958755934
65,2023-01-23,8.04846,1.0,0.0,1.371002453321856,-1.371002453321856
65,2023-01-24,96.07141,5.0,0.0,16.36513554196578,-16.36513554196578
65,2023-01-25,89.43245,7.0,0.0,15.234232183123758,-15.234232183123758
65,2023-01-26,177.14906,18.0,38.44,30.176182258924154,8.263817741075844
65,2023-01-27,219.80214,19.0,38.44,37.44185511084035,0.9981448891596472
65,2023-01-28,147.083364,28.0,38.44,25.054687839267583,13.385312160732415
65,2023-01-29,167.20566,20.0,11.78,28.48238918616731,-16.70238918616731
65,2023-01-30,60.303849,19.0,0.0,10.272365759878381,-10.272365759878381
65,2023-01-31,74.51771,12.0,0.0,12.693603897630926,-12.693603897630926
65,2023-02-01,0.0,0.0,29.76,0.0,29.76
65,2023-02-02,155.03496,25.0,35.96,26.409190144531483,9.550809855468518
65,2023-02-03,173.911052,20.0,0.0,29.624608801160086,-29.624608801160086
65,2023-02-04,164.603242,22.0,0.0,28.039084322557507,-28.039084322557507
65,2023-02-05,183.77279,26.0,38.44,31.304491287004254,7.135508712995744
65,2023-02-06,7.74622,1.0,0.0,1.3195178486282877,-1.3195178486282877
65,2023-02-08,5.03763,2.0,0.0,0.8581272801166661,-0.8581272801166661
65,2023-02-09,161.41867299999998,17.0,0.0,27.49661384848262,-27.49661384848262
65,2023-02-10,199.406598,23.0,0.0,33.96760809727142,-33.96760809727142
65,2023-02-11,212.29977,30.0,0.0,36.1638755127895,-36.1638755127895
65,2023-02-12,41.72346,5.0,0.0,7.107318172802789,-7.107318172802789
65,2023-02-16,171.84266,23.0,38.44,29.272271769425902,9.167728230574095
65,2023-02-17,181.40757100000002,22.0,38.44,30.901591719677906,7.538408280322091
65,2023-02-18,160.980234,20.0,0.0,27.42192863607777,-27.42192863607777
65,2023-02-19,192.787122,25.0,0.0,32.840023710232764,-32.840023710232764
65,2023-02-20,0.0,0.0,38.44,0.0,38.44
65,2023-02-21,8.25583,1.0,0.0,1.4063265747991764,-1.4063265747991764
65,2023-02-22,124.07119,18.0,38.44,21.134714700273364,17.305285299726634
65,2023-02-23,128.128737,19.0,0.0,21.82589125969824,-21.82589125969824
65,2023-02-24,152.453049,24.0,0.0,25.96937851407563,-25.96937851407563
65,2023-02-25,170.380607,24.0,36.58,29.023220615554653,7.5567793844453455
65,2023-02-26,162.791389,24.0,30.38,27.730447029453167,2.649552970546832
65,2023-02-27,179.4439,26.0,38.44,30.567093224497835,7.8729067755021624
65,2023-02-28,160.421991,16.0,38.44,27.326835596844205,11.113164403155793
65,2023-03-01,7.75393,1.0,0.0,1.3208311966371133,-1.3208311966371133
65,2023-03-02,139.99595,19.0,35.34,23.84739327835684,11.492606721643163
65,2023-03-03,190.766475,25.0,0.0,32.495819726576585,-32.495819726576585
65,2023-03-04,162.038774,23.0,0.0,27.602243992921103,-27.602243992921103
65,2023-03-05,184.051972,27.0,0.0,31.352048112399835,-31.352048112399835
65,2023-03-06,174.191177,23.0,38.44,29.672326260430157,8.76767373956984
65,2023-03-07,134.40199,21.0,36.58,22.89449882602878,13.685501173971218
65,2023-03-09,115.00042,15.0,0.0,19.58956843334549,-19.58956843334549
65,2023-03-10,168.95319,25.0,0.0,28.780069477459502,-28.780069477459502
65,2023-03-11,174.52774,29.0,34.1,29.729657563399588,4.3703424366004135
65,2023-03-12,178.104127,28.0,0.0,30.338871667840486,-30.338871667840486
65,2023-03-13,9.73359,1.0,0.0,1.6580533132585717,-1.6580533132585717
65,2023-03-14,174.37235,23.0,35.34,29.70318789451614,5.6368121054838625
65,2023-03-15,147.868304,23.0,0.0,25.18839722785999,-25.18839722785999
65,2023-03-16,173.949948,22.0,44.019999999999996,29.631234480038334,14.388765519961662
65,2023-03-17,175.928865,27.0,0.0,29.968330031475542,-29.968330031475542
65,2023-03-18,196.386058,26.0,0.0,33.45307888915499,-33.45307888915499
65,2023-03-19,61.66474,11.0,0.0,10.50418462953837,-10.50418462953837
65,2023-03-20,150.141681,26.0,0.0,25.57565211194036,-25.57565211194036
65,2023-03-21,178.5268,23.0,32.24,30.410871245393572,1.8291287546064297
65,2023-03-22,142.753618,27.0,21.7,24.317143962766924,-2.6171439627669244
65,2023-03-23,187.932509,23.0,0.0,32.01307217752611,-32.01307217752611
65,2023-03-24,185.220041,24.0,0.0,31.551021017110703,-31.551021017110703
65,2023-03-25,225.79914,28.0,0.0,38.4634047877439,-38.4634047877439
65,2023-03-26,171.38548,21.0,38.44,29.19439415040193,9.245605849598068
65,2023-03-27,128.88019,14.0,20.46,21.953896357139993,-1.4938963571399917
65,2023-03-28,157.257008,23.0,8.06,26.787701469604716,-18.727701469604717
65,2023-03-29,165.751745,27.0,8.68,28.234724287302004,-19.554724287302005
65,2023-03-30,167.746048,19.0,0.0,28.574440743079528,-28.574440743079528
65,2023-03-31,150.62039000000001,19.0,21.7,25.657197055125426,-3.9571970551254267
65,2023-04-01,201.091433,24.0,36.58,34.25460870589003,2.32539129410997
65,2023-04-02,174.493777,24.0,31.0,29.72387218876616,1.2761278112338417
65,2023-04-03,204.493983,22.0,31.0,34.83421081580301,-3.8342108158030115
65,2023-04-04,21.468619,5.0,0.0,3.657038653162495,-3.657038653162495
65,2023-04-05,87.82821999999999,5.0,0.0,14.96096210838989,-14.96096210838989
65,2023-04-06,150.58327,24.0,0.0,25.650873906216525,-25.650873906216525
65,2023-04-07,185.0892,23.0,0.0,31.528733109610993,-31.528733109610993
65,2023-04-08,163.01791,19.0,28.52,27.7690333983646,0.7509666016354011
65,2023-04-09,176.6901,20.0,28.52,30.098001428557026,-1.5780014285570267
65,2023-04-10,138.27449000000001,18.0,16.74,23.554153840837685,-6.814153840837687
65,2023-04-11,138.86223,18.0,11.16,23.654271500851575,-12.494271500851575
65,2023-04-12,116.540254,20.0,9.92,19.851869071195267,-9.931869071195267
65,2023-04-13,127.52558,18.0,21.08,21.723147414697053,-0.6431474146970544
65,2023-04-14,149.439719,20.0,0.0,25.456077482242417,-25.456077482242417
65,2023-04-15,165.98439,20.0,9.92,28.274353839508645,-18.354353839508647
65,2023-04-16,174.23459,17.0,36.58,29.679721380677513,6.900278619322485
65,2023-04-17,168.365729,19.0,39.68,28.679999343268495,11.000000656731505
65,2023-04-18,89.194143,18.0,8.06,15.193638146296367,-7.1336381462963665
65,2023-04-20,141.482897,18.0,0.0,24.100684962102502,-24.100684962102502
65,2023-04-21,178.01568,25.0,35.34,30.323805300611358,5.016194699388645
65,2023-04-22,207.534977,20.0,0.0,35.35222422887049,-35.35222422887049
65,2023-04-23,135.32999,21.0,0.0,23.052577548751223,-23.052577548751223
65,2023-04-24,108.58426,19.0,17.98,18.49661759543295,-0.516617595432951
65,2023-04-25,158.80799,21.0,0.0,27.05190109624857,-27.05190109624857
65,2023-04-26,193.148468,23.0,29.14,32.90157663495352,-3.7615766349535207
65,2023-04-27,185.12342999999998,18.0,0.0,31.534563965945893,-31.534563965945893
65,2023-04-28,164.345819,22.0,0.0,27.995234000316795,-27.995234000316795
65,2023-04-29,217.74814,21.0,0.0,37.09196966205597,-37.09196966205597
65,2023-04-30,130.78549999999998,19.0,0.0,22.27845343816402,-22.27845343816402
65,2023-05-01,171.060301,20.0,24.18,29.139002037281067,-4.959002037281067
65,2023-05-03,169.2256,23.0,0.0,28.826472737003485,-28.826472737003485
65,2023-05-04,124.42133,21.0,0.0,21.19435875627987,-21.19435875627987
65,2023-05-05,46.709424,10.0,0.0,7.956644488169263,-7.956644488169263
65,2023-05-06,135.286,19.0,0.0,23.045084140332516,-23.045084140332516
65,2023-05-07,202.61262,24.0,32.24,34.5137329494051,-2.273732949405101
65,2023-05-08,150.02797,22.0,12.4,25.556282187759876,-13.156282187759876
65,2023-05-10,184.75119,23.0,8.06,31.471155319667663,-23.411155319667664
65,2023-05-11,121.88190999999999,16.0,0.0,20.76178518940936,-20.76178518940936
65,2023-05-12,3.73303,1.0,0.0,0.6358972136687129,-0.6358972136687129
65,2023-05-17,0.0,0.0,36.58,0.0,36.58
65,2023-05-18,158.77186,21.0,0.0,27.045746587356373,-27.045746587356373
65,2023-05-19,185.88913,19.0,0.0,31.664995946537033,-31.664995946537033
65,2023-05-20,140.252575,26.0,24.18,23.89110766652349,0.288892333476511
65,2023-05-21,123.21544,20.0,0.0,20.988943291900807,-20.988943291900807
65,2023-05-22,4.981669999999999,2.0,0.0,0.8485948605869806,-0.8485948605869806
65,2023-05-23,130.38004999999998,16.0,0.0,22.209387685871118,-22.209387685871118
65,2023-05-24,126.86073499999999,26.0,0.0,21.60989542287765,-21.60989542287765
65,2023-05-25,166.995893,23.0,30.38,28.44665675143744,1.933343248562558
65,2023-05-26,177.04242,18.0,0.0,30.158016833287167,-30.158016833287167
65,2023-05-27,193.118578,27.0,0.0,32.89648506919687,-32.89648506919687
65,2023-05-28,129.91357,16.0,24.8,22.129925872750896,2.670074127249105
65,2023-05-29,178.969834,26.0,17.36,30.486339185956734,-13.126339185956734
65,2023-05-30,123.798996,14.0,15.5,21.088348234914836,-5.588348234914836
65,2023-05-31,158.626655,28.0,29.14,27.021011866523494,2.118988133476506
65,2023-06-01,156.60278,18.0,26.66,26.676258014206805,-0.01625801420680517
65,2023-06-02,170.76602,27.0,14.26,29.088873196115674,-14.828873196115675
65,2023-06-03,160.3909,21.0,46.5,27.32153944860265,19.17846055139735
65,2023-06-04,174.649559,30.0,0.0,29.750408632282483,-29.750408632282483
65,2023-06-05,190.26874,22.0,0.0,32.411033828888804,-32.411033828888804
65,2023-06-06,116.982199,19.0,21.7,19.927151507740064,1.7728484922599357
65,2023-06-07,154.186539,26.0,28.52,26.26466718331284,2.255332816687158
65,2023-06-08,175.10572,19.0,30.38,29.82811267132967,0.551887328670329
65,2023-06-10,173.355263,23.0,0.0,29.529933784755794,-29.529933784755794
65,2023-06-12,1.04093,1.0,0.0,0.17731560866753635,-0.17731560866753635
65,2023-06-13,16.91821,4.0,0.0,2.881906279687587,-2.881906279687587
65,2023-06-15,141.684364,20.0,0.0,24.135003546187328,-24.135003546187328
65,2023-06-16,177.552932,22.0,0.0,30.24497920925105,-30.24497920925105
65,2023-06-17,195.20009,24.0,0.0,33.25105700701092,-33.25105700701092
65,2023-06-18,175.8709,23.0,38.44,29.958456073326182,8.481543926673815
65,2023-06-19,196.26007,20.0,0.0,33.431617658424,-33.431617658424
65,2023-06-20,53.0407,2.0,41.54,9.035135892569333,32.50486410743066
65,2023-06-21,158.465027,23.0,0.0,26.9934795951914,-26.9934795951914
65,2023-06-22,208.47701899999998,21.0,38.44,35.512694914334816,2.927305085665182
65,2023-06-23,162.669105,24.0,0.0,27.70961675086546,-27.70961675086546
65,2023-06-24,180.826165,20.0,0.0,30.802553015083973,-30.802553015083973
65,2023-06-25,151.840399,19.0,0.0,25.86501759869211,-25.86501759869211
65,2023-06-26,154.512486,22.0,24.8,26.32019012020423,-1.52019012020423
65,2023-06-27,123.06158,19.0,8.06,20.96273424849771,-12.90273424849771
65,2023-06-28,183.278062,27.0,34.72,31.22021761207427,3.4997823879257304
65,2023-06-29,128.389504,21.0,0.0,21.87031121043979,-21.87031121043979
65,2023-06-30,156.00988999999998,17.0,0.0,26.575263085419184,-26.575263085419184
65,2023-07-05,0.0,0.0,32.86,0.0,32.86
65,2023-07-07,0.0,0.0,38.44,0.0,38.44
65,2023-07-08,0.0,0.0,23.56,0.0,23.56
65,2023-07-09,0.0,0.0,35.96,0.0,35.96
65,2023-07-10,0.0,0.0,18.6,0.0,18.6
65,2023-07-11,0.0,0.0,8.06,0.0,8.06
65,2023-07-12,0.0,0.0,19.84,0.0,19.84
65,2023-07-13,0.0,0.0,28.52,0.0,28.52
65,2023-07-14,0.0,0.0,29.76,0.0,29.76
65,2023-07-18,0.0,0.0,27.279999999999998,0.0,27.279999999999998
65,2023-07-19,146.653428,24.0,0.0,24.981451057228362,-24.981451057228362
65,2023-07-20,104.814621,14.0,0.0,17.85448427835891,-17.85448427835891
65,2023-07-21,168.632293,23.0,34.72,28.725406774996717,5.994593225003282
65,2023-07-22,171.1345,14.0,38.44,29.15164135101736,9.288358648982637
65,2023-07-23,203.83438999999998,17.0,0.0,34.721853467789366,-34.721853467789366
65,2023-07-24,113.107787,17.0,21.700000000000003,19.267170796252444,2.432829203747559
65,2023-07-25,88.069151,13.0,17.36,15.002003126433257,2.3579968735667425
65,2023-07-26,116.700997,14.0,20.46,19.87925058857304,0.5807494114269609
65,2023-07-27,131.682782,11.0,33.48,22.431299550752215,11.048700449247782
65,2023-07-28,149.964868,26.0,35.34,25.54553317530165,9.794466824698354
65,2023-07-29,160.802999,17.0,0.0,27.391737814502648,-27.391737814502648
65,2023-07-30,91.36979,13.0,22.94,15.564245364890027,7.375754635109974
65,2023-07-31,6.173385,3.0,0.0,1.051595706545146,-1.051595706545146
65,2023-08-01,99.541145,12.0,11.78,16.95618217664828,-5.176182176648281
65,2023-08-02,150.664913,21.0,29.76,25.66478125660363,4.095218743396373
65,2023-08-03,141.83676,18.0,0.0,24.160963206777858,-24.160963206777858
65,2023-08-04,146.912809,16.0,0.0,25.025634911946543,-25.025634911946543
65,2023-08-05,154.470585,19.0,36.58,26.3130525592551,10.266947440744897
65,2023-08-06,125.61905999999999,11.0,0.0,21.398384218097057,-21.398384218097057
65,2023-08-07,95.500619,14.0,17.36,16.26790503310644,1.0920949668935584
65,2023-08-08,96.796881,11.0,16.74,16.48871477585821,0.2512852241417889
65,2023-08-09,105.081043,19.0,0.0,17.899867521317052,-17.899867521317052
65,2023-08-10,106.980616,11.0,0.0,18.223447341961496,-18.223447341961496
65,2023-08-11,134.91794,12.0,32.86,22.982387529680334,9.877612470319665
65,2023-08-12,149.66579000000002,13.0,29.76,25.494587196600808,4.265412803399194
65,2023-08-13,124.475049,13.0,26.66,21.20350943613539,5.456490563864609
65,2023-08-14,101.74842,5.0,24.18,17.332177017916795,6.847822982083205
65,2023-08-15,131.294891,18.0,24.18,22.3652248591191,1.8147751408809008
65,2023-08-16,122.02450599999999,19.0,24.8,20.786075484178035,4.013924515821966
65,2023-08-17,105.340022,16.0,0.0,17.94398289796785,-17.94398289796785
65,2023-08-18,136.38477,13.0,0.0,23.23225241421801,-23.23225241421801
65,2023-08-19,165.61132,12.0,38.44,28.21080380816591,10.229196191834088
65,2023-08-20,162.50523,18.0,0.0,27.6817017177985,-27.6817017177985
65,2023-08-21,87.707133,15.0,19.22,14.940335730913283,4.279664269086716
65,2023-08-22,101.71881,20.0,21.08,17.32713314832648,3.7528668516735166
65,2023-08-23,141.348238,19.0,0.0,24.077746683306078,-24.077746683306078
65,2023-08-24,167.24997,23.0,38.44,28.4899371044904,9.950062895509596
65,2023-08-25,169.389985,20.0,0.0,28.854474645230567,-28.854474645230567
65,2023-08-26,178.418859,21.0,0.0,30.392484202926564,-30.392484202926564
65,2023-08-27,215.44166,19.0,0.0,36.69907589871021,-36.69907589871021
65,2023-08-28,115.231117,20.0,19.84,19.628866156509176,0.2111338434908241
65,2023-08-29,101.15165,15.0,0.0,17.230521156538487,-17.230521156538487
65,2023-08-30,139.54523700000001,23.0,27.28,23.770617270431842,3.509382729568159
65,2023-08-31,133.316521,20.0,0.0,22.709596290387818,-22.709596290387818
65,2023-09-01,129.41381,18.0,0.0,22.044795029574423,-22.044795029574423
65,2023-09-02,116.990453,21.0,0.0,19.928557522586345,-19.928557522586345
65,2023-09-03,205.80434,18.0,38.44,35.05742154949958,3.382578450500418
65,2023-09-04,0.547914,1.0,0.0,0.09333356172601857,-0.09333356172601857
65,2023-09-05,106.373957,12.0,18.6,18.120106954194174,0.47989304580582726
65,2023-09-06,141.518184,22.0,0.0,24.106695871465327,-24.106695871465327
65,2023-09-07,162.649902,17.0,38.44,27.706345645571883,10.733654354428115
65,2023-09-08,202.400854,20.0,0.0,34.477659998116266,-34.477659998116266
65,2023-09-10,118.60979,14.0,23.56,20.204400975837633,3.355599024162366
65,2023-09-11,5.3589400000000005,2.0,0.0,0.9128603344248003,-0.9128603344248003
65,2023-09-12,79.360174,10.0,0.0,13.518485927748834,-13.518485927748834
65,2023-09-13,0.0,0.0,13.64,0.0,13.64
65,2023-09-15,5.81661,1.0,0.0,0.990821421739866,-0.990821421739866
65,2023-09-20,13.9191,1.0,0.0,2.371027531730573,-2.371027531730573
65,2023-09-21,13.4905,1.0,0.0,2.2980183285421685,-2.2980183285421685
65,2023-09-22,23.1956,1.0,0.0,3.9512185568757805,-3.9512185568757805
65,2023-09-27,14.052869999999999,2.0,0.0,2.393814375198872,-2.393814375198872
65,2023-09-28,114.181423,20.0,0.0,19.450057657835238,-19.450057657835238
65,2023-09-29,150.344154,17.0,0.0,25.610142061537108,-25.610142061537108
65,2023-09-30,141.285949,18.0,28.52,24.067136160073684,4.452863839926316
65,2023-10-01,77.22877,10.0,0.0,13.155415214467036,-13.155415214467036
65,2023-10-02,111.681872,15.0,0.0,19.024275514021006,-19.024275514021006
65,2023-10-03,96.363269,18.0,16.74,16.414851811292344,0.3251481887076544
65,2023-10-04,166.304336,20.0,30.38,28.328854545349333,2.0511454546506656
65,2023-10-05,171.409792,22.0,0.0,29.198535540387738,-29.198535540387738
65,2023-10-06,132.200903,16.0,0.0,22.51955807003635,-22.51955807003635
65,2023-10-07,204.51384,12.0,38.44,34.837593325713684,3.602406674286314
65,2023-10-08,175.347803,20.0,38.44,29.86934992502883,8.57065007497117
65,2023-10-09,80.20883,12.0,14.88,13.663048919678511,1.2169510803214898
65,2023-10-10,133.13724200000001,18.0,26.04,22.67905728679843,3.3609427132015703
65,2023-10-11,145.131112,21.0,29.14,24.722134495956876,4.4178655040431245
65,2023-10-12,129.493305,18.0,0.0,22.058336482228324,-22.058336482228324
65,2023-10-13,155.38282999999998,16.0,0.0,26.468447520903737,-26.468447520903737
65,2023-10-14,72.750776,15.0,14.88,12.392618262011467,2.4873817379885335
65,2023-10-15,152.37072,12.0,31.62,25.955354308081002,5.664645691918999
65,2023-10-16,1.30541,1.0,0.0,0.22236804464343293,-0.22236804464343293
65,2023-10-17,98.79388,15.0,0.0,16.82889047758019,-16.82889047758019
65,2023-10-18,161.765065,18.0,0.0,27.555619457233995,-27.555619457233995
65,2023-10-19,114.20827,16.0,0.0,19.454630868469863,-19.454630868469863
65,2023-10-20,169.60221,22.0,0.0,28.89062578416351,-28.89062578416351
65,2023-10-21,172.274439,15.0,0.0,29.345822494445702,-29.345822494445702
65,2023-10-22,127.51531,13.0,24.8,21.72139798745313,3.0786020125468703
65,2023-10-23,125.736405,9.0,0.0,21.41837317037924,-21.41837317037924
65,2023-10-24,183.697176,27.0,34.1,31.2916109372845,2.808389062715502
65,2023-10-25,151.52311,28.0,0.0,25.81096949540129,-25.81096949540129
65,2023-10-26,176.72419,19.0,38.44,30.10380843680876,8.336191563191239
65,2023-10-27,197.47744,18.0,0.0,33.638988665622946,-33.638988665622946
65,2023-10-28,175.00635,18.0,0.0,29.81118564258298,-29.81118564258298
65,2023-10-29,187.444034,17.0,0.0,31.929863660196535,-31.929863660196535
65,2023-10-31,1.24275,1.0,0.0,0.21169432399064378,-0.21169432399064378
65,2023-11-01,72.915844,11.0,0.0,12.420736514815722,-12.420736514815722
65,2023-11-02,133.18438799999998,15.0,26.66,22.68708829914915,3.972911700850851
65,2023-11-03,119.386913,15.0,8.68,20.33677878967194,-11.65677878967194
65,2023-11-04,121.23697,11.0,37.2,20.65192388398629,16.548076116013714
65,2023-11-05,133.568813,18.0,27.9,22.752572580380377,5.147427419619621
65,2023-11-06,74.619768,15.0,0.0,12.710988809574468,-12.710988809574468
65,2023-11-07,134.194927,24.0,1.24,22.85922699999098,-21.619226999990982
65,2023-11-08,100.76718,18.0,0.0,17.165029209851955,-17.165029209851955
65,2023-11-09,153.561285,20.0,0.0,26.158159259070274,-26.158159259070274
65,2023-11-10,181.336277,21.0,0.0,30.88944725366737,-30.88944725366737
65,2023-11-11,125.34855,14.0,0.0,21.35230461111037,-21.35230461111037
65,2023-11-12,132.593383,19.0,0.0,22.58641446776706,-22.58641446776706
65,2023-11-13,155.533879,19.0,0.0,26.49417772886549,-26.49417772886549
65,2023-11-14,5.11,2.0,1.24,0.8704550356806998,0.3695449643193002
65,2023-11-15,172.856131,23.0,34.1,29.444909917266678,4.655090082733324
65,2023-11-16,131.214611,12.0,30.38,22.351549686855996,8.028450313144003
65,2023-11-17,174.461394,22.0,0.0,29.718355956785643,-29.718355956785643
65,2023-11-18,76.702816,8.0,16.12,13.06582239492958,3.0541776050704215
65,2023-11-19,126.49903400000001,15.0,1.24,21.548282026231714,-20.308282026231716
65,2023-11-20,133.74221,18.0,0.0,22.782109623789754,-22.782109623789754
65,2023-11-21,152.883362,26.0,31.0,26.042679515595957,4.957320484404043
65,2023-11-22,175.518944,35.0,0.0,29.89850267361228,-29.89850267361228
65,2023-11-23,112.77871,13.0,27.279999999999998,19.211114684358765,8.068885315641232
65,2023-11-24,5.32563,1.0,0.0,0.9071861940650109,-0.9071861940650109
65,2023-11-25,132.31141,14.0,6.82,22.538382213799157,-15.718382213799156
65,2023-11-26,119.642652,15.0,0.0,20.38034225354081,-20.38034225354081
65,2023-11-27,126.153042,21.0,35.96,21.489344554860825,14.470655445139176
65,2023-11-28,99.592847,12.0,0.0,16.964989273762715,-16.964989273762715
65,2023-11-29,132.81175000000002,19.0,0.0,22.623611856177337,-22.623611856177337
65,2023-11-30,135.627975,20.0,18.6,23.10333734205989,-4.50333734205989
65,2023-12-01,163.352239,22.0,16.74,27.82598415406403,-11.085984154064032
65,2023-12-02,131.164584,18.0,37.82,22.343027915022336,15.476972084977664
65,2023-12-03,184.038804,12.0,1.24,31.349805029834307,-30.10980502983431
65,2023-12-04,157.919836,17.0,0.0,26.900609878683024,-26.900609878683024
65,2023-12-05,72.39204,13.0,15.5,12.331509933698364,3.1684900663016364
65,2023-12-06,119.900534,21.0,26.04,20.424270763425625,5.615729236574374
65,2023-12-07,161.365466,25.0,1.24,27.48755038447412,-26.24755038447412
65,2023-12-08,191.334631,20.0,1.24,32.592601380441984,-31.352601380441985
65,2023-12-09,153.90538,17.0,3.7199999999999998,26.21677358891422,-22.49677358891422
65,2023-12-10,175.26134199999998,24.0,0.0,29.8546218598938,-29.8546218598938
65,2023-12-11,178.591212,23.0,38.44,30.421843407772883,8.018156592227115
65,2023-12-12,148.860592,27.0,0.0,25.357426990373796,-25.357426990373796
65,2023-12-13,157.210793,22.0,22.32,26.779829047007066,-4.459829047007066
65,2023-12-14,132.468057,18.0,50.839999999999996,22.565066004400776,28.27493399559922
65,2023-12-15,233.08495,21.0,1.24,39.7044948080008,-38.4644948080008
65,2023-12-16,146.45849,14.0,31.0,24.94824464553648,6.05175535446352
65,2023-12-17,133.221952,14.0,1.24,22.693487080550383,-21.453487080550385
65,2023-12-18,131.696533,22.0,29.759999999999998,22.433641943549794,7.3263580564502035
65,2023-12-19,137.17128,18.0,25.419999999999998,23.36622924202882,2.0537707579711793
65,2023-12-20,144.99867700000001,17.0,2.48,24.699575060995944,-22.219575060995943
65,2023-12-21,135.249092,20.0,29.14,23.03879710423527,6.101202895764729
65,2023-12-22,119.50619,15.0,0.0,20.357096845501857,-20.357096845501857
65,2023-12-23,170.20186999999999,9.0,35.96,28.992773938115814,6.967226061884187
65,2023-12-24,137.5175,16.0,0.0,23.425205551706583,-23.425205551706583
65,2023-12-25,0.0,0.0,8.68,0.0,8.68
65,2023-12-26,9.261405,2.0,0.0,1.5776196907492,-1.5776196907492
65,2023-12-27,165.870643,27.0,39.68,28.254977782963916,11.425022217036084
65,2023-12-28,159.496209,19.0,32.24,27.169134695896545,5.070865304103457
65,2023-12-29,195.354976,21.0,10.54,33.27744082279496,-22.73744082279496
65,2023-12-30,174.089538,17.0,0.0,29.65501272239267,-29.65501272239267
65,2023-12-31,105.196912,12.0,0.0,17.91960504666525,-17.91960504666525
72,2021-03-05,95.50149,6.0,26.66,16.64961306613755,10.01038693386245
72,2021-03-06,102.34085999999999,6.0,40.919999999999995,17.8419804743963,23.078019525603693
72,2021-03-07,109.36941999999999,7.0,0.0,19.067331036069543,-19.067331036069543
72,2021-03-08,163.9486,4.0,42.16,28.582598582859372,13.577401417140624
72,2021-03-09,131.67983,5.0,33.48,22.956900652699463,10.523099347300533
72,2021-03-12,243.01547,12.0,40.3,42.36702008089672,-2.067020080896725
72,2021-03-13,61.419070000000005,5.0,6.82,10.707725611213153,-3.8877256112131526
72,2021-03-16,135.33334000000002,8.0,39.059999999999995,23.593849121600467,15.466150878399528
72,2021-03-17,168.83709,14.0,38.44,29.434851955845307,9.00514804415469
72,2021-03-20,104.34812,5.0,42.16,18.19192372997415,23.968076270025847
72,2021-03-21,170.3726,8.0,43.4,29.70255089289001,13.697449107109989
72,2021-03-22,78.97800000000001,4.0,42.78,13.768928010834298,29.011071989165703
72,2021-03-23,103.17529,6.0,43.4,17.98745398094345,25.41254601905655
72,2021-03-24,202.23083,10.0,44.019999999999996,35.25667578111966,8.763324218880335
72,2021-03-27,132.5396,7.0,42.78,23.106791903881756,19.673208096118245
72,2021-03-28,141.94377,8.0,4.96,24.746303410018243,-19.786303410018242
72,2021-03-30,101.29137,5.0,34.72,17.659013670247166,17.060986329752833
72,2021-03-31,105.90403,6.0,40.92,18.463179178090552,22.45682082190945
72,2021-04-03,92.80668,5.0,7.4399999999999995,16.179803183728822,-8.739803183728823
72,2021-04-04,65.81632,7.0,38.44,11.47433680288224,26.965663197117756
72,2021-04-07,77.78602,7.0,28.52,13.56111967420442,14.95888032579558
72,2021-04-08,91.42219,7.0,2.48,15.938432888941415,-13.458432888941415
72,2021-04-09,108.19811,6.0,40.300000000000004,18.86312628198144,21.436873718018564
72,2021-04-10,71.69709,5.0,30.380000000000003,12.49958305852652,17.880416941473484
72,2021-04-11,118.02866,7.0,42.78,20.5769723562921,22.2030276437079
72,2021-04-15,102.172466,10.0,45.879999999999995,17.812622870209612,28.067377129790383
72,2021-04-16,115.79865,6.0,48.98,20.18819513790925,28.791804862090746
72,2021-04-17,120.77826,9.0,5.58,21.056334260348798,-15.476334260348798
72,2021-04-18,84.57914000000001,4.0,24.18,14.745423913979533,9.434576086020467
72,2021-04-19,67.24787,4.0,30.38,11.72391148056349,18.65608851943651
72,2021-04-21,186.5864,9.0,42.16,32.529244972026795,9.630755027973201
72,2021-04-22,199.1539,11.0,44.64,34.72024756485214,9.919752435147863
72,2021-04-23,122.99814,8.0,6.82,21.44334542691026,-14.623345426910259
72,2021-04-26,128.0663,8.0,5.58,22.32692224814389,-16.74692224814389
72,2021-04-27,0.679688,1.0,0.0,0.11849597535804832,-0.11849597535804832
72,2021-04-28,185.64917,9.0,44.64,32.36584943909871,12.27415056090129
72,2021-04-29,177.22292,9.0,39.68,30.89682731076813,8.783172689231868
72,2021-05-01,117.26948,7.0,6.82,20.444617842791313,-13.624617842791313
72,2021-05-03,149.45725,8.0,43.4,26.05619433193122,17.34380566806878
72,2021-05-04,3.16883,1.0,0.0,0.5524499499679916,-0.5524499499679916
72,2021-05-06,144.70553,8.0,5.58,25.227785273615723,-19.647785273615725
72,2021-05-07,44.069849999999995,4.0,35.96,7.683083796731567,28.276916203268435
72,2021-05-08,166.99213,9.0,40.3,29.113203883940873,11.186796116059124
72,2021-05-10,183.34584999999998,8.0,43.4,31.96429144489887,11.43570855510113
72,2021-05-13,118.86104,5.0,43.400000000000006,20.722088468344296,22.67791153165571
72,2021-05-14,204.02987000000002,12.0,44.02,35.57031821633721,8.44968178366279
72,2021-05-15,190.34206,10.0,7.44,33.184002147103016,-25.744002147103014
72,2021-05-16,125.5509,11.0,27.28,21.888390485900572,5.391609514099429
72,2021-05-20,56.00101,6.0,28.52,9.763147651548678,18.75685234845132
72,2021-05-21,150.8417,12.0,34.72,26.29755765316751,8.42244234683249
72,2021-05-22,0.0,0.0,4.34,0.0,4.34
72,2021-05-23,123.18726,8.0,39.059999999999995,21.476316376610285,17.58368362338971
72,2021-05-24,114.70907,8.0,35.34,19.998239092149102,15.341760907850901
72,2021-05-25,94.41471,5.0,16.74,16.460145168955872,0.27985483104412623
72,2021-05-28,59.471959999999996,4.0,3.72,10.36826883313349,-6.648268833133489
72,2021-05-29,107.49534,8.0,42.78,18.740606218949026,24.039393781050975
72,2021-05-30,188.53757,15.0,42.78,32.86940956554523,9.910590434454768
72,2021-05-31,40.6509,3.0,17.98,7.08702823160404,10.89297176839596
72,2021-06-01,44.7958,1.0,0.0,7.809645032638595,-7.809645032638595
72,2021-06-04,158.79084,8.0,44.019999999999996,27.68340100711473,16.336598992885268
72,2021-06-05,123.90716,7.0,39.06,21.601822862910264,17.458177137089738
72,2021-06-06,144.76974,9.0,40.92,25.23897956655269,15.681020433447312
72,2021-06-09,83.89622,6.0,39.68,14.626364475690908,25.053635524309094
72,2021-06-12,109.3267,6.0,39.68,19.05988328347233,20.62011671652767
72,2021-06-13,59.98296,4.0,8.06,10.457355948704109,-2.3973559487041083
72,2021-06-14,144.97183,10.0,42.16,25.2742116902037,16.885788309796297
72,2021-06-15,129.5256,8.0,38.44,22.581334826915327,15.85866517308467
72,2021-06-16,76.38828,6.0,0.0,13.317439390608184,-13.317439390608184
72,2021-06-17,55.343509999999995,3.0,45.260000000000005,9.64851990499744,35.61148009500256
72,2021-06-18,184.7698,10.0,42.78,32.212541147867135,10.567458852132866
72,2021-06-20,94.84606,6.0,34.1,16.53534620085682,17.56465379914318
72,2021-06-21,131.46126999999998,8.0,44.64,22.918797169374383,21.721202830625618
72,2021-06-22,134.66122,8.0,44.019999999999996,23.476672542114503,20.543327457885493
72,2021-06-25,104.18608,7.0,38.44,18.16367387438303,20.27632612561697
72,2021-06-27,0.0,0.0,1.24,0.0,1.24
72,2021-06-28,94.82579,7.0,4.96,16.531812353826265,-11.571812353826264
72,2021-07-01,66.18563,6.0,32.24,11.53872185699454,20.70127814300546
72,2021-07-02,145.18152,8.0,48.36,25.310768788567696,23.049231211432303
72,2021-07-03,22.899286,4.0,0.0,3.992233538877987,-3.992233538877987
72,2021-07-04,114.83981,8.0,6.82,20.02103214398805,-13.201032143988051
72,2021-07-05,221.94650000000001,9.0,47.12,38.693881596857786,8.426118403142212
72,2021-07-06,4.72477,1.0,9.92,0.8237106282477343,9.096289371752265
72,2021-07-07,99.22229,7.0,17.36,17.298292791411832,0.06170720858816736
72,2021-07-08,121.5329,5.0,43.400000000000006,21.187897275797354,22.21210272420265
72,2021-07-09,139.95477,6.0,48.36,24.399543580527126,23.960456419472873
72,2021-07-10,0.0,0.0,4.96,0.0,4.96
72,2021-07-11,135.43123,13.0,33.48,23.610915144581302,9.869084855418695
72,2021-07-12,154.95830999999998,11.0,42.78,27.015242410171744,15.764757589828257
72,2021-07-13,162.99413,11.0,42.16,28.416197449398148,13.743802550601849
72,2021-07-16,193.66907,10.0,19.840000000000003,33.76402900497896,-13.924029004978955
72,2021-07-17,8.96025,3.0,0.0,1.562119035795766,-1.562119035795766
72,2021-07-18,109.03617,5.0,36.58,19.009232638292815,17.570767361707183
72,2021-07-19,189.38615,9.0,45.879999999999995,33.01734996580143,12.862650034198566
72,2021-07-20,119.899157,8.0,44.019999999999996,20.903072517570955,23.11692748242904
72,2021-07-23,136.92693,6.0,45.26,23.871673654872836,21.38832634512716
72,2021-07-25,117.55964,8.0,39.68,20.495203982622957,19.184796017377042
72,2021-07-26,121.3289,5.0,7.44,21.152332165080317,-13.712332165080316
72,2021-07-27,138.65581,11.0,45.26,24.17308448142417,21.08691551857583
72,2021-07-30,149.8295,10.0,37.82,26.121091942050914,11.698908057949087
72,2021-08-01,167.9476,7.0,46.5,29.279779356180125,17.220220643819875
72,2021-08-02,78.240731,8.0,39.68,13.640393434298806,26.03960656570119
72,2021-08-03,103.49968,5.0,34.72,18.044007737146877,16.67599226285312
72,2021-08-04,0.0,0.0,1.24,0.0,1.24
72,2021-08-05,0.0,0.0,1.24,0.0,1.24
72,2021-08-06,97.52393000000001,4.0,44.64,17.002202784365814,27.637797215634187
72,2021-08-07,96.37267,8.0,39.06,16.801493522777104,22.258506477222898
72,2021-08-08,98.93095,9.0,29.76,17.247500931822117,12.512499068177885
72,2021-08-09,157.144089,10.0,45.879999999999995,27.396308450063785,18.48369154993621
72,2021-08-10,149.62905,10.0,39.06,26.086145733995867,12.973854266004135
72,2021-08-12,0.0,0.0,1.24,0.0,1.24
72,2021-08-13,99.53775,5.0,42.78,17.3532897023275,25.4267102976725
72,2021-08-15,42.68363,6.0,44.64,7.4414118958581765,37.19858810414183
72,2021-08-16,106.85750999999999,7.0,42.78,18.629407716161534,24.150592283838467
72,2021-08-17,80.537848,4.0,35.96,14.040870005058558,21.919129994941443
72,2021-08-19,59.89410000000001,2.0,0.0,10.441864204888835,-10.441864204888835
72,2021-08-20,212.63898,8.0,37.2,37.071219933617385,0.12878006638261752
72,2021-08-21,0.0,0.0,1.24,0.0,1.24
72,2021-08-24,0.0,0.0,1.24,0.0,1.24
72,2021-08-27,139.96728000000002,11.0,42.16,24.40172455864022,17.75827544135978
72,2021-08-29,117.46153,12.0,47.74,20.478099605110952,27.26190039488905
72,2021-08-30,146.98675,10.0,37.2,25.625490380821216,11.574509619178787
72,2021-08-31,136.38718,7.0,45.26,23.777574299434008,21.48242570056599
72,2021-09-05,151.34494,13.0,42.08,26.385291899820658,15.69470810017934
72,2021-09-06,104.41028,6.0,44.019999999999996,18.202760628416165,25.81723937158383
72,2021-09-07,151.99722,9.0,35.34,26.499009597950604,8.8409904020494
72,2021-09-09,0.0,0.0,1.24,0.0,1.24
72,2021-09-10,148.5647,9.0,45.26,25.900588255605278,19.35941174439472
72,2021-09-11,189.30315000000002,12.0,42.78,33.00287984722539,9.777120152774614
72,2021-09-12,169.69747999999998,10.0,48.98,29.584851297069974,19.395148702930022
72,2021-09-13,159.85035,8.0,45.879999999999995,27.86811468581967,18.011885314180326
72,2021-09-14,160.26934,10.0,7.44,27.941160890424236,-20.501160890424234
72,2021-09-17,102.84141,6.0,38.44,17.929245749736562,20.510754250263435
72,2021-09-19,134.08028000000002,12.0,46.5,23.375392172408844,23.124607827591156
72,2021-09-20,119.98013,8.0,25.42,20.91718925144395,4.502810748556051
72,2021-09-21,153.12826,11.0,40.3,26.696193729447657,13.60380627055234
72,2021-09-24,164.02866,7.0,40.919999999999995,28.596556145428032,12.323443854571963
72,2021-09-26,135.87264,14.0,42.78,23.68787002458918,19.09212997541082
72,2021-09-27,158.31115,9.0,4.34,27.59977243868406,-23.25977243868406
72,2021-09-28,157.253336,10.0,44.019999999999996,27.415354438546647,16.60464556145335
72,2021-10-01,2.11235,1.0,0.0,0.36826451776046276,-0.36826451776046276
72,2021-10-02,5.75211,1.0,0.0,1.0028158284636235,-1.0028158284636235
72,2021-10-04,161.35243,12.0,28.41,28.129985477515003,0.28001452248499703
72,2021-10-05,108.33167,8.0,34.1,18.88641096917442,15.213589030825581
72,2021-10-08,103.20450000000001,5.0,4.96,17.99254641664955,-13.032546416649549
72,2021-10-10,154.10447,11.0,40.3,26.86638498794314,13.433615012056858
72,2021-10-11,88.55355,7.0,31.0,15.438317696748657,15.561682303251343
72,2021-10-12,185.08694,9.0,46.5,32.26783094792989,14.232169052070113
72,2021-10-14,61.4409,2.0,13.02,10.711531426737432,2.3084685732625676
72,2021-10-15,110.03829999999999,6.0,37.82,19.183942757914703,18.636057242085297
72,2021-10-16,0.0,0.0,1.24,0.0,1.24
72,2021-10-18,36.5513,2.0,0.0,6.372308977214003,-6.372308977214003
72,2021-10-19,0.0,0.0,6.2,0.0,6.2
72,2021-10-21,18.9485,1.0,0.0,3.3034583354009173,-3.3034583354009173
72,2021-10-22,5.665430000000001,2.0,0.0,0.9877041431844432,-0.9877041431844432
72,2021-10-24,223.69107,11.0,6.82,38.998027798836326,-32.178027798836325
72,2021-10-25,207.49992,11.0,29.759999999999998,36.1752824930218,-6.415282493021799
72,2021-10-26,146.48522,6.0,39.06,25.53805425347849,13.521945746521514
72,2021-10-28,148.51344,11.0,38.44,25.891651649843734,12.548348350156264
72,2021-10-31,168.0456,6.0,45.26,29.296864556426545,15.963135443573453
72,2021-11-01,13.235956,2.0,44.64,2.3075403950286186,42.33245960497138
72,2021-11-02,248.5127,11.0,5.58,43.32540044161741,-37.74540044161741
72,2021-11-03,0.0,0.0,8.06,0.0,8.06
72,2021-11-04,162.61282,9.0,5.71,28.349720329949548,-22.639720329949547
72,2021-11-07,27.2825,2.0,9.3,4.756397711458718,4.543602288541282
72,2021-11-08,104.69078999999999,7.0,48.98,18.25166439903987,30.728335600960126
72,2021-11-09,236.12751,12.0,45.26,41.16618155141375,4.093818448586248
72,2021-11-11,93.31972999999999,8.0,35.34,16.26924769379439,19.070752306205613
72,2021-11-13,149.9792,6.0,42.16,26.14719045712121,16.012809542878788
72,2021-11-14,177.90802,11.0,44.64,31.01626680759285,13.623733192407151
72,2021-11-15,187.45510000000002,10.0,42.78,32.68069306849685,10.09930693150315
72,2021-11-16,91.92511999999999,7.0,21.08,16.02611309057337,5.053886909426627
72,2021-11-17,68.70731,6.0,46.5,11.978348466763851,34.52165153323615
72,2021-11-21,269.47993,17.0,45.26,46.98080169838013,-1.7208016983801286
72,2021-11-22,144.97325,6.0,46.5,25.274459251268496,21.225540748731504
72,2021-11-23,204.50130000000001,11.0,42.16,35.65250674646139,6.507493253538605
72,2021-11-27,74.28954,5.0,0.0,12.951547623616639,-12.951547623616639
72,2021-11-28,176.71137,10.0,47.739999999999995,30.807644308869598,16.932355691130397
72,2021-11-29,117.05793,7.0,43.4,20.407736474300187,22.992263525699812
72,2021-11-30,0.303164,1.0,0.0,0.05285324130107838,-0.05285324130107838
72,2021-12-01,5.808,2.0,1.24,1.0125596227674236,0.22744037723257637
72,2021-12-03,26.822630000000004,3.0,6.2,4.676224537608503,1.5237754623914972
72,2021-12-05,132.51042,7.0,47.12,23.101704698338995,24.018295301661002
72,2021-12-06,122.22380000000001,5.0,48.98,21.308347937534617,27.67165206246538
72,2021-12-07,122.10895000000001,8.0,29.14,21.28832512887848,7.851674871121521
72,2021-12-08,129.03459,8.0,59.519999999999996,22.495732743517422,37.024267256482574
72,2021-12-09,75.461,4.0,16.74,13.155778528521447,3.5842214714785516
72,2021-12-10,74.72210000000001,2.0,29.14,13.026959605439002,16.113040394560997
72,2021-12-11,35.2931,1.0,25.42,6.152955926703334,19.267044073296667
72,2021-12-12,79.36599,5.0,31.0,13.836569713320095,17.163430286679905
72,2021-12-13,119.3469,6.0,45.879999999999995,20.806792707035374,25.07320729296462
72,2021-12-14,122.87781,6.0,8.06,21.422367241750543,-13.362367241750542
72,2021-12-15,54.479600000000005,2.0,0.0,9.497906891274129,-9.497906891274129
72,2021-12-16,0.321212,1.0,38.44,0.05599970756686806,38.38400029243313
72,2021-12-18,72.04258,5.0,17.36,12.55981536294627,4.800184637053729
72,2021-12-19,138.80820599999998,9.0,47.739999999999995,24.199653013840017,23.540346986159978
72,2021-12-20,156.4703,9.0,40.92,27.278840899157306,13.641159100842696
72,2021-12-21,37.0432,2.0,49.599999999999994,6.4580662221243506,43.14193377787564
72,2021-12-22,0.0,0.0,2.48,0.0,2.48
72,2021-12-24,0.0,0.0,1.24,0.0,1.24
72,2021-12-26,111.52686,5.0,5.58,19.443456489331144,-13.863456489331144
72,2021-12-27,136.97039999999998,7.0,41.54,23.879252161553566,17.660747838446433
72,2021-12-28,141.96527,7.0,41.54,24.750051693745775,16.789948306254225
72,2021-12-29,13.50837,3.0,19.84,2.355032718905438,17.484967281094562
72,2021-12-30,56.9805,3.0,0.0,9.933910741236085,-9.933910741236085
72,2021-12-31,168.49273,11.0,11.16,29.374816654244725,-18.214816654244725
72,2022-01-02,37.63123,4.0,9.92,6.560582653766212,3.359417346233788
72,2022-01-03,128.49111,11.0,46.5,22.40098310443656,24.09901689556344
72,2022-01-04,203.769107,16.0,43.4,35.52485711356315,7.875142886436848
72,2022-01-05,115.45463,11.0,48.98,20.128219111493195,28.851780888506802
72,2022-01-07,0.0,0.0,1.86,0.0,1.86
72,2022-01-08,219.20044000000001,10.0,45.879999999999995,38.2151368520753,7.664863147924699
72,2022-01-11,54.30431,5.0,0.0,9.46734704687418,-9.46734704687418
72,2022-01-14,30.9131,2.0,7.44,5.389352078955173,2.0506479210448276
72,2022-01-18,197.75391,13.0,42.160000000000004,34.476175019005346,7.6838249809946575
72,2022-01-19,148.08983,10.0,45.26,25.817800000084695,19.442199999915303
72,2022-01-21,60.7224,5.0,19.84,10.586269014726689,9.253730985273311
72,2022-01-22,135.89299,8.0,44.64,23.691417818721984,20.948582181278017
72,2022-01-24,128.60111999999998,6.0,19.22,22.420162113407052,-3.2001621134070533
72,2022-01-25,76.44613,7.0,23.560000000000002,13.327524888916912,10.23247511108309
72,2022-01-26,111.21396,6.0,4.96,19.388905885687215,-14.428905885687215
72,2022-01-27,34.79851,5.0,9.92,6.0667297104801,3.8532702895199
72,2022-01-29,226.544498,10.0,47.739999999999995,39.495490949537775,8.24450905046222
72,2022-01-31,236.612279,19.0,48.36,41.250695586498004,7.109304413501995
72,2022-02-01,193.95250000000001,10.0,43.4,33.8134418448345,9.586558155165498
72,2022-02-03,49.0243,1.0,14.88,8.546836555516013,6.333163444483988
72,2022-02-04,199.2978,11.0,48.98,34.74533491500989,14.234665084990105
72,2022-02-05,134.66624000000002,7.0,5.58,23.477547722780194,-17.897547722780196
72,2022-02-06,25.3492,2.0,6.82,4.419348551903577,2.400651448096423
72,2022-02-07,183.29598,12.0,47.74,31.95559717003878,15.784402829961223
72,2022-02-08,223.30036,10.0,48.98,38.929911894874294,10.050088105125702
72,2022-02-09,202.111854,14.0,4.34,35.235933650665395,-30.895933650665395
72,2022-02-11,5.79394,2.0,0.0,1.0101084195483965,-1.0101084195483965
72,2022-02-14,0.0,0.0,1.24,0.0,1.24
72,2022-02-15,200.24822999999998,11.0,40.3,34.9110317198079,5.3889682801920955
72,2022-02-16,131.74563,6.0,39.059999999999995,22.96837214429349,16.091627855706506
72,2022-02-17,31.17369,6.0,9.3,5.434783021120628,3.8652169788793724
72,2022-02-18,31.7287,1.0,0.0,5.531542786312114,-5.531542786312114
72,2022-02-19,152.9532,9.0,0.62,26.665673982966652,-26.04567398296665
72,2022-02-21,218.40213,13.0,43.4,38.075960462190395,5.324039537809604
72,2022-02-22,136.82599,8.0,49.599999999999994,23.854075898619023,25.74592410138097
72,2022-02-26,195.14531,14.0,47.12,34.02139488265013,13.09860511734987
72,2022-02-27,0.0,0.0,1.24,0.0,1.24
72,2022-02-28,184.91373,14.0,37.82,32.23763372818823,5.582366271811772
72,2022-03-01,98.69191000000001,7.0,22.94,17.205826990323096,5.734173009676905
72,2022-03-02,160.86759999999998,9.0,27.900000000000002,28.045460807765288,-0.1454608077652857
72,2022-03-03,0.0,0.0,3.7199999999999998,0.0,3.7199999999999998
72,2022-03-05,199.8798,10.0,48.980000000000004,34.84680008382026,14.133199916179741
72,2022-03-07,149.81765,10.0,36.58,26.11902602753132,10.460973972468679
72,2022-03-08,240.126,8.0,47.12,41.863273411957714,5.256726588042284
72,2022-03-09,126.44386,5.0,9.92,22.044068041125506,-12.124068041125506
72,2022-03-14,137.11629,6.0,24.18,23.90468644587959,0.2753135541204088
72,2022-03-15,189.05223,9.0,29.76,32.95913476104343,-3.199134761043428
72,2022-03-16,139.72202,7.0,43.4,24.358966229941878,19.04103377005812
72,2022-03-17,29.0437,1.0,0.0,5.0634431673158105,-5.0634431673158105
72,2022-03-18,0.0,0.0,1.24,0.0,1.24
72,2022-03-19,250.76645000000002,14.0,42.78,43.71831646259057,-0.9383164625905707
72,2022-03-21,37.5561,5.0,9.92,6.547484581373217,3.372515418626783
72,2022-03-22,8.27558,1.0,0.0,1.4427545046455985,-1.4427545046455985
72,2022-03-23,16.3304,1.0,0.0,2.847021980654466,-2.847021980654466
72,2022-03-24,75.4564,2.0,1.24,13.154976570142534,-11.914976570142533
72,2022-03-26,32.6932,1.0,26.04,5.699692537716931,20.340307462283068
72,2022-03-28,39.79216,3.0,0.0,6.937316549363114,-6.937316549363114
72,2022-03-29,20.1482,1.0,0.0,3.512612567397143,-3.512612567397143
72,2022-03-30,56.30986,3.0,0.0,9.816992183141606,-9.816992183141606
72,2022-03-31,0.0,0.0,1.24,0.0,1.24
72,2022-04-04,32.9122,2.0,0.0,5.737872730104339,-5.737872730104339
72,2022-04-05,6.62663,3.0,2.48,1.155278576621779,1.324721423378221
72,2022-04-06,10.6029,1.0,0.0,1.8484966295180298,-1.8484966295180298
72,2022-04-08,30.008960000000002,4.0,4.34,5.231725416191926,-0.8917254161919264
72,2022-04-09,26.88274,3.0,0.0,4.686704041555567,-4.686704041555567
72,2022-04-10,5.58507,1.0,0.0,0.9736942789823786,-0.9736942789823786
72,2022-04-11,33.285656,3.0,0.0,5.8029805927903295,-5.8029805927903295
72,2022-04-16,26.72595,3.0,4.34,4.6593694645490755,-0.31936946454907567
72,2022-04-18,0.0,0.0,1.24,0.0,1.24
72,2022-04-20,21.986,1.0,0.0,3.833012373650926,-3.833012373650926
72,2022-04-21,0.0,0.0,1.24,0.0,1.24
72,2022-04-24,28.72148,2.0,0.0,5.007267726260693,-5.007267726260693
72,2022-04-26,12.15459,2.0,22.94,2.1190163679911675,20.820983632008833
72,2022-04-30,14.912840000000001,2.0,0.0,2.5998863024777803,-2.5998863024777803
72,2022-05-02,12.863,1.0,1.24,2.242519701731641,-1.002519701731641
72,2022-05-04,28.1015,1.0,0.0,4.899181170660944,-4.899181170660944
72,2022-05-05,57.12629,5.0,0.0,9.959327591684305,-9.959327591684305
72,2022-05-07,2.34236,1.0,0.0,0.40836418009392267,-0.40836418009392267
72,2022-05-08,37.580299999999994,2.0,0.0,6.551703579801413,-6.551703579801413
72,2022-05-09,28.321505000000002,4.0,0.0,4.9375365735202665,-4.9375365735202665
72,2022-05-10,10.501339999999999,3.0,0.0,1.8307907832218415,-1.8307907832218415
72,2022-05-11,28.77283,3.0,0.0,5.016220022512261,-5.016220022512261
72,2022-05-14,52.4498,3.0,0.0,9.144034039639605,-9.144034039639605
72,2022-05-15,82.3671,2.0,0.0,14.359779563437785,-14.359779563437785
72,2022-05-16,73.2388,4.0,11.78,12.76836289599497,-0.9883628959949711
72,2022-05-17,18.889670000000002,2.0,0.0,3.293201985089725,-3.293201985089725
72,2022-05-21,81.17799,8.0,0.0,14.152471579100842,-14.152471579100842
72,2022-05-22,76.42483999999999,4.0,0.0,13.323813216332766,-13.323813216332766
72,2022-05-24,27.61711,2.0,0.0,4.814733209973562,-4.814733209973562
72,2022-05-25,99.73984999999999,5.0,0.0,17.388523569366292,-17.388523569366292
72,2022-05-26,73.30734,5.0,0.0,12.780312075840783,-12.780312075840783
72,2022-05-28,48.54224,6.0,0.0,8.46279480418143,-8.46279480418143
72,2022-05-29,54.2603,2.0,0.0,9.459674397253313,-9.459674397253313
72,2022-05-30,23.5616,1.0,0.0,4.107700552306634,-4.107700552306634
72,2022-05-31,52.6616,2.0,0.0,9.180958992825234,-9.180958992825234
72,2022-06-01,93.00635,6.0,0.0,16.214613407537012,-16.214613407537012
72,2022-06-05,29.413999999999998,3.0,0.0,5.1280008168183535,-5.1280008168183535
72,2022-06-06,0.250808,1.0,0.0,0.04372556023881749,-0.04372556023881749
72,2022-06-08,45.1315,2.0,0.0,7.868170560421485,-7.868170560421485
72,2022-06-09,22.71573,3.0,0.0,3.960232610138886,-3.960232610138886
72,2022-06-12,57.0861,3.0,0.0,9.952320916195493,-9.952320916195493
72,2022-06-13,65.01578,5.0,0.0,11.334771637522351,-11.334771637522351
72,2022-06-14,107.2924,5.0,0.0,18.705225907336697,-18.705225907336697
72,2022-06-15,16.0471,1.0,0.0,2.7976318048400697,-2.7976318048400697
72,2022-06-20,22.64657,3.0,0.0,3.9481753402506983,-3.9481753402506983
72,2022-06-21,28.4691,1.0,0.0,4.963268105462821,-4.963268105462821
72,2022-06-22,5.65662,2.0,0.0,0.9861682185500455,-0.9861682185500455
72,2022-06-26,2.77314,1.0,0.0,0.4834658388914004,-0.4834658388914004
72,2022-06-27,13.075,1.0,0.0,2.279479522672876,-2.279479522672876
72,2022-06-28,48.74653000000001,4.0,31.0,8.498410473144096,22.501589526855902
72,2022-06-29,108.88253,6.0,0.0,18.982447228437103,-18.982447228437103
72,2022-07-02,8.60487,1.0,0.0,1.50016252086135,-1.50016252086135
72,2022-07-03,14.794920000000001,2.0,0.0,2.5793282737731085,-2.5793282737731085
72,2022-07-04,107.7564,6.0,0.0,18.786119100340155,-18.786119100340155
72,2022-07-05,50.4659,6.0,0.0,8.798163337916412,-8.798163337916412
72,2022-07-06,65.9473,5.0,0.0,11.497171696027912,-11.497171696027912
72,2022-07-10,14.1836,1.0,0.0,2.472751491991052,-2.472751491991052
72,2022-07-11,40.84606,5.0,0.0,7.12105218752334,-7.12105218752334
72,2022-07-12,22.438109999999998,3.0,0.0,3.91183267858367,-3.91183267858367
72,2022-07-16,71.99755,3.0,0.0,12.55196488777182,-12.55196488777182
72,2022-07-17,29.93459,2.0,0.0,5.21875984127023,-5.21875984127023
72,2022-07-18,83.17482,5.0,0.0,14.500596481223893,-14.500596481223893
72,2022-07-20,2.31365,1.0,0.0,0.40335891377683364,-0.40335891377683364
72,2022-07-21,103.77886,6.0,0.0,18.09267963719581,-18.09267963719581
72,2022-07-22,163.91509,17.0,30.38,28.576756490407764,1.8032435095922352
72,2022-07-23,140.87164,7.0,37.2,24.55938957593463,12.640610424065372
72,2022-07-24,81.95785,7.0,0.0,14.288431418531179,-14.288431418531179
72,2022-07-25,49.4657,3.0,0.0,8.623789692136114,-8.623789692136114
72,2022-07-26,206.11669,19.0,0.0,35.9341318650947,-35.9341318650947
72,2022-07-27,184.03114,13.0,0.0,32.08376406609141,-32.08376406609141
72,2022-07-28,147.84207,17.0,0.0,25.7746058244413,-25.7746058244413
72,2022-07-29,195.68481,18.0,0.0,34.115450653394454,-34.115450653394454
72,2022-07-30,30.47851,4.0,0.0,5.313586189413421,-5.313586189413421
72,2022-07-31,21.24266,2.0,0.0,3.70341938639405,-3.70341938639405
72,2022-08-01,41.9456,1.0,0.0,7.312744647512611,-7.312744647512611
72,2022-08-02,43.70729,2.0,0.0,7.619875529370935,-7.619875529370935
72,2022-08-03,122.87268,11.0,0.0,21.421472883819277,-21.421472883819277
72,2022-08-04,175.10554,18.0,37.82,30.527685868954205,7.292314131045796
72,2022-08-05,191.71715,17.0,0.0,33.42373365737699,-33.42373365737699
72,2022-08-06,59.82528,3.0,0.0,10.429866210185175,-10.429866210185175
72,2022-08-07,116.91076,9.0,0.0,20.382079036338293,-20.382079036338293
72,2022-08-08,80.85247,7.0,0.0,14.095720820078244,-14.095720820078244
72,2022-08-09,139.969391,15.0,0.0,24.402092587800624,-24.402092587800624
72,2022-08-14,71.78185,5.0,0.0,12.514360013351894,-12.514360013351894
72,2022-08-15,124.26954,6.0,0.0,21.664999749290853,-21.664999749290853
72,2022-08-19,35.4069,5.0,0.0,6.172795679642544,-6.172795679642544
72,2022-08-21,132.82206,8.0,0.0,23.15603563512261,-23.15603563512261
72,2022-08-22,86.27391,7.0,0.0,15.040888044812442,-15.040888044812442
72,2022-08-26,34.158590000000004,3.0,0.0,5.955166839646538,-5.955166839646538
72,2022-08-27,80.030746,6.0,38.44,13.952462462044679,24.48753753795532
72,2022-08-28,166.73496,9.0,0.0,29.06836918039626,-29.06836918039626
72,2022-08-31,5.60097,2.0,0.0,0.9764662655529713,-0.9764662655529713
72,2022-09-02,121.25782,8.0,0.0,21.13994016473832,-21.13994016473832
72,2022-09-03,51.05434,5.0,0.0,8.900751248457265,-8.900751248457265
72,2022-09-04,96.18579,5.0,0.0,16.768913091939847,-16.768913091939847
72,2022-09-08,27.9616,1.0,0.0,4.874791175615289,-4.874791175615289
72,2022-09-09,61.42915,6.0,0.0,10.709482946095642,-10.709482946095642
72,2022-09-10,69.225536,8.0,0.0,12.068695354344475,-12.068695354344475
72,2022-09-11,39.36714,5.0,0.0,6.863219081927058,-6.863219081927058
72,2022-09-16,125.483897,10.0,0.0,21.876709264756585,-21.876709264756585
72,2022-09-17,117.8271,6.0,32.86,20.54183263219344,12.31816736780656
72,2022-09-21,32.779270000000004,3.0,10.54,5.714697876341518,4.825302123658481
72,2022-09-30,89.76592,10.0,0.0,15.649680801062454,-15.649680801062454
72,2022-10-02,8.538182,2.0,0.0,1.4885362164324394,-1.4885362164324394
72,2022-10-05,173.26543,19.0,0.0,30.206883340123188,-30.206883340123188
72,2022-10-06,84.065952,5.0,0.0,14.655955345162594,-14.655955345162594
72,2022-10-07,92.76834,7.0,0.0,16.173119034979354,-16.173119034979354
72,2022-10-08,73.3116,1.0,0.0,12.781054759035168,-12.781054759035168
72,2022-10-09,34.17115,4.0,35.96,5.957356534698527,30.002643465301475
72,2022-10-14,74.76939,8.0,0.0,13.035204086251788,-13.035204086251788
72,2022-10-20,164.386079,16.0,0.0,28.65886813713084,-28.65886813713084
72,2022-10-21,194.357016,21.0,0.0,33.88396466996593,-33.88396466996593
72,2022-10-22,157.489852,13.0,0.0,27.456588348969937,-27.456588348969937
72,2022-10-23,188.735501,17.0,0.0,32.903916614218446,-32.903916614218446
72,2022-10-26,5.32798,2.0,0.0,0.92887352254001,-0.92887352254001
72,2022-10-28,166.737089,15.0,0.0,29.068740347654675,-29.068740347654675
72,2022-10-29,263.998086,21.0,0.0,46.02510371409812,-46.02510371409812
72,2022-10-30,153.630214,10.0,0.0,26.78370377643226,-26.78370377643226
72,2022-11-03,122.77775,9.0,26.66,21.404922903621394,5.255077096378606
72,2022-11-04,120.54602,10.0,27.9,21.015845822540342,6.884154177459656
72,2022-11-05,196.92323000000002,10.0,0.0,34.3313552828758,-34.3313552828758
72,2022-11-11,5.70009,1.0,0.0,0.993746725230779,-0.993746725230779
72,2022-11-14,2.460228,2.0,0.0,0.42891314318213725,-0.42891314318213725
72,2022-11-16,3.20225,1.0,0.0,0.5582763519295768,-0.5582763519295768
72,2022-11-18,107.77039,8.0,0.0,18.78855809984472,-18.78855809984472
72,2022-11-19,86.779648,10.0,0.0,15.129057789733094,-15.129057789733094
72,2022-11-20,157.98269,9.0,0.0,27.542509123654067,-27.542509123654067
72,2022-11-21,5.6513100000000005,2.0,0.0,0.9852424796387345,-0.9852424796387345
72,2022-11-23,183.96104000000003,10.0,0.0,32.07154291775189,-32.07154291775189
72,2022-11-26,164.548471,9.0,34.72,28.687179359971825,6.032820640028174
72,2022-11-27,179.50688,16.0,0.0,31.295010106225412,-31.295010106225412
72,2022-12-01,81.97563500000001,7.0,23.56,14.291532033698351,9.268467966301648
72,2022-12-02,176.22225,13.0,0.0,30.722371725762162,-30.722371725762162
72,2022-12-03,100.66829899999999,11.0,24.8,17.55038823348454,7.249611766515461
72,2022-12-04,189.37924800000002,11.0,0.0,33.01614667955551,-33.01614667955551
72,2022-12-08,185.754723,13.0,0.0,32.384251420135556,-32.384251420135556
72,2022-12-09,181.388651,16.0,0.0,31.62307576288772,-31.62307576288772
72,2022-12-10,79.7667,3.0,0.0,13.906429005062371,-13.906429005062371
72,2022-12-11,139.39651,9.0,0.0,24.30221721430706,-24.30221721430706
72,2022-12-12,182.9335,9.0,0.0,31.892402849780392,-31.892402849780392
72,2022-12-13,98.80821,8.0,0.0,17.226102590207365,-17.226102590207365
72,2022-12-14,0.0,0.0,21.08,0.0,21.08
72,2022-12-17,167.921227,14.0,0.0,29.275181519587278,-29.275181519587278
72,2022-12-18,170.30562,17.0,4.34,29.690873681537916,-25.350873681537916
72,2022-12-19,268.132524,16.0,49.599999999999994,46.74589658283698,2.8541034171630173
72,2022-12-20,171.72998,12.0,0.0,29.93919486340517,-29.93919486340517
72,2022-12-22,105.92,5.0,0.0,18.465963368375608,-18.465963368375608
72,2022-12-23,63.7641,5.0,0.0,11.116555275844402,-11.116555275844402
72,2022-12-24,79.6932,6.0,4.34,13.893615104877558,-9.553615104877558
72,2022-12-26,315.198213,16.0,2.48,54.951271289987275,-52.47127128998728
72,2022-12-27,106.462609,10.0,6.2,18.560561158380807,-12.360561158380808
72,2022-12-30,170.248327,17.0,0.0,29.680885289928543,-29.680885289928543
72,2022-12-31,194.60908,13.0,0.62,33.92790919970995,-33.307909199709954
72,2023-01-07,197.43125999999998,16.0,0.0,34.41992461227568,-34.41992461227568
72,2023-01-08,246.43444,19.0,0.0,42.96307913279981,-42.96307913279981
72,2023-01-10,163.96515,11.0,0.0,28.585483889635682,-28.585483889635682
72,2023-01-11,208.121049,14.0,0.0,36.2835693638775,-36.2835693638775
72,2023-01-17,143.08513,11.0,37.2,24.945286717704505,12.254713282295498
72,2023-01-18,98.87488,12.0,0.0,17.237725756538275,-17.237725756538275
72,2023-01-19,189.42643500000003,7.0,3.1,33.02437320347416,-29.92437320347416
72,2023-01-20,2.57611,1.0,0.0,0.44911586945719484,-0.44911586945719484
72,2023-01-23,63.274029999999996,4.0,34.72,11.031117070897839,23.68888292910216
72,2023-01-24,227.6765,12.0,0.0,39.69284279493928,-39.69284279493928
72,2023-01-25,136.321471,8.0,0.0,23.76611867266878,-23.76611867266878
72,2023-01-30,129.04628,8.0,0.0,22.49777076383253,-22.49777076383253
72,2023-01-31,83.6519,6.0,0.0,14.583770025443913,-14.583770025443913
72,2023-02-01,157.82577,12.0,0.0,27.515151882606435,-27.515151882606435
72,2023-02-04,0.0,0.0,1.24,0.0,1.24
72,2023-02-05,186.43705,7.0,0.0,32.503207475528804,-32.503207475528804
72,2023-02-06,181.53295,16.0,0.0,31.648232674217905,-31.648232674217905
72,2023-02-07,132.12748,9.0,0.0,23.034943406682217,-23.034943406682217
72,2023-02-08,144.87817,8.0,26.04,25.257883120253908,0.7821168797460913
72,2023-02-12,55.40651,3.0,0.0,9.659503248012998,-9.659503248012998
72,2023-02-13,111.774418,6.0,0.0,19.48661544854138,-19.48661544854138
72,2023-02-14,201.67486,12.0,0.0,35.159748650701275,-35.159748650701275
72,2023-02-15,113.01385,11.0,0.0,19.702696508866083,-19.702696508866083
72,2023-02-16,24.9763,1.0,0.0,4.354337621578169,-4.354337621578169
72,2023-02-17,183.84583,8.0,0.0,32.05145734713566,-32.05145734713566
72,2023-02-18,129.607246,6.0,38.44,22.59556889078593,15.844431109214067
72,2023-02-19,226.38573,13.0,0.0,39.46781153042834,-39.46781153042834
72,2023-02-20,154.50176,10.0,32.86,26.93564804106457,5.9243519589354285
72,2023-02-21,212.97774,13.0,1.24,37.13027893806103,-35.89027893806103
72,2023-02-22,105.99753,13.0,0.0,18.47947985383586,-18.47947985383586
72,2023-02-23,18.5086,1.0,0.0,3.2267667069478545,-3.2267667069478545
72,2023-02-24,168.55767,13.0,38.44,29.38613821448965,9.053861785510346
72,2023-02-25,233.62595,10.0,0.0,40.730062637858296,-40.730062637858296
72,2023-02-27,198.51589,10.0,0.0,34.60901768108461,-34.60901768108461
72,2023-02-28,75.9948,5.0,3.1,13.248840568231028,-10.148840568231028
72,2023-03-01,213.9727,8.0,2.48,37.30373904864448,-34.823739048644484
72,2023-03-05,68.03739999999999,5.0,0.0,11.861557175977325,-11.861557175977325
72,2023-03-06,202.61644,15.0,0.0,35.323902557313765,-35.323902557313765
72,2023-03-07,157.582954,9.0,24.8,27.472819637881592,-2.6728196378815916
72,2023-03-08,154.543394,14.0,0.0,26.94290646174885,-26.94290646174885
72,2023-03-10,125.312562,11.0,22.32,21.846838930223726,0.4731610697762747
72,2023-03-11,142.202547,12.0,0.0,24.79141827597914,-24.79141827597914
72,2023-03-12,110.44259,9.0,0.0,19.254426182482305,-19.254426182482305
72,2023-03-13,224.6424,16.0,0.0,39.16388150853456,-39.16388150853456
72,2023-03-14,199.51157,12.0,37.2,34.78260331558823,2.41739668441177
72,2023-03-15,94.65056000000001,7.0,12.4,16.501262969753,-4.101262969753
72,2023-03-17,156.471813,10.0,0.0,27.279104673728455,-27.279104673728455
72,2023-03-18,153.64762,12.0,0.0,26.78673831720256,-26.78673831720256
72,2023-03-19,125.888213,10.0,0.0,21.947197222132417,-21.947197222132417
72,2023-03-20,245.20719,14.0,0.0,42.74912186746901,-42.74912186746901
72,2023-03-21,163.935872,11.0,0.0,28.580379598892673,-28.580379598892673
72,2023-03-22,53.21969,5.0,0.0,9.278255721453036,-9.278255721453036
72,2023-03-24,114.437114,10.0,15.5,19.95082661543262,-4.4508266154326215
72,2023-03-25,154.19657,12.0,0.0,26.882441589399217,-26.882441589399217
72,2023-03-26,213.78767,12.0,0.0,37.27148114454656,-37.27148114454656
72,2023-03-27,178.1494,9.0,0.0,31.058348701832454,-31.058348701832454
72,2023-03-28,176.190627,17.0,38.44,30.716858610584687,7.723141389415311
72,2023-03-29,122.37948,5.0,0.0,21.3354889984975,-21.3354889984975
72,2023-03-31,0.0,0.0,30.38,0.0,30.38
72,2023-04-01,23.36539,2.0,0.0,4.073493540670409,-4.073493540670409
72,2023-04-02,18.5936,1.0,0.0,3.241585503079953,-3.241585503079953
72,2023-04-04,152.4082,11.0,0.0,26.57065934894319,-26.57065934894319
72,2023-04-05,161.12101,7.0,0.0,28.08963999750453,-28.08963999750453
72,2023-04-07,137.47641,14.0,27.9,23.967469326621842,3.9325306733781566
72,2023-04-08,177.9911,10.0,0.0,31.03075087327114,-31.03075087327114
72,2023-04-09,157.390129,21.0,35.34,27.43920276300898,7.900797236991025
72,2023-04-10,177.48841000000002,17.0,0.0,30.94311251294591,-30.94311251294591
72,2023-04-11,160.06752,12.0,0.0,27.905975838243293,-27.905975838243293
72,2023-04-15,187.429582,14.0,0.0,32.676244291559215,-32.676244291559215
72,2023-04-16,229.347389,23.0,0.0,39.984143541414184,-39.984143541414184
72,2023-04-17,186.20355,14.0,1.24,32.462499370860044,-31.222499370860046
72,2023-04-18,146.660087,24.0,31.62,25.568540352575337,6.0514596474246645
72,2023-04-19,127.7,4.0,0.0,22.263061953753446,-22.263061953753446
72,2023-04-20,0.0,0.0,1.24,0.0,1.24
72,2023-04-22,184.46213,11.0,38.44,32.15890233603228,6.281097663967721
72,2023-04-23,196.18985,19.0,0.0,34.20349870984805,-34.20349870984805
72,2023-04-24,134.12903,11.0,0.0,23.383891187837545,-23.383891187837545
72,2023-04-25,0.0,0.0,27.28,0.0,27.28
72,2023-04-28,32.2151,1.0,7.44,5.616341167943325,1.8236588320566751
72,2023-04-29,232.42695,18.0,0.0,40.52103044300669,-40.52103044300669
72,2023-04-30,181.146579,17.0,0.0,31.580873226213726,-31.580873226213726
72,2023-05-02,110.39926,12.0,0.0,19.246872083230496,-19.246872083230496
72,2023-05-05,83.61676,7.0,19.84,14.577643760784126,5.262356239215874
72,2023-05-06,158.37897800000002,17.0,0.0,27.611597489319923,-27.611597489319923
72,2023-05-07,234.42235,21.0,1.24,40.86890604067716,-39.62890604067716
72,2023-05-08,214.211004,21.0,38.44,37.345284676802876,1.0947153231971214
72,2023-05-09,222.61094,21.0,38.44,38.80971925452851,-0.36971925452851195
72,2023-05-10,97.42001499999999,7.0,31.62,16.984086370247375,14.635913629752626
72,2023-05-16,157.63192,16.0,1.24,27.48135631048635,-26.241356310486353
72,2023-05-17,4.234456,2.0,0.0,0.7382298846393343,-0.7382298846393343
72,2023-05-19,2.80523,1.0,0.0,0.4890603702782128,-0.4890603702782128
72,2023-05-20,207.11283,15.0,0.0,36.10779769543622,-36.10779769543622
72,2023-05-22,140.705729,16.0,0.0,24.530464854933772,-24.530464854933772
72,2023-05-23,98.87751,11.0,0.0,17.238184267524478,-17.238184267524478
72,2023-05-24,151.53707,12.0,29.14,26.418787609242543,2.721212390757458
72,2023-05-26,197.23291,17.0,4.96,34.38534451565448,-29.42534451565448
72,2023-05-27,210.41403,15.0,38.44,36.68332486945134,1.7566751305486576
72,2023-05-28,103.74804999999999,8.0,0.0,18.08730825944487,-18.08730825944487
72,2023-05-29,99.79988999999999,7.0,0.0,17.398990869598894,-17.398990869598894
72,2023-05-30,136.16741,13.0,24.18,23.739259866187517,0.4407401338124828
72,2023-05-31,168.08635999999998,13.0,0.0,29.30397060501883,-29.30397060501883
72,2023-06-15,5.73246,2.0,0.0,0.9993900714754382,-0.9993900714754382
72,2023-06-21,68.8614,5.0,0.0,12.005212329069675,-12.005212329069675
72,2023-06-24,106.67327,7.0,0.0,18.597287539698268,-18.597287539698268
72,2023-06-26,126.84171,15.0,0.0,22.11342872396263,-22.11342872396263
72,2023-06-27,82.615767,12.0,22.32,14.403131864352854,7.916868135647146
72,2023-06-28,184.77428,11.0,0.0,32.21332218559269,-32.21332218559269
72,2023-07-01,0.0,0.0,38.44,0.0,38.44
72,2023-07-03,0.0,0.0,22.32,0.0,22.32
72,2023-07-04,0.0,0.0,27.28,0.0,27.28
72,2023-07-12,0.0,0.0,20.46,0.0,20.46
72,2023-07-18,0.0,0.0,29.14,0.0,29.14
72,2023-07-19,124.88455,9.0,0.0,21.77221984116382,-21.77221984116382
72,2023-07-22,96.03907,7.0,0.0,16.743334106428065,-16.743334106428065
72,2023-07-24,199.80422,18.0,0.0,34.83362355897716,-34.83362355897716
72,2023-07-25,0.0,0.0,25.42,0.0,25.42
72,2023-07-26,98.62289,10.0,0.0,17.19379412786383,-17.19379412786383
72,2023-07-27,0.0,0.0,1.24,0.0,1.24
72,2023-07-28,134.699,1.0,27.279999999999998,23.48325906114828,3.796740938851716
72,2023-07-29,160.936666,10.0,33.48,28.057501689808344,5.422498310191653
72,2023-07-31,120.42539,11.0,0.0,20.994815335747223,-20.994815335747223
72,2023-08-02,138.103266,10.0,0.0,24.07675463565929,-24.07675463565929
72,2023-08-05,164.736158,14.0,0.0,28.719900482202945,-28.719900482202945
72,2023-08-07,220.41823,15.0,0.0,38.427444872565985,-38.427444872565985
72,2023-08-08,111.20642,8.0,21.7,19.387591371300907,2.3124086286990924
72,2023-08-12,103.76959000000001,9.0,22.32,18.091063516723526,4.228936483276474
72,2023-08-14,181.78302,12.0,0.0,31.69182957243854,-31.69182957243854
72,2023-08-15,112.60731,9.0,20.46,19.631820822047924,0.8281791779520766
72,2023-08-16,124.83142000000001,10.0,0.0,21.76295722188737,-21.76295722188737
72,2023-08-19,149.163895,13.0,0.0,26.005051179703788,-26.005051179703788
72,2023-08-21,151.60327,13.0,0.0,26.430328836347776,-26.430328836347776
72,2023-08-24,188.69168,12.0,35.96,32.89627691462662,3.0637230853733826
72,2023-08-25,164.661925,14.0,0.0,28.70695879169384,-28.70695879169384
72,2023-08-26,225.41857,17.0,0.0,39.29919803787398,-39.29919803787398
72,2023-08-28,204.37394,16.0,0.0,35.630302959692166,-35.630302959692166
72,2023-08-29,144.42791,11.0,0.0,25.179385342060506,-25.179385342060506
72,2023-08-30,117.35645,11.0,22.32,20.45978008631612,1.8602199136838813
72,2023-09-02,97.72828,10.0,19.84,17.037828913655158,2.802171086344842
72,2023-09-03,234.37657000000002,19.0,0.0,40.860924811419196,-40.860924811419196
72,2023-09-05,158.827539,15.0,0.0,27.689799065929456,-27.689799065929456
72,2023-09-06,111.57392999999999,6.0,0.0,19.45166261561276,-19.45166261561276
72,2023-09-09,173.945026,13.0,31.0,30.325363276313656,0.6746367236863442
72,2023-09-11,171.772924,14.0,0.0,29.946681667888658,-29.946681667888658
72,2023-09-12,137.057418,13.0,0.0,23.894422773339723,-23.894422773339723
72,2023-09-13,27.70555,5.0,0.0,4.830151731502065,-4.830151731502065
72,2023-09-15,173.689818,13.0,0.0,30.28087062545153,-30.28087062545153
72,2023-09-16,207.53378999999998,8.0,0.0,36.18118734743349,-36.18118734743349
72,2023-09-18,108.18335,9.0,26.66,18.8605530416178,7.799446958382202
72,2023-09-19,87.47129,6.0,16.12,15.24963781084365,0.8703621891563511
72,2023-09-25,171.269691,15.0,0.0,29.858948641606958,-29.858948641606958
72,2023-09-26,61.7585,6.0,0.0,10.766901422638075,-10.766901422638075
72,2023-09-27,63.699999999999996,7.0,11.16,11.105380160173018,0.05461983982698193
72,2023-09-30,189.447606,11.0,38.44,33.02806412974372,5.411935870256279
72,2023-10-03,100.486988,13.0,0.0,17.518778695302107,-17.518778695302107
72,2023-10-04,55.785250000000005,4.0,14.88,9.72553231680207,5.154467683197931
72,2023-10-07,40.474199999999996,5.0,0.0,7.056222569527076,-7.056222569527076
72,2023-10-09,92.898853,8.0,22.94,16.195872511915695,6.744127488084306
72,2023-10-10,149.89398,13.0,0.0,26.132333306457948,-26.132333306457948
72,2023-10-11,60.044492,8.0,11.16,10.468083362393525,0.6919166376064751
72,2023-10-14,166.11042,11.0,0.0,28.959487639968717,-28.959487639968717
72,2023-10-16,188.40254099999999,7.0,0.0,32.84586877468734,-32.84586877468734
72,2023-10-17,209.250916,17.0,0.0,36.480548995987924,-36.480548995987924
72,2023-10-18,64.008961,8.0,4.34,11.159244043370306,-6.819244043370306
72,2023-10-20,13.333007,3.0,0.0,2.3244601477746936,-2.3244601477746936
72,2023-10-21,95.08438,9.0,38.44,16.57689461843567,21.863105381564328
72,2023-10-23,197.66164799999999,14.0,0.0,34.46009017466723,-34.46009017466723
72,2023-10-24,107.89362700000001,8.0,0.0,18.81004308783215,-18.81004308783215
72,2023-10-25,74.53862000000001,5.0,0.0,12.99497192644703,-12.99497192644703
72,2023-10-27,9.53528,1.0,0.0,1.6623690633233057,-1.6623690633233057
72,2023-10-28,135.47947,8.0,0.0,23.61932524723321,-23.61932524723321
72,2023-11-12,77.02043,6.0,0.0,13.427647649136496,-13.427647649136496
72,2023-11-21,23.9993,2.0,0.0,4.184008635448043,-4.184008635448043
72,2023-11-22,12.46378,2.0,0.0,2.1729201747686226,-2.1729201747686226
72,2023-11-25,69.92490000000001,2.0,0.0,12.190621619498938,-12.190621619498938
72,2023-11-26,13.2119,1.0,0.0,2.303346501384457,-2.303346501384457
72,2023-12-06,39.68434,4.0,0.0,6.9185193423164915,-6.9185193423164915
72,2023-12-09,80.21520000000001,2.0,0.0,13.984619947006449,-13.984619947006449
72,2023-12-10,58.7997,2.0,0.0,10.251067846218609,-10.251067846218609
72,2023-12-18,28.733651000000002,4.0,1.24,5.009389603528032,-3.7693896035280314
72,2023-12-19,40.68216,4.0,0.0,7.092478061805092,-7.092478061805092
72,2023-12-20,96.45271,6.0,0.0,16.8154475985702,-16.8154475985702
72,2023-12-23,52.5373,2.0,0.0,9.159288682716765,-9.159288682716765
72,2023-12-24,56.08233,3.0,0.0,9.777324880977647,-9.777324880977647
72,2023-12-26,115.530109,16.0,0.0,20.14137802811972,-20.14137802811972
72,2023-12-27,80.31992,6.0,0.0,14.002876703841192,-14.002876703841192
72,2023-12-29,106.781181,10.0,17.36,18.61610061157369,-1.2561006115736895
72,2023-12-30,20.0289,1.0,5.58,3.491813951178797,2.088186048821203
72,2023-12-31,135.73074,9.0,0.0,23.663131351987477,-23.663131351987477
78,2021-03-04,150.60292,9.0,0.0,29.490891727090077,-29.490891727090077
78,2021-03-09,24.779320000000002,3.0,0.0,4.852258131455337,-4.852258131455337
78,2021-03-10,66.53682,3.0,19.84,13.029164072548404,6.8108359274515955
78,2021-03-12,75.6609,2.0,0.0,14.815830993676546,-14.815830993676546
78,2021-03-13,59.03017,4.0,0.0,11.559220446069176,-11.559220446069176
78,2021-03-16,96.54469,6.0,23.56,18.905270891264763,4.654729108735236
78,2021-03-17,96.40479,4.0,0.0,18.87787583310374,-18.87787583310374
78,2021-03-18,65.5162,2.0,38.44,12.829307430230294,25.610692569769704
78,2021-03-19,99.30680899999999,4.0,38.44,19.44614587806009,18.993854121939908
78,2021-03-20,54.249629999999996,3.0,38.44,10.623100565146395,27.816899434853603
78,2021-03-21,109.021,3.0,38.44,21.348367660992807,17.09163233900719
78,2021-03-24,113.1856,4.0,38.44,22.163874874841245,16.276125125158753
78,2021-03-25,66.60421,5.0,37.82,13.042360305353773,24.777639694646226
78,2021-03-26,103.7739,4.0,0.0,20.320886533925588,-20.320886533925588
78,2021-03-27,94.49324000000001,3.0,16.12,18.503558296093708,-2.3835582960937067
78,2021-03-28,43.60065,3.0,38.44,8.537829468251678,29.902170531748318
78,2021-03-30,5.55775,2.0,0.0,1.0883122551424294,-1.0883122551424294
78,2021-03-31,103.10553999999999,4.0,0.0,20.190009042342304,-20.190009042342304
78,2021-04-01,125.2041,4.0,38.44,24.517323813427776,13.922676186572222
78,2021-04-02,168.4787,4.0,0.0,32.9913065431991,-32.9913065431991
78,2021-04-03,195.8716,3.0,0.0,38.355352924179,-38.355352924179
78,2021-04-04,204.46106,6.0,0.0,40.037331167722826,-40.037331167722826
78,2021-04-07,219.89120000000003,7.0,0.0,43.058843553231966,-43.058843553231966
78,2021-04-08,121.825375,9.0,36.58,23.85570574419902,12.724294255800977
78,2021-04-09,174.3811,6.0,0.0,34.14710776757095,-34.14710776757095
78,2021-04-10,172.52976999999998,7.0,0.0,33.784582442158175,-33.784582442158175
78,2021-04-11,127.93902,5.0,0.0,25.05287272311859,-25.05287272311859
78,2021-04-12,158.43147,8.0,9.3,31.02386944379112,-21.72386944379112
78,2021-04-15,59.650200000000005,3.0,5.58,11.680634012270602,-6.100634012270602
78,2021-04-16,157.25709,6.0,4.96,30.793903693947364,-25.833903693947363
78,2021-04-17,123.3138,3.0,0.0,24.147167427139127,-24.147167427139127
78,2021-04-18,133.17287,7.0,9.92,26.077759250324238,-16.15775925032424
78,2021-04-19,182.3487,4.0,4.96,35.707314096404176,-30.747314096404175
78,2021-04-20,33.8746,1.0,0.0,6.633285469488144,-6.633285469488144
78,2021-04-22,2.63476,1.0,0.0,0.5159356929259262,-0.5159356929259262
78,2021-04-23,168.9669,6.0,3.72,33.086905309419336,-29.366905309419337
78,2021-04-24,130.0234,4.0,5.58,25.461033633266364,-19.881033633266362
78,2021-04-25,88.47211,5.0,27.279999999999998,17.324507498773617,9.95549250122638
78,2021-04-29,175.828856,8.0,8.06,34.43060569339633,-26.370605693396328
78,2021-04-30,68.1404,2.0,4.96,13.343175276021265,-8.383175276021266
78,2021-05-01,124.467788,5.0,6.82,24.373140038841218,-17.553140038841217
78,2021-05-02,157.38288,6.0,2.48,30.818535748029387,-28.338535748029386
78,2021-05-05,0.0,0.0,13.02,0.0,13.02
78,2021-05-06,123.98689999999999,6.0,2.48,24.27897310010685,-21.79897310010685
78,2021-05-07,87.421972,7.0,46.5,17.118870675420503,29.381129324579497
78,2021-05-08,222.29437000000001,8.0,4.96,43.52942955695481,-38.56942955695481
78,2021-05-09,64.0749,1.0,16.74,12.547073710948789,4.19292628905121
78,2021-05-11,39.65693,3.0,0.0,7.765574723642743,-7.765574723642743
78,2021-05-12,0.0,0.0,9.3,0.0,9.3
78,2021-05-13,137.80162,7.0,39.06,26.984155786870602,12.0758442131294
78,2021-05-19,28.797939999999997,3.0,5.58,5.6391797084892925,-0.05917970848929244
78,2021-05-20,51.00499,3.0,22.32,9.987738867422436,12.332261132577564
78,2021-05-22,122.88995,5.0,31.0,24.064169604397527,6.935830395602473
78,2021-05-23,99.9027,4.0,3.1,19.56283257286088,-16.46283257286088
78,2021-05-27,43.47273,2.0,0.0,8.512780320003227,-8.512780320003227
78,2021-05-30,48.54007,2.0,0.0,9.505061049250394,-9.505061049250394
78,2021-06-02,0.0,0.0,29.14,0.0,29.14
78,2021-06-03,35.1645,1.0,0.0,6.88587221374764,-6.88587221374764
78,2021-06-04,0.0,0.0,17.36,0.0,17.36
78,2021-06-05,134.4164,3.0,52.08,26.321265874162535,25.758734125837464
78,2021-06-06,112.51444000000001,5.0,42.78,22.03244909045703,20.747550909542973
78,2021-06-07,175.62401,6.0,3.72,34.39049298371761,-30.670492983717608
78,2021-06-11,74.31013,4.0,0.0,14.551324755562428,-14.551324755562428
78,2021-06-12,107.5913,4.0,5.58,21.068405440458037,-15.488405440458036
78,2021-06-14,115.32985,8.0,4.34,22.583759459986158,-18.24375945998616
78,2021-06-16,0.0,0.0,1.24,0.0,1.24
78,2021-06-18,111.92253,5.0,42.78,21.916541950527854,20.863458049472147
78,2021-06-19,167.0402,7.0,0.0,32.70962111671853,-32.70962111671853
78,2021-06-21,120.71888000000001,6.0,0.0,23.639033157495085,-23.639033157495085
78,2021-06-22,60.6244,3.0,9.92,11.87140074322463,-1.9514007432246299
78,2021-06-23,180.204364,11.0,4.96,35.28741267083751,-30.32741267083751
78,2021-06-24,141.80351000000002,7.0,3.1,27.76780131441897,-24.66780131441897
78,2021-06-25,128.43640000000002,5.0,1.86,25.150269106450473,-23.290269106450474
78,2021-06-26,118.4926,5.0,42.16,23.203085551471332,18.956914448528664
78,2021-06-27,74.44484,4.0,4.34,14.577703513853145,-10.237703513853145
78,2021-06-28,107.073617,8.0,6.2,20.967033346862802,-14.767033346862803
78,2021-07-01,247.676051,14.0,51.459999999999994,48.499641331218804,2.96035866878119
78,2021-07-02,72.788163,8.0,39.06,14.25329491650483,24.806705083495174
78,2021-07-03,160.47994,6.0,5.58,31.424998498766897,-25.8449984987669
78,2021-07-04,100.555684,4.0,9.3,19.6906991536916,-10.3906991536916
78,2021-07-05,133.5894,4.0,3.72,26.15932367902911,-22.439323679029112
78,2021-07-06,5.50521,2.0,0.0,1.0780239323705911,-1.0780239323705911
78,2021-07-08,203.85094,10.0,55.97,39.917858166399,16.052141833601
78,2021-07-09,71.6196,5.0,42.16,14.024468244955013,28.135531755044983
78,2021-07-10,41.003153,6.0,29.76,8.029190573411913,21.73080942658809
78,2021-07-14,189.428383,13.0,45.26,37.09364953276304,8.16635046723696
78,2021-07-15,33.46134,3.0,39.06,6.552361368447226,32.50763863155278
78,2021-07-16,40.046445000000006,3.0,44.02,7.841849105912872,36.17815089408713
78,2021-07-17,47.76751,2.0,48.980000000000004,9.353779232718013,39.62622076728199
78,2021-07-18,64.59341,5.0,40.919999999999995,12.648607746739156,28.27139225326084
78,2021-07-19,136.56367,6.0,4.34,26.74174183225703,-22.40174183225703
78,2021-07-21,170.106376,13.0,4.96,33.31003619786173,-28.350036197861726
78,2021-07-22,108.59752999999999,6.0,5.58,21.265444249417047,-15.685444249417047
78,2021-07-23,104.10784,4.0,9.3,20.386278283191434,-11.086278283191433
78,2021-07-24,112.62261000000001,5.0,47.12,22.05363081627031,25.066369183729687
78,2021-07-26,156.9774,6.0,4.96,30.739135117699636,-25.779135117699635
78,2021-07-27,43.08575,3.0,14.88,8.437002338536804,6.442997661463197
78,2021-07-28,67.758107,8.0,0.0,13.268315097539833,-13.268315097539833
78,2021-07-29,142.891957,7.0,50.22,27.980939762383162,22.239060237616837
78,2021-07-30,52.111999999999995,2.0,12.4,10.204512300837976,2.1954876991620242
78,2021-07-31,67.91718,4.0,6.82,13.299464590655264,-6.4794645906552635
78,2021-08-01,57.62531,5.0,9.92,11.284122365954131,-1.364122365954131
78,2021-08-02,176.2123,5.0,6.2,34.505691259382715,-28.305691259382716
78,2021-08-04,138.44459,12.0,0.0,27.110061437662544,-27.110061437662544
78,2021-08-05,97.947469,9.0,44.02,19.179961472337396,24.840038527662607
78,2021-08-06,33.81824,2.0,26.04,6.622249118680744,19.417750881319254
78,2021-08-07,82.19334900000001,5.0,54.56,16.095007693382886,38.46499230661712
78,2021-08-08,196.975756,9.0,6.82,38.5715674905753,-31.751567490575297
78,2021-08-10,2.1786,1.0,0.0,0.4266109628992481,-0.4266109628992481
78,2021-08-11,175.993392,8.0,5.58,34.462824944930155,-28.882824944930157
78,2021-08-12,50.3422,2.0,32.86,9.857952086875299,23.0020479131247
78,2021-08-13,116.02188,8.0,0.0,22.719271983925925,-22.719271983925925
78,2021-08-14,58.1667,3.0,3.1,11.39013673720357,-8.29013673720357
78,2021-08-15,65.8748,2.0,13.02,12.899528072521521,0.12047192747847824
78,2021-08-17,2.8001,1.0,0.0,0.5483123828211626,-0.5483123828211626
78,2021-08-20,152.2154,5.0,48.36,29.806645718394478,18.55335428160552
78,2021-08-22,79.3847,2.0,0.0,15.545021255149152,-15.545021255149152
78,2021-08-23,102.92229999999999,2.0,7.4399999999999995,20.15412719489823,-12.71412719489823
78,2021-08-24,0.0,0.0,1.24,0.0,1.24
78,2021-08-27,109.70866000000001,6.0,4.96,21.483024456525396,-16.523024456525395
78,2021-08-28,126.78063,6.0,48.98,24.826038116805886,24.15396188319411
78,2021-08-29,104.67202,5.0,11.16,20.496755366202773,-9.336755366202773
78,2021-08-30,190.98036,8.0,47.739999999999995,37.39755589573352,10.342444104266477
78,2021-08-31,6.2002,1.0,0.0,1.2141160801284854,-1.2141160801284854
78,2021-09-03,115.40044,7.0,6.2,22.597582313135458,-16.39758231313546
78,2021-09-04,41.0201,2.0,30.38,8.032509115589574,22.347490884410426
78,2021-09-06,155.8948,5.0,3.1,30.52714162259511,-27.42714162259511
78,2021-09-09,0.0,0.0,1.24,0.0,1.24
78,2021-09-10,118.67663,3.0,0.62,23.239122095812814,-22.619122095812813
78,2021-09-12,207.72102,11.0,6.82,40.67569281034333,-33.85569281034333
78,2021-09-13,94.0555,3.0,44.019999999999996,18.41784054942175,25.602159450578245
78,2021-09-17,112.3074,4.0,48.36,21.991906754205004,26.368093245794995
78,2021-09-18,109.7726,5.0,4.96,21.49554511427247,-16.53554511427247
78,2021-09-20,54.28808,3.0,47.739999999999995,10.630629800216385,37.10937019978361
78,2021-09-23,6.24767,1.0,0.0,1.2234116012929155,-1.2234116012929155
78,2021-09-28,5.76865,1.0,0.0,1.1296104521843147,-1.1296104521843147
78,2021-09-30,2.01783,1.0,0.0,0.3951291651826815,-0.3951291651826815
78,2021-10-01,2.85629,1.0,0.0,0.5593154444227915,-0.5593154444227915
78,2021-10-03,63.8311,3.0,47.739999999999995,12.499333073495913,35.24066692650408
78,2021-10-04,128.09978999999998,5.0,43.4,25.084354520835156,18.315645479164843
78,2021-10-05,21.959699999999998,2.0,3.1,4.3001233645362245,-1.2001233645362244
78,2021-10-06,0.0,0.0,1.24,0.0,1.24
78,2021-10-07,0.0,0.0,1.24,0.0,1.24
78,2021-10-08,36.7148,1.0,4.34,7.189450188494131,-2.8494501884941315
78,2021-10-09,104.9328,5.0,37.82,20.547821007855607,17.272178992144394
78,2021-10-10,175.6054,5.0,6.82,34.386848794779965,-27.566848794779965
78,2021-10-11,146.6748,5.0,6.2,28.72169175665778,-22.52169175665778
78,2021-10-14,20.92823,3.0,0.0,4.098142087614492,-4.098142087614492
78,2021-10-18,69.02176,5.0,43.4,13.515762184247135,29.88423781575286
78,2021-10-20,171.667888,10.0,46.5,33.61580969363825,12.884190306361752
78,2021-10-21,81.449629,8.0,6.82,15.94937329270014,-9.129373292700139
78,2021-10-22,47.9471,2.0,42.16,9.388946341332296,32.7710536586677
78,2021-10-23,133.7223,5.0,3.72,26.18534800518779,-22.465348005187792
78,2021-10-24,119.967,6.0,44.019999999999996,23.491800874935326,20.52819912506467
78,2021-10-25,162.27723,7.0,1.24,31.776941773121617,-30.53694177312162
78,2021-10-26,31.070300000000003,2.0,0.0,6.084150647465579,-6.084150647465579
78,2021-10-27,75.09450000000001,3.0,0.0,14.704919192801613,-14.704919192801613
78,2021-10-28,85.49808,2.0,39.059999999999995,16.74213634207149,22.317863657928505
78,2021-10-29,117.1011,3.0,38.44,22.93060361129218,15.509396388707817
78,2021-10-30,154.95121,5.0,4.96,30.34236890686845,-25.38236890686845
78,2021-10-31,148.2837,4.0,3.72,29.03674471645242,-25.316744716452423
78,2021-11-01,114.56530000000001,4.0,52.08,22.434046152502173,29.645953847497825
78,2021-11-02,63.9773,4.0,16.74,12.527961790459042,4.212038209540957
78,2021-11-04,40.730599999999995,2.0,0.0,7.975819556350002,-7.975819556350002
78,2021-11-05,125.2007,5.0,45.879999999999995,24.516658029312353,21.363341970687642
78,2021-11-06,69.98586,4.0,3.1,13.704551144740647,-10.604551144740647
78,2021-11-07,3.2391,1.0,9.3,0.6342768612535366,8.665723138746465
78,2021-11-08,117.75674000000001,5.0,48.36,23.05899028700836,25.30100971299164
78,2021-11-10,199.67118,4.0,0.0,39.099382338671205,-39.099382338671205
78,2021-11-11,83.4347,3.0,7.44,16.338087627930737,-8.898087627930735
78,2021-11-12,43.106947000000005,4.0,16.74,8.441153110858743,8.298846889141256
78,2021-11-13,165.14446,10.0,19.84,32.33839947584521,-12.498399475845208
78,2021-11-14,77.02737,5.0,38.44,15.083411587853051,23.356588412146948
78,2021-11-15,36.673739999999995,5.0,0.0,7.181409866206128,-7.181409866206128
78,2021-11-16,61.974607,12.0,14.88,12.135796735321987,2.7442032646780135
78,2021-11-17,72.27273,3.0,18.6,14.152363415338922,4.44763658466108
78,2021-11-18,70.44155,4.0,38.44,13.793783839904313,24.646216160095683
78,2021-11-19,9.729728,2.0,17.979999999999997,1.9052642205213328,16.074735779478665
78,2021-11-20,1.95912,1.0,9.92,0.3836326400602107,9.536367359939788
78,2021-11-21,80.023496,7.0,0.0,15.670109558029987,-15.670109558029987
78,2021-11-22,43.95359,8.0,0.0,8.606941775809585,-8.606941775809585
78,2021-11-23,68.83946,7.0,18.6,13.48006440652909,5.119935593470911
78,2021-11-24,75.61500000000001,2.0,0.0,14.806842908118355,-14.806842908118355
78,2021-11-25,106.9198,3.0,16.74,20.936913077662272,-4.196913077662273
78,2021-11-26,42.4285,2.0,13.64,8.308300394460089,5.331699605539912
78,2021-11-27,32.4534,1.0,23.56,6.354987709241926,17.205012290758074
78,2021-11-28,44.753134,4.0,38.44,8.763507568392123,29.676492431607876
78,2021-11-29,69.33338,8.0,0.0,13.576783256614098,-13.576783256614098
78,2021-11-30,91.78538400000001,11.0,3.1,17.973309027961648,-14.873309027961648
78,2021-12-01,76.23312,3.0,38.44,14.927882460301996,23.512117539698004
78,2021-12-02,74.024164,6.0,13.64,14.495327220165178,-0.8553272201651776
78,2021-12-03,73.36768,4.0,0.0,14.36677527333329,-14.36677527333329
78,2021-12-04,59.13906,4.0,38.44,11.580543161459842,26.859456838540154
78,2021-12-05,8.36871,1.0,0.0,1.6387512307557912,-1.6387512307557912
78,2021-12-06,82.05369,10.0,2.48,16.067659827566516,-13.587659827566515
78,2021-12-07,101.487365,10.0,38.44,19.873139862644567,18.56686013735543
78,2021-12-08,66.12669,3.0,24.8,12.948852884531387,11.851147115468613
78,2021-12-09,33.66252,4.0,12.4,6.591756206194436,5.808243793805564
78,2021-12-10,98.41712,5.0,19.84,19.271927994570298,0.5680720054297019
78,2021-12-11,31.1642,1.0,0.0,6.102538038182662,-6.102538038182662
78,2021-12-12,67.76048,2.0,0.0,13.268779775688628,-13.268779775688628
78,2021-12-13,104.87687,9.0,55.8,20.53686885915692,35.26313114084307
78,2021-12-14,14.19885,3.0,0.0,2.7804025844863625,-2.7804025844863625
78,2021-12-15,37.94265,3.0,3.1,7.429886372647185,-4.329886372647184
78,2021-12-16,31.0463,1.0,1.24,6.079450994886131,-4.839450994886131
78,2021-12-17,38.51346,3.0,1.24,7.5416617346835935,-6.301661734683593
78,2021-12-18,32.24051,2.0,1.24,6.313299832673661,-5.073299832673661
78,2021-12-19,8.768833,2.0,0.0,1.7171028594660345,-1.7171028594660345
78,2021-12-20,83.4098,2.0,24.8,16.33321173837956,8.46678826162044
78,2021-12-21,10.78721,2.0,0.0,2.112339137563756,-2.112339137563756
78,2021-12-22,33.378,1.0,21.08,6.536041824865099,14.5439581751349
78,2021-12-23,43.8243,1.0,0.0,8.581624355726394,-8.581624355726394
78,2021-12-24,61.6921,1.0,37.82,12.080476537352752,25.73952346264725
78,2021-12-26,10.56789,2.0,0.0,2.0693921457419147,-2.0693921457419147
78,2021-12-27,101.86926,3.0,38.44,19.94792210522072,18.49207789477928
78,2021-12-28,66.41069999999999,2.0,0.0,13.00446739824341,-13.00446739824341
78,2021-12-29,29.300549999999998,2.0,1.24,5.737600224445774,-4.497600224445774
78,2021-12-30,35.26047,2.0,0.0,6.904664949499702,-6.904664949499702
78,2021-12-31,32.1414,1.0,0.0,6.293892225709121,-6.293892225709121
78,2022-01-01,99.1589,1.0,0.0,19.417182506669537,-19.417182506669537
78,2022-01-02,5.51255,1.0,38.44,1.0794612427844719,37.36053875721552
78,2022-01-03,61.455044,5.0,0.0,12.0340565022747,-12.0340565022747
78,2022-01-04,65.08158,4.0,38.44,12.74420063839367,25.695799361606326
78,2022-01-05,39.96979,2.0,21.08,7.8268386113929775,13.25316138860702
78,2022-01-07,68.460847,7.0,16.74,13.405924841443175,3.334075158556823
78,2022-01-08,37.68639,3.0,17.36,7.3797058322301465,9.980294167769852
78,2022-01-09,85.92659,3.0,0.0,16.826046680688933,-16.826046680688933
78,2022-01-10,54.50224,14.0,0.0,10.672566366733644,-10.672566366733644
78,2022-01-11,18.873483999999998,7.0,0.0,3.6957840734891914,-3.6957840734891914
78,2022-01-12,125.38871,4.0,33.480000000000004,24.55347393270659,8.926526067293413
78,2022-01-13,71.84766,4.0,23.56,14.069126693591203,9.490873306408796
78,2022-01-14,138.87152,6.0,17.36,27.193662382485172,-9.833662382485173
78,2022-01-15,88.32069999999999,4.0,34.72,17.29485856556303,17.42514143443697
78,2022-01-16,138.688959,13.0,38.44,27.157913496045328,11.28208650395467
78,2022-01-17,85.973561,9.0,0.0,16.83524448824348,-16.83524448824348
78,2022-01-18,38.585614,9.0,0.0,7.555790848525984,-7.555790848525984
78,2022-01-19,35.3959,1.0,21.08,6.931184697367803,14.148815302632196
78,2022-01-20,73.00309999999999,2.0,24.8,14.295383634274348,10.504616365725653
78,2022-01-21,70.05786,4.0,23.56,13.718650102478987,9.841349897521011
78,2022-01-22,32.0546,2.0,1.24,6.276895148880125,-5.036895148880125
78,2022-01-23,103.176935,9.0,0.0,20.20398952967187,-20.20398952967187
78,2022-01-24,106.96209,10.0,57.66,20.945194257144973,36.71480574285502
78,2022-01-25,128.3274,6.0,38.44,25.128924850985484,13.311075149014513
78,2022-01-26,180.58,8.0,29.759999999999998,35.36096928318472,-5.600969283184725
78,2022-01-27,72.68562,3.0,34.72,14.233215063402573,20.486784936597424
78,2022-01-28,72.77652,5.0,17.98,14.251014997547228,3.728985002452772
78,2022-01-29,32.94777,2.0,36.58,6.451794677812797,30.128205322187203
78,2022-02-04,34.26417,3.0,0.0,6.709570621795433,-6.709570621795433
78,2022-02-05,74.1746,9.0,0.0,14.52478542580858,-14.52478542580858
78,2022-02-06,24.129849999999998,4.0,41.54,4.7250796580897925,36.81492034191021
78,2022-02-07,17.912816,3.0,0.0,3.5076671633145406,-3.5076671633145406
78,2022-02-08,96.427621,6.0,24.799999999999997,18.882346573438795,5.917653426561202
78,2022-02-10,89.87180000000001,3.0,0.0,17.598593195395505,-17.598593195395505
78,2022-02-11,51.267109,5.0,14.88,10.039066710525432,4.8409332894745685
78,2022-02-12,14.78979,2.0,0.0,2.8961197801237817,-2.8961197801237817
78,2022-02-13,18.48866,4.0,0.0,3.620428277479488,-3.620428277479488
78,2022-02-14,10.49882,3.0,0.0,2.055866937255983,-2.055866937255983
78,2022-02-15,7.10141,1.0,0.0,1.390589992675273,-1.390589992675273
78,2022-02-16,16.21925,3.0,0.0,3.176035004132759,-3.176035004132759
78,2022-02-17,14.90279,4.0,0.0,2.9182473110186753,-2.9182473110186753
78,2022-02-18,14.798269999999999,3.0,16.12,2.897780324035186,13.222219675964816
78,2022-02-19,60.08616,5.0,35.96,11.766003201376245,24.193996798623758
78,2022-02-20,9.886890000000001,3.0,0.0,1.9360395038001228,-1.9360395038001228
78,2022-02-24,78.55133000000001,10.0,21.08,15.3818316938936,5.698168306106398
78,2022-02-26,38.23693,10.0,0.0,7.487511946025497,-7.487511946025497
78,2022-03-03,27.26445,4.0,14.88,5.3388934487369895,9.541106551263011
78,2022-03-04,37.41003,3.0,0.0,7.32558933277782,-7.32558933277782
78,2022-03-05,38.8161,3.0,0.0,7.600924353710412,-7.600924353710412
78,2022-03-07,18.5286,1.0,28.52,3.628249282647117,24.89175071735288
78,2022-03-09,47.24336,4.0,0.0,9.251140778571479,-9.251140778571479
78,2022-03-10,87.16949,7.0,0.0,17.069429938647012,-17.069429938647012
78,2022-03-11,31.1565,2.0,0.0,6.10103023298009,-6.10103023298009
78,2022-03-14,21.3913,1.0,0.0,4.188819925946335,-4.188819925946335
78,2022-03-15,5.83782,2.0,0.0,1.143155242555994,-1.143155242555994
78,2022-03-25,29.165948,4.0,0.0,5.711242614591664,-5.711242614591664
78,2022-03-28,13.8866,1.0,0.0,2.7192581462391896,-2.7192581462391896
78,2022-03-29,44.5195,1.0,0.0,8.717757625444358,-8.717757625444358
78,2022-03-30,34.8621,2.0,0.0,6.826656591246616,-6.826656591246616
78,2022-04-01,48.34823,3.0,0.0,9.46749515963202,-9.46749515963202
78,2022-04-02,12.2339,1.0,0.0,2.395628320487061,-2.395628320487061
78,2022-04-05,69.14623,3.0,0.0,13.54013575743729,-13.54013575743729
78,2022-04-06,2.49509,1.0,0.0,0.48858567310212286,-0.48858567310212286
78,2022-04-09,23.1374,2.0,0.0,4.53073923298681,-4.53073923298681
78,2022-04-10,44.5368,1.0,0.0,8.721145291678708,-8.721145291678708
78,2022-04-12,126.67213,4.0,0.0,24.804791770769636,-24.804791770769636
78,2022-04-15,108.187304,3.0,0.0,21.185114262789718,-21.185114262789718
78,2022-04-16,44.474309999999996,2.0,0.0,8.708908571274973,-8.708908571274973
78,2022-04-17,171.1815,2.0,0.0,33.52056575118775,-33.52056575118775
78,2022-04-19,36.695899999999995,3.0,0.0,7.185749212087816,-7.185749212087816
78,2022-04-20,105.5804,2.0,0.0,20.67463329995767,-20.67463329995767
78,2022-04-21,88.50319999999999,2.0,36.58,17.33059550705257,19.249404492947427
78,2022-04-22,104.58189999999999,2.0,0.0,20.47910817076695,-20.47910817076695
78,2022-04-23,104.3849,2.0,0.0,20.440531855843993,-20.440531855843993
78,2022-04-25,88.6762,2.0,38.44,17.36447216939608,21.075527830603917
78,2022-04-26,44.2655,1.0,0.0,8.668019635645217,-8.668019635645217
78,2022-04-27,45.1012,1.0,0.0,8.831665454838689,-8.831665454838689
78,2022-04-28,28.6512,2.0,0.0,5.610445249343128,-5.610445249343128
78,2022-04-30,30.95832,4.0,0.0,6.062222851805311,-6.062222851805311
78,2022-05-02,43.9279,1.0,0.0,8.601911189361003,-8.601911189361003
78,2022-05-04,106.0142,3.0,21.7,20.75957952033116,0.9404204796688376
78,2022-05-05,88.2941,2.0,19.84,17.289649783954147,2.550350216045853
78,2022-05-07,121.596966,4.0,0.0,23.81097895478157,-23.81097895478157
78,2022-05-13,44.165,1.0,0.0,8.648339840468784,-8.648339840468784
78,2022-05-14,57.859984,3.0,0.0,11.330075960513673,-11.330075960513673
78,2022-05-17,88.9313,2.0,0.0,17.414425559938447,-17.414425559938447
78,2022-05-18,47.525800000000004,2.0,0.0,9.306447856677265,-9.306447856677265
78,2022-05-19,1.142234,2.0,0.0,0.22367095685130808,-0.22367095685130808
78,2022-05-22,17.633288,4.0,0.0,3.452930309721728,-3.452930309721728
78,2022-05-24,45.8539,1.0,0.0,8.979058308861578,-8.979058308861578
78,2022-05-30,53.5519,1.0,0.0,10.486471873719015,-10.486471873719015
78,2022-05-31,53.06498,5.0,0.0,10.391123755636345,-10.391123755636345
78,2022-06-02,0.520733,1.0,38.44,0.10196934111053621,38.33803065888946
78,2022-06-07,0.0,0.0,13.02,0.0,13.02
78,2022-06-10,16.697219999999998,2.0,0.0,3.2696305434410093,-3.2696305434410093
78,2022-06-11,60.36842,3.0,0.0,11.821275032087684,-11.821275032087684
78,2022-06-14,1.7344549999999999,2.0,0.0,0.33963899644515533,-0.33963899644515533
78,2022-06-16,74.3189,1.0,0.0,14.5530420869425,-14.5530420869425
78,2022-06-17,1.578063,2.0,0.0,0.3090144936866227,-0.3090144936866227
78,2022-06-22,165.921567,3.0,38.44,32.49057168072254,5.949428319277459
78,2022-06-23,74.4572,1.0,0.0,14.58012383493156,-14.58012383493156
78,2022-06-24,99.285978,2.0,0.0,19.44206677543999,-19.44206677543999
78,2022-06-25,74.912762,2.0,0.0,14.669331465281468,-14.669331465281468
78,2022-06-26,136.672187,3.0,0.0,26.762991507213854,-26.762991507213854
78,2022-06-27,143.0919,2.0,0.0,28.020092372203674,-28.020092372203674
78,2022-06-28,40.460269999999994,4.0,0.0,7.922883844608262,-7.922883844608262
78,2022-06-30,83.74647,3.0,0.0,16.39913807312632,-16.39913807312632
78,2022-07-01,78.4757,1.0,0.0,15.36702191370262,-15.36702191370262
78,2022-07-02,77.0335,1.0,0.0,15.084611957449386,-15.084611957449386
78,2022-07-04,39.486599999999996,2.0,0.0,7.732220897648696,-7.732220897648696
78,2022-07-06,74.6473,1.0,0.0,14.617348999737926,-14.617348999737926
78,2022-07-07,118.60282000000001,5.0,0.0,23.22466870594244,-23.22466870594244
78,2022-07-08,78.2555,1.0,0.0,15.323902601286198,-15.323902601286198
78,2022-07-09,74.4665,1.0,0.0,14.581944950306095,-14.581944950306095
78,2022-07-10,53.3876,1.0,0.0,10.454298835435555,-10.454298835435555
78,2022-07-13,0.590158,1.0,0.0,0.11556406529087233,-0.11556406529087233
78,2022-07-14,74.403,1.0,0.0,14.569510452856312,-14.569510452856312
78,2022-07-15,77.17811,2.0,11.16,15.112929322429125,-3.9529293224291244
78,2022-07-16,74.3677,1.0,8.06,14.562598047187375,-6.502598047187375
78,2022-07-17,35.117283,4.0,0.0,6.876626234754153,-6.876626234754153
78,2022-07-20,149.2971,2.0,0.0,29.235187546619542,-29.235187546619542
78,2022-07-21,47.6335,1.0,0.0,9.327537547627529,-9.327537547627529
78,2022-07-22,74.4779,1.0,0.0,14.584177285281333,-14.584177285281333
78,2022-07-23,80.0077,2.0,0.0,15.667016403357282,-15.667016403357282
78,2022-07-24,2.76288,2.0,0.0,0.541024004945871,-0.541024004945871
78,2022-07-25,89.04591,3.0,0.0,17.43686835919388,-17.43686835919388
78,2022-07-26,0.0,0.0,37.82,0.0,37.82
78,2022-07-27,149.2502,2.0,0.0,29.226003642203874,-29.226003642203874
78,2022-07-28,149.2652,2.0,38.44,29.228940925066027,9.21105907493397
78,2022-07-29,85.3443,1.0,0.0,16.712023318168686,-16.712023318168686
78,2022-07-30,74.5697,1.0,0.0,14.602153456397716,-14.602153456397716
78,2022-07-31,62.68021,4.0,0.0,12.273967108614285,-12.273967108614285
78,2022-08-02,70.56068,3.0,38.44,13.81711174039554,24.62288825960446
78,2022-08-03,162.19317,4.0,0.0,31.760481239962107,-31.760481239962107
78,2022-08-04,74.4684,1.0,0.0,14.582317006135302,-14.582317006135302
78,2022-08-05,74.4243,1.0,0.0,14.57368139452057,-14.57368139452057
78,2022-08-06,74.5215,1.0,0.0,14.592714987467328,-14.592714987467328
78,2022-08-09,50.9889,3.0,0.0,9.984588142005633,-9.984588142005633
78,2022-08-10,0.328717,1.0,0.0,0.06436898737324527,-0.06436898737324527
78,2022-08-11,74.5278,1.0,0.0,14.593948646269432,-14.593948646269432
78,2022-08-12,78.31222,3.0,0.0,15.335009446882289,-15.335009446882289
78,2022-08-13,86.8753,1.0,0.0,17.01182198896587,-17.01182198896587
78,2022-08-14,12.225267,3.0,0.0,2.393937816290463,-2.393937816290463
78,2022-08-15,29.87407,3.0,0.0,5.849906255585946,-5.849906255585946
78,2022-08-17,148.9291,2.0,38.44,29.163126207068032,9.276873792931966
78,2022-08-18,163.776,2.0,26.04,32.07042920214232,-6.030429202142322
78,2022-08-19,74.3169,2.0,0.0,14.552650449227547,-14.552650449227547
78,2022-08-20,155.9317,2.0,0.0,30.53436733843601,-30.53436733843601
78,2022-08-23,39.194102,5.0,0.0,7.674944273474408,-7.674944273474408
78,2022-08-24,36.9436,1.0,0.0,7.234253543084854,-7.234253543084854
78,2022-08-25,149.1393,2.0,31.62,29.204287330909683,2.4157126690903183
78,2022-08-26,151.29430000000002,2.0,27.9,29.62627696877248,-1.7262769687724813
78,2022-08-27,149.446779,3.0,0.0,29.26449751738783,-29.26449751738783
78,2022-08-28,27.3057,2.0,0.0,5.346970976607913,-5.346970976607913
78,2022-08-29,39.468199999999996,2.0,0.0,7.72861783067112,-7.72861783067112
78,2022-08-30,40.9561,4.0,0.0,8.01997670871105,-8.01997670871105
78,2022-08-31,150.16136699999998,3.0,0.0,29.404427323114557,-29.404427323114557
78,2022-09-01,148.6687,2.0,53.94,29.11213497658104,24.82786502341896
78,2022-09-02,153.6354,3.0,27.9,30.084708496011725,-2.1847084960117265
78,2022-09-07,151.13830000000002,2.0,0.0,29.59572922700608,-29.59572922700608
78,2022-09-08,149.11790000000002,2.0,27.9,29.20009680735968,-1.300096807359683
78,2022-09-09,148.918271,3.0,27.9,29.161005684660413,-1.2610056846604145
78,2022-09-10,74.5542,1.0,0.0,14.599118264106822,-14.599118264106822
78,2022-09-12,51.93765,5.0,38.44,10.170371283036873,28.269628716963126
78,2022-09-13,36.903366999999996,4.0,0.0,7.2263751629919835,-7.2263751629919835
78,2022-09-14,153.25646,4.0,0.0,30.010504898159418,-30.010504898159418
78,2022-09-15,0.528274,1.0,0.0,0.10344601111476977,-0.10344601111476977
78,2022-09-16,74.95828,2.0,0.0,14.678244748036104,-14.678244748036104
78,2022-09-17,74.2809,1.0,0.0,14.545600970358377,-14.545600970358377
78,2022-09-18,41.03701,4.0,0.0,8.03582041246951,-8.03582041246951
78,2022-09-20,17.357,1.0,0.0,3.398827909227141,-3.398827909227141
78,2022-09-21,74.4862,1.0,0.0,14.58580258179839,-14.58580258179839
78,2022-09-22,158.0152,2.0,0.0,30.942355927989198,-30.942355927989198
78,2022-09-23,148.7126,2.0,33.48,29.120731424424278,4.359268575575719
78,2022-09-24,153.9768,2.0,29.14,30.15156105395435,-1.011561053954349
78,2022-09-27,41.402699999999996,2.0,0.0,8.107429410460249,-8.107429410460249
78,2022-09-28,149.61180000000002,2.0,38.44,29.296811741067536,9.143188258932462
78,2022-09-29,149.0974,2.0,1.24,29.1960825207814,-27.9560825207814
78,2022-09-30,74.5174,2.0,0.0,14.591912130151671,-14.591912130151671
78,2022-10-01,75.800078,4.0,0.0,14.84308467062247,-14.84308467062247
78,2022-10-05,149.231,2.0,29.14,29.22224392014032,-0.08224392014031778
78,2022-10-06,76.671289,3.0,0.0,15.013684213263808,-15.013684213263808
78,2022-10-07,149.2389,3.0,0.0,29.223790889114387,-29.223790889114387
78,2022-10-08,80.5216,1.0,0.0,15.767647714214679,-15.767647714214679
78,2022-10-09,37.245000000000005,2.0,0.0,7.2932733467284026,-7.2932733467284026
78,2022-10-10,30.357300000000002,2.0,0.0,5.944531802084525,-5.944531802084525
78,2022-10-11,70.468,7.0,0.0,13.798963248684576,-13.798963248684576
78,2022-10-12,148.9967,2.0,14.26,29.176363561833472,-14.916363561833473
78,2022-10-13,149.0049,3.0,30.38,29.177969276464783,1.2020307235352163
78,2022-10-14,108.2921,2.0,0.0,21.20563529577787,-21.20563529577787
78,2022-10-15,74.3741,1.0,29.76,14.563851287875227,15.196148712124774
78,2022-10-17,35.3686,2.0,0.0,6.925838842558683,-6.925838842558683
78,2022-10-19,153.64916,5.0,38.44,30.087402963490607,8.35259703650939
78,2022-10-20,150.66320000000002,2.0,30.38,29.502695687818786,0.877304312181213
78,2022-10-21,149.5881,2.0,29.76,29.29217083414533,0.4678291658546705
78,2022-10-22,149.5106,2.0,29.14,29.27699487269087,-0.1369948726908703
78,2022-10-23,158.8193,4.0,29.76,31.099813871286404,-1.3398138712864025
78,2022-10-24,14.081609,2.0,0.0,2.757444585816909,-2.757444585816909
78,2022-10-25,31.028824,4.0,0.0,6.076028864532865,-6.076028864532865
78,2022-10-26,74.6653,1.0,0.0,14.620873739172511,-14.620873739172511
78,2022-10-27,149.2099,2.0,0.0,29.218112142247556,-29.218112142247556
78,2022-10-28,90.7716,2.0,35.34,17.77479100335325,17.565208996646753
78,2022-10-29,76.457035,3.0,0.0,14.971729239773945,-14.971729239773945
78,2022-10-30,148.089,2.0,34.1,28.99861878490166,5.101381215098343
78,2022-10-31,38.798393000000004,5.0,0.0,7.59745698920107,-7.59745698920107
78,2022-11-02,74.8092,1.0,48.980000000000004,14.649052072763443,34.330947927236565
78,2022-11-03,74.54,1.0,30.38,14.596337636330652,15.783662363669347
78,2022-11-04,74.5941,1.0,0.0,14.606931436520153,-14.606931436520153
78,2022-11-05,148.9247,3.0,34.72,29.16226460409513,5.557735395904867
78,2022-11-06,74.5761,1.0,32.86,14.603406697085568,18.256593302914432
78,2022-11-09,74.7503,1.0,0.0,14.63751834205805,-14.63751834205805
78,2022-11-10,18.902810000000002,2.0,0.0,3.701526657303561,-3.701526657303561
78,2022-11-16,74.70160000000001,2.0,0.0,14.627981963698925,-14.627981963698925
78,2022-11-17,75.1053,1.0,11.16,14.70703403646236,-3.5470340364623603
78,2022-11-18,16.2116,1.0,28.52,3.174536989873061,25.345463010126938
78,2022-11-19,91.6289,2.0,0.0,17.942666509868225,-17.942666509868225
78,2022-11-20,74.6156,1.0,38.44,14.611141541955906,23.828858458044092
78,2022-11-23,79.86420000000001,3.0,0.0,15.638916397309345,-15.638916397309345
78,2022-11-24,74.6294,1.0,0.0,14.61384384218909,-14.61384384218909
78,2022-11-25,88.5814,1.0,38.44,17.34590854170727,21.094091458292727
78,2022-11-26,83.8502,1.0,38.44,16.419450363212402,22.020549636787596
78,2022-11-27,74.5528,1.0,35.34,14.598844117706356,20.741155882293647
78,2022-11-28,53.1533,4.0,0.0,10.40841847712871,-10.40841847712871
78,2022-12-01,87.67250000000001,2.0,0.0,17.167928782146486,-17.167928782146486
78,2022-12-02,87.92606,2.0,38.44,17.217580611648337,21.22241938835166
78,2022-12-03,74.4036,1.0,38.44,14.569627944170795,23.8703720558292
78,2022-12-04,88.2546,1.0,37.2,17.28191493908381,19.918085060916194
78,2022-12-05,17.3158,1.0,0.0,3.390760172299091,-3.390760172299091
78,2022-12-06,36.521659,5.0,0.0,7.151629538542179,-7.151629538542179
78,2022-12-07,50.3242,1.0,19.22,9.854427347440716,9.365572652559283
78,2022-12-08,181.0153,3.0,38.44,35.44620923184443,2.99379076815557
78,2022-12-09,88.0381,1.0,38.44,17.23952015644005,21.200479843559947
78,2022-12-10,74.4433,1.0,38.44,14.577401952812629,23.86259804718737
78,2022-12-11,99.26140000000001,2.0,0.0,19.437253939560925,-19.437253939560925
78,2022-12-14,176.53410000000002,2.0,22.32,34.5687057677188,-12.248705767718796
78,2022-12-15,183.14339999999999,2.0,0.0,35.86293134244109,-35.86293134244109
78,2022-12-16,74.5619,1.0,38.44,14.600626069309394,23.839373930690606
78,2022-12-17,149.07479999999998,2.0,38.44,29.191657014602416,9.248342985397581
78,2022-12-19,57.25798,4.0,0.0,11.21219222503713,-11.21219222503713
78,2022-12-21,106.67,2.0,0.0,20.887997527064535,-20.887997527064535
78,2022-12-22,41.6819,2.0,9.92,8.162102035467809,1.7578979645321908
78,2022-12-23,109.0011,2.0,38.44,21.344470865729015,17.095529134270983
78,2022-12-24,162.5978,3.0,4.34,31.839715424262998,-27.499715424262998
78,2022-12-25,53.553,1.0,0.0,10.48668727446224,-10.48668727446224
78,2022-12-28,114.1083,2.0,38.44,22.344556934635214,16.095443065364783
78,2022-12-30,108.4253,2.0,4.96,21.231718367593796,-16.271718367593795
78,2022-12-31,148.69490000000002,2.0,38.44,29.11726543064694,9.32273456935306
78,2023-01-01,125.45142,5.0,0.0,24.56575373325897,-24.56575373325897
78,2023-01-03,0.288611,1.0,38.44,0.05651547627527536,38.383484523724725
78,2023-01-04,177.00497000000001,4.0,21.08,34.660910993138955,-13.580910993138957
78,2023-01-05,176.406,2.0,0.0,34.543621372076,-34.543621372076
78,2023-01-06,149.55700000000002,2.0,38.44,29.2860808676778,9.153919132322198
78,2023-01-07,148.5319,2.0,38.44,29.085346956878194,9.354653043121804
78,2023-01-09,88.1996,1.0,0.0,17.271144901922575,-17.271144901922575
78,2023-01-10,33.0509,2.0,0.0,6.471989476584393,-6.471989476584393
78,2023-01-11,89.147,1.0,0.0,17.456663687496224,-17.456663687496224
78,2023-01-12,176.7004,2.0,38.44,34.601270443717205,3.838729556282793
78,2023-01-13,149.2618,2.0,38.44,29.228275140950608,9.21172485904939
78,2023-01-14,148.84640000000002,2.0,32.24,29.14693198755469,3.093068012445311
78,2023-01-16,54.23562,4.0,0.0,10.620357142953143,-10.620357142953143
78,2023-01-17,41.375118,6.0,0.0,8.10202833473332,-8.10202833473332
78,2023-01-19,180.6049,2.0,38.44,35.36584517273589,3.0741548272641097
78,2023-01-20,74.502,1.0,38.44,14.588896519746527,23.85110348025347
78,2023-01-21,148.6462,2.0,38.44,29.107729052287805,9.332270947712193
78,2023-01-23,55.471689,4.0,0.0,10.8624027622958,-10.8624027622958
78,2023-01-24,0.301874,1.0,0.0,0.05911262178199193,-0.05911262178199193
78,2023-01-25,176.9099,2.0,25.42,34.64229449435862,-9.222294494358621
78,2023-02-01,174.89691399999998,4.0,0.0,34.24811387572156,-34.24811387572156
78,2023-02-02,88.3055,1.0,0.0,17.291882118929383,-17.291882118929383
78,2023-02-03,74.5689,1.0,0.0,14.601996801311733,-14.601996801311733
78,2023-02-04,74.2524,1.0,38.44,14.540020132920283,23.899979867079715
78,2023-02-08,177.4837,2.0,38.44,34.75465535477889,3.6853446452211074
78,2023-02-09,100.645,1.0,0.0,19.708188910766008,-19.708188910766008
78,2023-02-10,74.4136,1.0,0.0,14.571586132745566,-14.571586132745566
78,2023-02-11,148.6178,2.0,34.1,29.10216779673546,4.99783220326454
78,2023-02-13,35.9914,4.0,0.0,7.047794826995317,-7.047794826995317
78,2023-02-14,15.112749999999998,2.0,0.0,2.959361438334532,-2.959361438334532
78,2023-02-15,89.2936,1.0,0.0,17.48537073200234,-17.48537073200234
78,2023-02-16,74.9903,2.0,0.0,14.684514867852515,-14.684514867852515
78,2023-02-17,74.521,1.0,38.44,14.59261707803859,23.847382921961408
78,2023-02-18,149.1491,2.0,35.96,29.206206355712958,6.753793644287043
78,2023-02-23,98.78450000000001,2.0,53.94,19.343867926430175,34.59613207356982
78,2023-02-24,201.55180000000001,3.0,0.0,39.46764319841948,-39.46764319841948
78,2023-02-25,149.0605,2.0,36.58,29.1888568049405,7.391143195059499
78,2023-03-01,176.4681,2.0,38.44,34.555781723125314,3.884218276874684
78,2023-03-02,148.9244,2.0,38.44,29.16220585843789,9.277794141562108
78,2023-03-03,74.7386,1.0,34.72,14.63522726142557,20.08477273857443
78,2023-03-04,74.4022,1.0,1.86,14.569353797770328,-12.709353797770328
78,2023-03-05,1.12062,1.0,0.0,0.2194385280658016,-0.2194385280658016
78,2023-03-07,32.893100000000004,2.0,0.0,6.441089260874534,-6.441089260874534
78,2023-03-08,168.12720000000002,2.0,35.96,32.92247621479596,3.037523785204044
78,2023-03-09,149.2181,2.0,38.44,29.219717856878862,9.220282143121135
78,2023-03-10,105.98137,5.0,35.96,20.753150787240195,15.206849212759806
78,2023-03-11,88.07759999999999,2.0,0.0,17.24725500131039,-17.24725500131039
78,2023-03-15,88.5705,1.0,38.44,17.34377411616077,21.096225883839228
78,2023-03-16,149.1139,2.0,0.0,29.199313531929768,-29.199313531929768
78,2023-03-17,148.9874,2.0,36.58,29.17454244645894,7.4054575535410585
78,2023-03-18,74.6027,1.0,37.82,14.608615478694453,23.211384521305547
78,2023-03-20,23.53002,3.0,0.0,4.607621632809403,-4.607621632809403
78,2023-03-22,74.5617,1.0,38.44,14.6005869055379,23.839413094462095
78,2023-03-23,74.6975,1.0,33.48,14.627179106383268,18.85282089361673
78,2023-03-24,74.6782,1.0,34.1,14.623399802433964,19.476600197566036
78,2023-03-25,74.573,1.0,33.48,14.602799658627388,18.877200341372607
78,2023-03-27,54.4189,1.0,0.0,10.656246823151516,-10.656246823151516
78,2023-03-29,74.6275,1.0,0.0,14.61347178635988,-14.61347178635988
78,2023-03-30,74.4441,1.0,35.96,14.577558607898613,21.382441392101388
78,2023-03-31,149.06369999999998,2.0,32.86,29.189483425284422,3.6705165747155775
78,2023-04-01,74.4033,1.0,0.0,14.569569198513554,-14.569569198513554
78,2023-04-05,77.19024,2.0,0.0,15.115304605170321,-15.115304605170321
78,2023-04-06,74.6583,1.0,35.34,14.619503007170172,20.72049699282983
78,2023-04-07,108.0699,2.0,32.24,21.162124345646497,11.077875654353505
78,2023-04-08,74.6499,1.0,32.24,14.617858128767367,17.622141871232635
78,2023-04-09,33.055499999999995,2.0,0.0,6.472890243328786,-6.472890243328786
78,2023-04-11,23.795326999999997,6.0,0.0,4.659573746430036,-4.659573746430036
78,2023-04-12,79.1944,1.0,0.0,15.507756926571291,-15.507756926571291
78,2023-04-13,149.0155,2.0,32.24,29.18004495635404,3.0599550436459637
78,2023-04-14,74.5739,1.0,32.86,14.602975895599117,18.257024104400884
78,2023-04-15,149.1128,2.0,38.44,29.199098131186542,9.240901868813456
78,2023-04-16,60.0501,1.0,0.0,11.758941973375627,-11.758941973375627
78,2023-04-17,54.77912,5.0,38.44,10.726784691991858,27.713215308008138
78,2023-04-19,149.3075,2.0,16.12,29.237224062737305,-13.117224062737304
78,2023-04-20,76.41984000000001,2.0,0.0,14.964445757370092,-14.964445757370092
78,2023-04-21,149.1643,2.0,0.0,29.209182802346607,-29.209182802346607
78,2023-04-22,149.149,2.0,38.44,29.20618677382721,9.233813226172789
78,2023-04-24,74.7008,5.0,0.0,14.627825308612941,-14.627825308612941
78,2023-04-26,150.368,2.0,0.0,29.44488996109159,-29.44488996109159
78,2023-04-27,96.9356,2.0,0.0,18.98181844084107,-18.98181844084107
78,2023-04-30,158.137223,6.0,0.0,30.96625033243511,-30.96625033243511
78,2023-05-03,18.8619,1.0,38.44,3.6935157078441785,34.74648429215582
78,2023-05-04,56.140148,2.0,0.0,10.993299639945974,-10.993299639945974
78,2023-05-05,75.1898,2.0,0.0,14.723580729919163,-14.723580729919163
78,2023-05-06,173.39942,4.0,34.72,33.95487631156299,0.7651236884370078
78,2023-05-09,34.342076,5.0,0.0,6.724826085706031,-6.724826085706031
78,2023-05-10,76.6302,1.0,38.44,15.005638212228938,23.43436178777106
78,2023-05-11,164.11059999999998,2.0,36.58,32.1359501918541,4.444049808145898
78,2023-05-12,149.26940000000002,2.0,38.44,29.229763364267434,9.210236635732564
78,2023-05-13,74.5622,1.0,30.38,14.60068481496664,15.77931518503336
78,2023-05-14,68.58806,3.0,0.0,13.430835545759388,-13.430835545759388
78,2023-05-16,38.24412,4.0,0.0,7.488919883610756,-7.488919883610756
78,2023-05-17,149.59910000000002,2.0,0.0,29.29432484157758,-29.29432484157758
78,2023-05-18,74.6306,1.0,27.28,14.61407882481806,12.665921175181941
78,2023-05-19,174.9,3.0,0.0,34.24871817271573,-34.24871817271573
78,2023-05-20,74.3549,1.0,30.38,14.56009156581167,15.81990843418833
78,2023-05-23,36.8005,2.0,0.0,7.206231864579904,-7.206231864579904
78,2023-05-24,32.5416,2.0,0.0,6.372258932471391,-6.372258932471391
78,2023-05-31,59.2917,2.0,13.64,11.61043295186512,2.029567048134881
78,2023-06-06,53.997644,4.0,0.0,10.573756954526214,-10.573756954526214
78,2023-06-14,5.6978100000000005,2.0,0.0,1.1157386443206487,-1.1157386443206487
78,2023-06-17,6.90675,2.0,0.0,1.352471893878813,-1.352471893878813
78,2023-06-19,27.96259,4.0,0.0,5.475602425895936,-5.475602425895936
78,2023-06-21,0.0,0.0,31.0,0.0,31.0
78,2023-06-22,122.8322,3.0,0.0,24.052861065378234,-24.052861065378234
78,2023-06-24,62.1262,2.0,0.0,12.165481503383488,-12.165481503383488
78,2023-06-28,164.26945999999998,7.0,0.0,32.167057975552886,-32.167057975552886
78,2023-06-30,81.12917,4.0,0.0,15.88662137745194,-15.88662137745194
78,2023-07-01,0.0,0.0,1.86,0.0,1.86
78,2023-07-22,84.6707,2.0,0.0,16.580119735772225,-16.580119735772225
78,2023-07-23,74.6525,1.0,0.0,14.618367257796805,-14.618367257796805
78,2023-07-24,97.20490899999999,4.0,0.0,19.034554221529323,-19.034554221529323
78,2023-07-25,32.3935,2.0,38.44,6.343258159679058,32.09674184032094
78,2023-07-26,104.95679999999999,2.0,0.0,20.55252066043505,-20.55252066043505
78,2023-07-27,1.239626,2.0,0.0,0.2427421470187016,-0.2427421470187016
78,2023-07-28,109.601477,5.0,0.0,21.462036003924446,-21.462036003924446
78,2023-08-07,36.573080000000004,2.0,0.0,7.161698740012501,-7.161698740012501
78,2023-09-12,0.0,0.0,1.86,0.0,1.86
78,2023-09-13,64.83356,3.0,28.52,12.695633645362241,15.824366354637759
78,2023-09-14,24.70071,3.0,0.0,4.836864811069075,-4.836864811069075
78,2023-09-15,80.87469999999999,2.0,25.42,15.836791352789781,9.58320864721022
78,2023-09-18,32.561589999999995,4.0,0.0,6.376173351432354,-6.376173351432354
78,2023-09-19,13.6358,1.0,0.0,2.670146776783975,-2.670146776783975
78,2023-09-20,5.2021999999999995,2.0,0.0,1.0186888603665052,-1.0186888603665052
78,2023-09-21,0.632813,1.0,0.0,0.12391671865655095,-0.12391671865655095
78,2023-09-25,0.785278,1.0,0.0,0.15377224076177168,-0.15377224076177168
78,2023-09-27,68.504065,5.0,0.0,13.414387740825614,-13.414387740825614
78,2023-09-28,93.6144,4.0,0.0,18.331464851388677,-18.331464851388677
78,2023-09-29,14.727947,5.0,0.0,2.884009754520836,-2.884009754520836
78,2023-10-02,9.16084,2.0,0.0,1.7938652223289948,-1.7938652223289948
78,2023-10-03,29.182209999999998,5.0,38.44,5.714427020851954,32.72557297914804
78,2023-10-04,12.2797,1.0,0.0,2.404596824159505,-2.404596824159505
78,2023-10-17,12.48382,2.0,12.4,2.4445673693476966,9.955432630652304
78,2023-10-18,131.00364,15.0,0.0,25.65298311011955,-25.65298311011955
78,2023-10-19,11.23352,2.0,0.0,2.199735051844286,-2.199735051844286
78,2023-10-20,150.60129,14.0,0.0,29.490572542352385,-29.490572542352385
78,2023-10-21,12.3799,1.0,0.0,2.4242178736786935,-2.4242178736786935
78,2023-10-22,12.003,1.0,0.0,2.3504137462956374,-2.3504137462956374
78,2023-10-23,18.85202,4.0,0.0,3.6915810175323065,-3.6915810175323065
78,2023-10-24,14.37931,2.0,0.0,2.81574005550665,-2.81574005550665
78,2023-10-25,169.48194999999998,19.0,0.0,33.18776181196283,-33.18776181196283
78,2023-10-26,11.59895,2.0,0.0,2.271293136932082,-2.271293136932082
78,2023-10-27,88.52633,12.0,0.0,17.335124797226015,-17.335124797226015
78,2023-10-28,8.47812,1.0,0.0,1.6601757719523427,-1.6601757719523427
78,2023-10-29,12.2235,1.0,0.0,2.393591804369301,-2.393591804369301
78,2023-10-30,20.64921,3.0,0.0,4.043504710001278,-4.043504710001278
78,2023-10-31,14.540949999999999,2.0,25.42,2.8473922156292213,22.57260778437078
78,2023-11-01,19.176209999999998,2.0,0.0,3.7550635329377533,-3.7550635329377533
78,2023-11-02,11.0493,2.0,0.0,2.1636613019198854,-2.1636613019198854
78,2023-11-03,6.3866,1.0,0.0,1.2506167151621856,-1.2506167151621856
78,2023-11-04,13.79487,2.0,0.0,2.7012956824428307,-2.7012956824428307
78,2023-11-05,2.81996,1.0,0.0,0.5522013453306545,-0.5522013453306545
78,2023-11-06,14.4698,5.0,0.0,2.8334597039197376,-2.8334597039197376
78,2023-11-07,6.9291,1.0,0.0,1.3568484453434224,-1.3568484453434224
78,2023-11-08,84.69854,8.0,0.0,16.58557133276438,-16.58557133276438
78,2023-11-09,7.88898,2.0,0.0,1.5448110502583818,-1.5448110502583818
78,2023-11-10,6.29693,1.0,0.0,1.2330576382122291,-1.2330576382122291
78,2023-11-11,13.83287,2.0,0.0,2.708736799026954,-2.708736799026954
78,2023-11-12,25.01349,3.0,0.0,4.898113033310711,-4.898113033310711
78,2023-11-13,96.9588,8.0,0.0,18.986361438334534,-18.986361438334534
78,2023-11-14,6.73472,1.0,0.0,1.3187851758270561,-1.3187851758270561
78,2023-11-15,131.50001,12.0,0.0,25.75018171640538,-25.75018171640538
78,2023-11-16,16.16928,5.0,0.0,3.1662499358246374,-3.1662499358246374
78,2023-11-17,42.05428,4.0,0.0,8.23502106161507,-8.23502106161507
78,2023-11-18,13.77043,2.0,0.0,2.696509869566094,-2.696509869566094
78,2023-11-19,16.305210000000002,2.0,0.0,3.1928675931214774,-3.1928675931214774
78,2023-11-20,64.799721,9.0,0.0,12.68900733104408,-12.68900733104408
78,2023-11-21,14.317303,3.0,0.0,2.803597915611078,-2.803597915611078
78,2023-11-27,44.02628,5.0,0.0,8.621175848559584,-8.621175848559584
78,2023-11-28,6.90583,1.0,0.0,1.3522917405299342,-1.3522917405299342
78,2023-11-29,83.37199,13.0,0.0,16.325807827378355,-16.325807827378355
78,2023-11-30,7.8951899999999995,2.0,0.0,1.5460270853633133,-1.5460270853633133
78,2023-12-01,68.48052,10.0,0.0,13.40977718582632,-13.40977718582632
78,2023-12-02,12.08374,2.0,0.0,2.3662241608483248,-2.3662241608483248
78,2023-12-03,29.4687,1.0,0.0,5.77052716533052,-5.77052716533052
78,2023-12-04,7.8061,2.0,0.0,1.5285815833506935,-1.5285815833506935
78,2023-12-05,6.76459,1.0,0.0,1.324634285099892,-1.324634285099892
78,2023-12-06,147.11019,17.0,0.0,28.80694932901466,-28.80694932901466
78,2023-12-07,9.231739999999999,3.0,0.0,1.8077487793241092,-1.8077487793241092
78,2023-12-08,62.351599,10.0,9.3,12.209618878039933,-2.9096188780399324
78,2023-12-09,9.108979999999999,2.0,0.0,1.7837100563802408,-1.7837100563802408
78,2023-12-10,22.42893,3.0,0.0,4.392007447030126,-4.392007447030126
78,2023-12-11,26.139337,7.0,0.0,5.118575106544545,-5.118575106544545
78,2023-12-12,6.35292,1.0,0.0,1.2440215360423628,-1.2440215360423628
78,2023-12-13,99.645138,16.0,1.86,19.512397076291407,-17.652397076291408
78,2023-12-14,7.18083,2.0,0.0,1.406141926336091,-1.406141926336091
78,2023-12-15,59.058189999999996,6.0,4.96,11.56470729045568,-6.604707290455679
78,2023-12-16,16.555585,4.0,13.02,3.2418957395622643,9.778104260437736
78,2023-12-17,15.3023,1.0,0.0,2.9964789027692853,-2.9964789027692853
78,2023-12-18,57.814029999999995,8.0,0.0,11.321077300737178,-11.321077300737178
78,2023-12-19,25.030920000000002,4.0,0.0,4.9015261559965335,-4.9015261559965335
78,2023-12-20,11.6269,1.0,0.0,2.2767662739985624,-2.2767662739985624
78,2023-12-21,46.170513,7.0,0.0,9.041057104783922,-9.041057104783922
78,2023-12-22,90.907028,8.0,8.06,17.801310359583635,-9.741310359583634
78,2023-12-23,12.46441,3.0,25.42,2.4407665253240696,22.979233474675933
78,2023-12-24,43.62797,3.0,0.0,8.543179239437945,-8.543179239437945
78,2023-12-25,94.602138,4.0,0.0,18.52488257803523,-18.52488257803523
78,2023-12-26,9.19417,2.0,0.0,1.800391864848701,-1.800391864848701
78,2023-12-27,18.82163,2.0,0.0,3.6856300824535824,-3.6856300824535824
78,2023-12-28,14.92796,3.0,0.0,2.92317607166137,-2.92317607166137
78,2023-12-29,76.09908,10.0,17.36,14.901634900645789,2.4583650993542108
78,2023-12-30,16.153,2.0,26.66,3.1630620048249125,23.496937995175088
78,2023-12-31,5.00331,1.0,0.0,0.979742447802918,-0.979742447802918
94,2021-01-21,49.1555,3.0,7.53,6.395942003315122,1.134057996684878
94,2021-01-22,49.6211,4.0,6.825,6.456524249386131,0.36847575061386895
94,2021-01-23,44.53613,6.0,0.0,5.794885710288832,-5.794885710288832
94,2021-01-25,59.601690000000005,6.0,20.235,7.755163766812807,12.479836233187193
94,2021-01-26,57.412400000000005,3.0,12.471,7.4703009972664125,5.000699002733588
94,2021-01-27,43.929100000000005,5.0,2.823,5.715901086507722,-2.8929010865077225
94,2021-01-28,45.5199,5.0,3.06,5.922890427250339,-2.862890427250339
94,2021-01-29,57.49929,6.0,1.8809999999999998,7.481606820636494,-5.600606820636495
94,2021-01-30,33.06168,4.0,2.589,4.301870346393863,-1.712870346393863
94,2021-02-01,46.94287,5.0,2.118,6.108042314474704,-3.9900423144747044
94,2021-02-02,60.23064,6.0,15.765,7.837000544446744,7.927999455553256
94,2021-02-03,57.29446,6.0,8.235,7.454955056326518,0.7800449436734818
94,2021-02-04,59.12199,6.0,10.59,7.692746877980625,2.897253122019375
94,2021-02-05,32.48051,4.0,0.0,4.226250535506645,-4.226250535506645
94,2021-02-06,32.96445,3.0,13.647,4.289219118332255,9.357780881667745
94,2021-02-08,59.73663,5.0,4.707,7.772721688386736,-3.065721688386736
94,2021-02-09,56.327780000000004,5.0,1.413,7.329174030484757,-5.916174030484757
94,2021-02-10,56.6562,6.0,2.118,7.371906894004175,-5.253906894004174
94,2021-02-11,59.27135,5.0,3.9989999999999997,7.712181079598249,-3.7131810795982494
94,2021-02-12,57.32821,5.0,0.0,7.459346488467618,-7.459346488467618
94,2021-02-13,33.29394,3.0,1.647,4.332091206515109,-2.685091206515109
94,2021-02-17,38.5079,3.0,8.235,5.010513473964426,3.224486526035573
94,2021-02-18,59.366820000000004,5.0,4.707,7.72460330260598,-3.0176033026059805
94,2021-02-19,56.29667,5.0,1.176,7.325126105924471,-6.149126105924471
94,2021-02-20,33.31662,3.0,0.0,4.335042248913929,-4.335042248913929
94,2021-02-22,57.04442,5.0,33.411,7.422420724695084,25.988579275304918
94,2021-02-23,59.66459,6.0,6.12,7.763348095158738,-1.6433480951587383
94,2021-02-24,56.31886,6.0,0.0,7.328013391234427,-7.328013391234427
94,2021-02-25,49.2943,4.0,0.939,6.414002174609487,-5.475002174609487
94,2021-02-26,57.20749,6.0,0.0,7.443638823635805,-7.443638823635805
94,2021-02-27,33.03268,4.0,0.0,4.298096967665212,-4.298096967665212
94,2021-03-01,56.73118,6.0,0.0,7.3816630297653525,-7.3816630297653525
94,2021-03-02,32.96672,4.0,13.173,4.289514482805153,8.883485517194847
94,2021-03-03,56.30768,5.0,25.65,7.326558688676278,18.32344131132372
94,2021-03-04,60.56127,6.0,15.762,7.880020965448587,7.881979034551414
94,2021-03-05,58.952020000000005,6.0,3.765,7.670630975135502,-3.905630975135502
94,2021-03-06,32.84192,4.0,0.0,4.273275942621171,-4.273275942621171
94,2021-03-08,60.10663,5.0,16.002,7.820864796303991,8.181135203696009
94,2021-03-09,58.98071,6.0,6.12,7.674364017746707,-1.5543640177467068
94,2021-03-10,57.92597,6.0,7.059,7.53712493222064,-0.47812493222063956
94,2021-03-11,59.013439999999996,5.0,0.0,7.678622731049765,-7.678622731049765
94,2021-03-12,57.248780000000004,5.0,2.589,7.449011334246355,-4.860011334246355
94,2021-03-13,32.83229,3.0,12.942,4.272022920650244,8.669977079349756
94,2021-03-14,0.0,0.0,7.767,0.0,7.767
94,2021-03-16,57.1632,6.0,1.41,7.437875963501602,-6.027875963501602
94,2021-03-17,54.73592,5.0,10.821,7.122046766243782,3.6989532337562174
94,2021-03-18,56.6805,6.0,4.236,7.375068725145767,-3.1390687251457674
94,2021-03-19,32.518769999999996,3.0,7.059,4.231228793098303,2.827771206901697
94,2021-03-20,33.807019999999994,3.0,2.826,4.398851384380474,-1.5728513843804737
94,2021-03-22,46.36165,4.0,0.0,6.032415997762092,-6.032415997762092
94,2021-03-23,58.10858,6.0,18.588,7.560885507725423,11.027114492274578
94,2021-03-24,61.52958,6.0,9.414,8.006014081198199,1.407985918801801
94,2021-03-25,31.65925,4.0,2.826,4.119391052241443,-1.2933910522414434
94,2021-03-26,59.19362,6.0,4.944,7.70206712344039,-2.75806712344039
94,2021-03-27,32.89599,3.0,0.0,4.280311342202484,-4.280311342202484
94,2021-03-29,44.86099,5.0,7.763999999999999,5.837155359040182,1.9268446409598177
94,2021-03-30,57.15379,5.0,8.004,7.436651567162409,0.5673484328375906
94,2021-03-31,45.24948,5.0,2.121,5.887704321188219,-3.7667043211882194
94,2021-04-01,59.15012,5.0,6.354,7.696407055347415,-1.3424070553474152
94,2021-04-02,57.25627,6.0,4.002,7.44998590689041,-3.44798590689041
94,2021-04-03,33.59092,3.0,3.531,4.37073320702664,-0.8397332070266397
94,2021-04-05,54.881859999999996,5.0,3.5309999999999997,7.141035969404442,-3.610035969404442
94,2021-04-06,59.43868,6.0,6.354,7.733953474862558,-1.3799534748625577
94,2021-04-07,57.37718,6.0,2.823,7.465718293858721,-4.642718293858721
94,2021-04-08,59.08895,6.0,0.705,7.688447828560122,-6.983447828560122
94,2021-04-09,58.69386,6.0,15.057,7.637040097460046,7.419959902539954
94,2021-04-10,33.42196,4.0,5.649,4.34874872185448,1.3002512781455202
94,2021-04-12,43.81165,5.0,8.001,5.700618902656691,2.3003810973433083
94,2021-04-13,59.01912,6.0,8.472,7.679361792814549,0.7926382071854503
94,2021-04-14,56.26934,6.0,5.646,7.321570021763988,-1.6755700217639884
94,2021-04-15,45.55521,5.0,9.882000000000001,5.927484841143739,3.954515158856262
94,2021-04-16,57.11943,5.0,3.765,7.432180763951498,-3.667180763951498
94,2021-04-17,32.64885,4.0,11.061,4.248154348443917,6.812845651556083
94,2021-04-19,50.0979,4.0,5.412,6.518563800345448,-1.106563800345448
94,2021-04-20,51.058,4.0,13.413,6.643488659565328,6.769511340434672
94,2021-04-21,32.10369,4.0,5.886,4.177220033005618,1.7087799669943822
94,2021-04-22,34.05421,2.0,0.0,4.431014883964436,-4.431014883964436
94,2021-04-23,58.999190999999996,7.0,12.0,7.676768700928919,4.323231299071081
94,2021-04-24,56.31103,7.0,6.354,7.3269945789776925,-0.9729945789776924
94,2021-04-26,24.067999999999998,2.0,1.884,3.1316441117634515,-1.2476441117634516
94,2021-04-27,23.7795,2.0,0.0,3.0941054992387818,-3.0941054992387818
94,2021-04-28,19.367539999999998,2.0,0.0,2.5200366711128104,-2.5200366711128104
94,2021-04-29,36.9863,3.0,9.411,4.812528195567415,4.5984718044325845
94,2021-04-30,24.5835,2.0,0.0,3.198719171577897,-3.198719171577897
94,2021-05-01,48.21667,5.0,2.118,6.273784722217944,-4.155784722217945
94,2021-05-02,0.0,0.0,7.296,0.0,7.296
94,2021-05-03,24.0654,2.0,4.707,3.1313058088429524,1.5756941911570475
94,2021-05-04,26.7988,2.0,0.0,3.4869662714943654,-3.4869662714943654
94,2021-05-05,48.5653,4.0,2.352,6.3191472403617075,-3.9671472403617076
94,2021-05-07,48.7743,3.0,0.0,6.346341590509561,-6.346341590509561
94,2021-05-08,56.09961,8.0,20.706,7.299485346880757,13.406514653119242
94,2021-05-10,24.425,2.0,3.531,3.178095705078208,0.352904294921792
94,2021-05-11,24.1299,2.0,4.002,3.1396983236015004,0.8623016763984994
94,2021-05-12,24.0045,2.0,1.647,3.1233817135127877,-1.4763817135127877
94,2021-05-13,24.664299999999997,2.0,1.884,3.2092325854149615,-1.3252325854149616
94,2021-05-14,24.5763,2.0,1.413,3.1977823327211286,-1.7847823327211285
94,2021-05-15,32.38372,4.0,3.765,4.2136565587085055,-0.4486565587085054
94,2021-05-17,60.098,5.0,4.704,7.819741890840947,-3.1157418908409475
94,2021-05-18,74.2893,6.0,0.0,9.666264289181843,-9.666264289181843
94,2021-05-19,75.16629999999999,6.0,17.175,9.780376466596524,7.394623533403477
94,2021-05-20,48.1923,4.0,5.649,6.270613782920799,-0.6216137829207993
94,2021-05-21,74.0289,6.0,8.001,9.632381950528726,-1.631381950528727
94,2021-05-22,37.6549,3.0,1.41,4.8995240927389725,-3.4895240927389723
94,2021-05-24,61.8762,5.0,1.884,8.051115065161113,-6.167115065161113
94,2021-05-25,49.9568,4.0,1.41,6.5002043610829485,-5.090204361082948
94,2021-05-26,73.6202,6.0,12.945,9.579203333756343,3.365796666243657
94,2021-05-27,73.084,6.0,4.47,9.50943486222869,-5.039434862228691
94,2021-05-28,74.5522,5.0,8.238,9.70047191910467,-1.4624719191046704
94,2021-05-29,51.5452,4.0,4.707,6.706881422206643,-1.9998814222066432
94,2021-06-01,38.2653,3.0,0.0,4.978947209151655,-4.978947209151655
94,2021-06-02,62.606700000000004,4.0,7.296,8.14616517417072,-0.8501651741707201
94,2021-06-03,74.7254,6.0,7.5329999999999995,9.72300809827026,-2.19000809827026
94,2021-06-04,49.554,4.0,1.176,6.447793431707084,-5.271793431707084
94,2021-06-05,49.7412,4.0,2.352,6.472151241983057,-4.1201512419830575
94,2021-06-07,72.5881,5.0,11.295,9.44491008596878,1.8500899140312193
94,2021-06-08,77.8948,6.0,15.998999999999999,10.135399358359305,5.863600641640694
94,2021-06-09,74.6474,6.0,8.475,9.712859010655272,-1.2378590106552725
94,2021-06-10,75.5269,6.0,7.5329999999999995,9.827296479339664,-2.294296479339664
94,2021-06-11,75.2725,6.0,8.235,9.794194839733855,-1.5591948397338555
94,2021-06-12,51.019400000000005,4.0,5.886,6.638466162360988,-0.7524661623609878
94,2021-06-14,60.5697,5.0,0.0,7.881117847610052,-7.881117847610052
94,2021-06-15,41.02628,6.0,4.941,5.338196285090521,-0.3971962850905211
94,2021-06-16,32.66377,3.0,0.0,4.2500956867415525,-4.2500956867415525
94,2021-06-17,40.65459,6.0,0.0,5.289833280274942,-5.289833280274942
94,2021-06-18,40.46849,4.0,0.0,5.265618598157642,-5.265618598157642
94,2021-06-19,48.35478,8.0,0.0,6.291755113121868,-6.291755113121868
94,2021-06-21,40.8576,6.0,0.0,5.316248232540568,-5.316248232540568
94,2021-06-22,40.93838,5.0,0.0,5.326759044047477,-5.326759044047477
94,2021-06-23,41.90099,5.0,0.0,5.452010495702147,-5.452010495702147
94,2021-06-24,40.59809,5.0,0.0,5.2824816975794695,-5.2824816975794695
94,2021-06-25,41.30071,6.0,0.0,5.373904158349257,-5.373904158349257
94,2021-06-26,49.22107,8.0,0.0,6.404473742737106,-6.404473742737106
94,2021-06-28,40.57052,6.0,0.0,5.278894385457095,-5.278894385457095
94,2021-06-29,32.60298,4.0,0.0,4.242185904227256,-4.242185904227256
94,2021-06-30,33.41935,4.0,5.175,4.3484091177689015,0.8265908822310983
94,2021-07-01,32.34967,4.0,55.533,4.20922609161504,51.323773908384965
94,2021-07-02,41.96532,6.0,5.649,5.4603808906543545,0.18861910934564552
94,2021-07-03,50.686009999999996,6.0,6.825,6.595086619797383,0.22991338020261676
94,2021-07-05,40.40539,6.0,4.473,5.257408246510131,-0.7844082465101314
94,2021-07-06,41.15129,6.0,3.5309999999999997,5.35446214974116,-1.82346214974116
94,2021-07-07,6.81896,1.0,0.0,0.8872592626038934,-0.8872592626038934
94,2021-07-08,49.590303,8.0,5.175,6.452517051292814,-1.277517051292814
94,2021-07-09,0.307019,1.0,0.0,0.039948240134182446,-0.039948240134182446
94,2021-07-10,45.1725,6.0,2.352,5.877687952411273,-3.5256879524112734
94,2021-07-12,41.45258,6.0,3.765,5.393664952401671,-1.6286649524016705
94,2021-07-13,40.41142,6.0,1.179,5.2581928490526755,-4.079192849052675
94,2021-07-14,16.19171,3.0,0.0,2.1068087618780704,-2.1068087618780704
94,2021-07-15,41.10516,6.0,12.942,5.348459875232448,7.593540124767552
94,2021-07-16,42.32944,4.0,2.826,5.507758913505248,-2.681758913505248
94,2021-07-17,56.71242,10.0,4.236,7.37922204407744,-3.14322204407744
94,2021-07-19,32.90731,4.0,8.706,4.281784261071737,4.424215738928263
94,2021-07-20,67.06764700000001,8.0,4.002,8.72660801966843,-4.7246080196684295
94,2021-07-21,41.02141,5.0,5.178,5.337562617697125,-0.15956261769712476
94,2021-07-22,40.65809,6.0,4.473,5.290288688052538,-0.8172886880525381
94,2021-07-23,40.65147,6.0,3.768,5.289427316770343,-1.5214273167703434
94,2021-07-24,34.56335,4.0,2.355,4.497262402788736,-2.142262402788736
94,2021-07-25,8.3976,2.0,0.0,1.092666386610635,-1.092666386610635
94,2021-07-26,40.97428,5.0,8.238,5.331430226680529,2.906569773319471
94,2021-07-27,41.15344,6.0,5.883,5.354741900233111,0.5282580997668891
94,2021-07-28,40.70842,5.0,7.059,5.296837451894363,1.7621625481056373
94,2021-07-29,40.16847,6.0,1.179,5.226581043462143,-4.047581043462142
94,2021-07-30,41.91572,6.0,3.057,5.453927111863285,-2.396927111863285
94,2021-07-31,39.82672,6.0,2.355,5.182113726892625,-2.8271137268926254
94,2021-08-02,36.92559,5.0,8.472,4.804628822373749,3.6673711776262508
94,2021-08-03,40.65493,6.0,3.5309999999999997,5.289877519887623,-1.7588775198876236
94,2021-08-04,41.26314,6.0,4.941,5.369015681148037,-0.4280156811480369
94,2021-08-05,40.2647,6.0,4.71,5.239102155015866,-0.5291021550158659
94,2021-08-06,42.126039999999996,6.0,5.412,5.481293215801546,-0.06929321580154646
94,2021-08-07,16.36695,4.0,0.0,2.129610378719745,-2.129610378719745
94,2021-08-09,40.7052,6.0,6.117,5.296418476738975,0.8205815232610254
94,2021-08-10,40.36039,6.0,0.0,5.2515530036553315,-5.2515530036553315
94,2021-08-11,28.751479999999997,5.0,3.294,3.7410421741102144,-0.4470421741102144
94,2021-08-12,32.14764,4.0,5.646,4.182938653527141,1.463061346472859
94,2021-08-13,41.89868,6.0,3.2939999999999996,5.451709926568934,-2.157709926568934
94,2021-08-14,41.34191,6.0,5.178,5.379264958474097,-0.20126495847409664
94,2021-08-16,41.03145,6.0,2.826,5.338868987436284,-2.5128689874362835
94,2021-08-17,40.75909,6.0,3.768,5.303430455348869,-1.5354304553488696
94,2021-08-18,42.30164,5.0,0.0,5.5041416745860605,-5.5041416745860605
94,2021-08-19,40.75549,6.0,10.587,5.302962035920485,5.2840379640795145
94,2021-08-20,41.81648,6.0,3.531,5.44101434962083,-1.91001434962083
94,2021-08-21,49.158829999999995,7.0,1.647,6.396375291286376,-4.749375291286376
94,2021-08-23,42.15356,8.0,5.181,5.484874022098528,-0.3038740220985279
94,2021-08-24,42.11692,8.0,3.768,5.480106553249641,-1.7121065532496411
94,2021-08-25,42.55779,8.0,8.472,5.537471018080668,2.934528981919332
94,2021-08-26,44.38536,8.0,5.883,5.775268044395091,0.10773195560490922
94,2021-08-27,42.542970000000004,7.0,0.705,5.53554269143382,-4.83054269143382
94,2021-08-28,75.6905,6.0,5.178,9.848583540029564,-4.670583540029564
94,2021-08-30,42.825630000000004,7.0,7.058999999999999,5.572321423552445,1.486678576447554
94,2021-08-31,42.37053,6.0,5.886,5.513105400814222,0.37289459918577794
94,2021-09-01,42.921369999999996,7.0,2.118,5.584778778017303,-3.466778778017303
94,2021-09-02,42.74057,6.0,6.591,5.561253713391791,1.0297462866082094
94,2021-09-03,68.68384,8.0,7.295999999999999,8.936901408895755,-1.6409014088957559
94,2021-09-04,75.6077,6.0,9.177,9.837809893176729,-0.6608098931767294
94,2021-09-07,59.095290000000006,7.0,0.0,7.68927276722011,-7.68927276722011
94,2021-09-08,43.14037,8.0,13.887,5.613274293244003,8.273725706755997
94,2021-09-09,42.83168,8.0,3.2969999999999997,5.573108628425145,-2.2761086284251455
94,2021-09-10,42.939569999999996,7.0,2.823,5.587146898460801,-2.7641468984608006
94,2021-09-11,82.34825,8.0,9.648,10.714866720397401,-1.0668667203974014
94,2021-09-13,42.772710000000004,8.0,1.41,5.565435657955199,-4.1554356579551985
94,2021-09-14,58.447579999999995,6.0,12.942,7.604995003898258,5.337004996101742
94,2021-09-15,43.06142,8.0,1.881,5.603001594946524,-3.7220015949465237
94,2021-09-16,34.051860000000005,4.0,0.0,4.430709110170908,-4.430709110170908
94,2021-09-17,42.82439,8.0,5.646,5.572160079082668,0.07383992091733216
94,2021-09-18,75.3899,6.0,4.239,9.809470517759491,-5.5704705177594915
94,2021-09-20,43.75828,7.0,1.884,5.693674584630896,-3.8096745846308964
94,2021-09-21,38.37999,6.0,1.6469999999999998,4.993870271440924,-3.3468702714409244
94,2021-09-22,34.33894,4.0,3.057,4.468062957254382,-1.4110629572543822
94,2021-09-23,43.13001,7.0,4.707,5.61192628622232,-0.9049262862223202
94,2021-09-24,44.36826,8.0,4.941,5.773043052110266,-0.832043052110266
94,2021-09-25,75.043,5.0,10.353,9.764333101174369,0.5886668988256307
94,2021-09-27,42.47278,8.0,3.294,5.526409813745409,-2.232409813745409
94,2021-09-28,42.45545,5.0,9.177,5.524154894663771,3.6528451053362287
94,2021-09-29,42.36355,7.0,2.589,5.512197187589187,-2.9231971875891873
94,2021-09-30,42.86065,5.0,7.062,5.576878103658559,1.4851218963414414
94,2021-10-01,42.50424,7.0,4.941,5.5305032790834545,-0.5895032790834547
94,2021-10-02,74.646,5.0,8.001,9.712676847544234,-1.7116768475442345
94,2021-10-04,42.30046,6.0,4.944,5.503988137106757,-0.5599881371067568
94,2021-10-05,43.271840000000005,7.0,2.826,5.630380710535575,-2.804380710535575
94,2021-10-06,43.10081,7.0,1.881,5.608126884192093,-3.727126884192093
94,2021-10-07,43.151849999999996,8.0,4.941,5.614768030754516,-0.6737680307545162
94,2021-10-08,42.11653,8.0,12.003,5.480055807811565,6.522944192188435
94,2021-10-09,75.5577,5.0,0.0,9.831304067782506,-9.831304067782506
94,2021-10-11,42.37861,8.0,15.765,5.514156742197929,10.250843257802071
94,2021-10-12,42.71112,6.0,8.946,5.557421782234594,3.3885782177654056
94,2021-10-13,42.77511,7.0,4.002,5.565747937574121,-1.5637479375741208
94,2021-10-14,42.498940000000005,7.0,5.178,5.5298136615916675,-0.3518136615916676
94,2021-10-15,42.9826,7.0,3.057,5.592745811795069,-2.5357458117950693
94,2021-10-16,62.476,5.0,2.118,8.12915894659022,-6.0111589465902195
94,2021-10-18,34.45694,4.0,4.944,4.48341670518475,0.4605832948152502
94,2021-10-19,42.581289999999996,7.0,5.649,5.540528756015952,0.10847124398404784
94,2021-10-20,42.80214,7.0,5.649,5.569264986782239,0.07973501321776144
94,2021-10-21,42.68108,7.0,3.294,5.553513082337744,-2.2595130823377443
94,2021-10-22,35.06492,5.0,3.531,4.56252493964835,-1.03152493964835
94,2021-10-23,75.5587,4.0,6.354,9.83143418429039,-3.4774341842903906
94,2021-10-25,68.17530000000001,4.0,7.767,8.870731959976187,-1.1037319599761863
94,2021-10-26,68.8693,5.0,3.294,8.961032816448009,-5.667032816448009
94,2021-10-27,68.1155,7.0,4.236,8.862950992804695,-4.626950992804695
94,2021-10-28,67.55264,5.0,7.767,8.789713615176842,-1.0227136151768415
94,2021-10-29,70.1991,4.0,0.0,9.13406174863278,-9.13406174863278
94,2021-10-30,49.8647,4.0,9.645,6.488220630706789,3.1567793692932105
94,2021-11-01,65.42074,5.0,14.117999999999999,8.512318232017936,5.6056817679820625
94,2021-11-02,71.1665,5.0,12.233999999999998,9.259936458360217,2.974063541639781
94,2021-11-03,14.39301,2.0,0.0,1.8727681991462721,-1.8727681991462721
94,2021-11-04,68.0091,5.0,1.176,8.849106596365788,-7.673106596365788
94,2021-11-05,67.6519,4.0,5.178,8.802628979749453,-3.6246289797494535
94,2021-11-06,76.3425,6.0,11.529,9.933419503170239,1.5955804968297613
94,2021-11-08,65.38044,6.0,8.235,8.507074536750192,-0.27207453675019266
94,2021-11-09,69.47712,6.0,8.469,9.040120232270349,-0.5711202322703492
94,2021-11-10,69.22135,6.0,3.294,9.006840333048737,-5.712840333048737
94,2021-11-11,66.74406,5.0,4.002,8.684504009231617,-4.682504009231617
94,2021-11-12,67.0317,4.0,8.235,8.721930721559506,-0.48693072155950645
94,2021-11-13,86.13981,8.0,8.94,11.208211267031848,-2.268211267031848
94,2021-11-15,68.05766,6.0,4.002,8.855425053988657,-4.853425053988658
94,2021-11-16,67.42660000000001,5.0,1.881,8.773313730523084,-6.8923137305230835
94,2021-11-17,42.59241,4.0,8.001,5.541975651583628,2.4590243484163716
94,2021-11-18,67.4668,5.0,11.295,8.77854441414004,2.51645558585996
94,2021-11-19,68.9776,4.0,3.999,8.975124434251898,-4.976124434251897
94,2021-11-20,75.7654,6.0,2.118,9.858329266470111,-7.740329266470111
94,2021-11-22,24.7949,2.0,0.0,3.2262258013446736,-3.2262258013446736
94,2021-11-23,49.70096,5.0,2.586,6.466915353705786,-3.880915353705786
94,2021-11-24,24.454700000000003,2.0,3.531,3.1819601653623772,0.3490398346376229
94,2021-11-26,24.064700000000002,2.0,2.115,3.1312147272874333,-1.0162147272874331
94,2021-11-27,85.15885,7.0,8.706,11.080572177457496,-2.3745721774574964
94,2021-11-29,69.98938,5.0,5.178,9.106773714599248,-3.928773714599248
94,2021-11-30,69.42009999999999,6.0,8.238,9.032700988990776,-0.7947009889907761
94,2021-12-01,69.555696,7.0,8.469,9.050344266993879,-0.5813442669938791
94,2021-12-02,66.84847,6.0,2.823,8.698089473819834,-5.875089473819834
94,2021-12-03,46.69904,5.0,3.06,6.076316006357233,-3.016316006357233
94,2021-12-04,76.353022,7.0,2.8259999999999996,9.9347885890662,-7.1087885890662
94,2021-12-06,67.3181,5.0,1.884,8.759196089417618,-6.875196089417617
94,2021-12-07,67.5079,4.0,20.703,8.78389220261409,11.919107797385909
94,2021-12-08,67.40039999999999,5.0,0.0,8.769904678016509,-8.769904678016509
94,2021-12-09,66.5785,5.0,21.177,8.662961920186264,12.514038079813735
94,2021-12-10,66.2005,6.0,9.645,8.613777880205934,1.0312221197940659
94,2021-12-11,74.54186,7.0,12.705,9.699126514413145,3.0058734855868554
94,2021-12-13,66.73031,5.0,9.411,8.682714907248204,0.7282850927517952
94,2021-12-14,67.48617,6.0,9.645,8.78106477089776,0.8639352291022391
94,2021-12-15,68.09609999999999,5.0,2.589,8.860426732551735,-6.271426732551735
94,2021-12-16,66.87409,6.0,20.001,8.701423058751834,11.299576941248167
94,2021-12-17,68.2903,5.0,3.294,8.8856953583829,-5.5916953583829
94,2021-12-18,75.788,6.0,12.705,9.861269899548299,2.843730100451701
94,2021-12-20,24.7621,2.0,0.0,3.221957979886063,-3.221957979886063
94,2021-12-21,27.07072,3.0,3.528,3.522347552318311,0.0056524476816890434
94,2021-12-22,24.643,2.0,0.0,3.206461103797023,-3.206461103797023
94,2021-12-23,43.25475,4.0,0.0,5.628157019415829,-5.628157019415829
94,2021-12-24,25.2179,2.0,0.0,3.2812650841798052,-3.2812650841798052
94,2021-12-27,24.5825,2.0,0.0,3.1985890550700122,-3.1985890550700122
94,2021-12-28,25.302100000000003,2.0,9.411,3.292220894143678,6.118779105856321
94,2021-12-29,25.726100000000002,2.0,0.0,3.347390293486694,-3.347390293486694
94,2021-12-30,24.7079,2.0,0.0,3.214905665158725,-3.214905665158725
94,2021-12-31,25.246499999999997,2.0,6.351,3.284986416305301,3.066013583694699
94,2022-01-03,24.9193,1.0,6.588,3.242412294925502,3.345587705074498
94,2022-01-04,25.1432,2.0,0.0,3.271545381040835,-3.271545381040835
94,2022-01-05,24.817500000000003,2.0,5.646,3.229166434422863,2.4168335655771367
94,2022-01-06,24.2135,2.0,11.766,3.150576063660642,8.615423936339358
94,2022-01-07,25.334200000000003,2.0,0.0,3.2963976340467696,-3.2963976340467696
94,2022-01-08,76.1861,5.0,3.291,9.913069281337107,-6.622069281337106
94,2022-01-10,0.0,0.0,8.001,0.0,8.001
94,2022-01-11,25.176499999999997,2.0,5.409,3.275878260753388,2.133121739246612
94,2022-01-12,23.9056,2.0,0.0,3.1105131908830135,-3.1105131908830135
94,2022-01-13,24.9173,2.0,7.059,3.2421520619097333,3.816847938090267
94,2022-01-14,24.3166,2.0,0.0,3.1639910756235317,-3.1639910756235317
94,2022-01-15,0.0,0.0,18.117,0.0,18.117
94,2022-01-17,8.34647,2.0,0.0,1.086013529562502,-1.086013529562502
94,2022-01-18,51.83422,4.0,3.999,6.744487695315413,-2.7454876953154126
94,2022-01-19,52.2899,3.0,17.409,6.803779185628208,10.60522081437179
94,2022-01-20,51.75219,7.0,12.705,6.733814238173649,5.971185761826351
94,2022-01-21,50.42019,5.0,4.941,6.560499049671534,-1.6194990496715338
94,2022-01-22,51.0154,4.0,8.235,6.637945696329449,1.59705430367055
94,2022-01-24,50.63304,6.0,7.527,6.588194348374744,0.9388056516252563
94,2022-01-25,43.46136,5.0,10.119,5.655040391109839,4.4639596088901605
94,2022-01-26,51.00334,5.0,4.47,6.636376491244364,-2.166376491244364
94,2022-01-27,51.68154,5.0,17.178,6.724621506891611,10.453378493108389
94,2022-01-28,23.851855999999998,3.0,2.823,3.1035202092832703,-0.28052020928327037
94,2022-01-29,51.3181,4.0,2.589,6.677331963266079,-4.088331963266079
94,2022-01-31,51.803450000000005,6.0,6.114,6.740484010367808,-0.6264840103678084
94,2022-02-01,33.73953,5.0,0.0,4.390069821263351,-4.390069821263351
94,2022-02-02,32.83927,4.0,20.232,4.272931133875277,15.959068866124722
94,2022-02-03,42.16361,4.0,1.176,5.4861816930027665,-4.310181693002766
94,2022-02-04,50.57286,5.0,35.292,6.580363936930255,28.711636063069747
94,2022-02-05,48.3317,4.0,0.0,6.288752024119894,-6.288752024119894
94,2022-02-07,51.834374,8.0,3.999,6.744507733257627,-2.7455077332576265
94,2022-02-08,50.64352,6.0,9.645,6.589557969377373,3.0554420306226264
94,2022-02-09,49.89663,6.0,5.88,6.492375250803541,-0.6123752508035407
94,2022-02-10,51.76721,7.0,6.588,6.735768588122074,-0.14776858812207383
94,2022-02-11,50.40502,6.0,4.233,6.558525182246926,-2.3255251822469267
94,2022-02-12,50.6794,4.0,0.0,6.5942265496802674,-6.5942265496802674
94,2022-02-13,0.0,0.0,15.765,0.0,15.765
94,2022-02-14,50.51077,6.0,3.765,6.572285002955709,-2.8072850029557093
94,2022-02-15,51.149100000000004,5.0,3.528,6.655342273433604,-3.127342273433604
94,2022-02-16,52.20084,5.0,0.0,6.792191009436017,-6.792191009436017
94,2022-02-17,53.05001,6.0,3.294,6.902682044436274,-3.6086820444362737
94,2022-02-18,52.28481,6.0,29.643,6.803116892603076,22.839883107396926
94,2022-02-19,50.145700000000005,4.0,0.0,6.524783369422326,-6.524783369422326
94,2022-02-21,33.18345,4.0,5.412,4.317714633558954,1.0942853664410457
94,2022-02-22,50.65056,6.0,13.176,6.590473989592879,6.585526010407121
94,2022-02-23,51.87261,6.0,14.114999999999998,6.749482868053097,7.365517131946901
94,2022-02-24,52.26036,5.0,10.116,6.799935543985301,3.316064456014699
94,2022-02-25,48.73442,5.0,7.289999999999999,6.341152544175129,0.9488474558248701
94,2022-02-26,50.6228,4.0,7.527,6.586861955334006,0.9401380446659937
94,2022-02-28,49.65871,6.0,0.0,6.4614179312476665,-6.4614179312476665
94,2022-03-01,39.27452,4.0,3.06,5.110263391238821,-2.0502633912388206
94,2022-03-02,49.43249,5.0,0.939,6.431982974834042,-5.4929829748340415
94,2022-03-03,52.247756,6.0,5.883,6.798295555519926,-0.9152955555199256
94,2022-03-04,38.17182,6.0,4.941,4.966783917994613,-0.025783917994613326
94,2022-03-05,50.1445,4.0,2.118,6.524627229612864,-4.406627229612864
94,2022-03-07,52.23558,6.0,15.056999999999999,6.796711256919924,8.260288743080075
94,2022-03-08,70.83067,6.0,10.353,9.216239431517375,1.1367605684826252
94,2022-03-09,50.65976,6.0,13.644,6.591671061465417,7.0523289385345835
94,2022-03-10,43.8377,3.0,5.178,5.704008437687081,-0.5260084376870813
94,2022-03-11,33.199169999999995,4.0,0.0,4.319760065062898,-4.319760065062898
94,2022-03-12,51.056,4.0,5.886,6.643228426549559,-0.7572284265495588
94,2022-03-14,8.002189999999999,2.0,0.0,1.041217018228036,-1.041217018228036
94,2022-03-15,8.2484,2.0,2.115,1.073253003634272,1.0417469963657282
94,2022-03-16,7.99616,2.0,1.41,1.040432415685493,0.369567584314507
94,2022-03-17,27.7393,1.0,36.0,3.609340847159711,32.390659152840286
94,2022-03-18,57.815650000000005,6.0,0.0,7.522770479070825,-7.522770479070825
94,2022-03-19,48.6905,4.0,0.0,6.3354378271488425,-6.3354378271488425
94,2022-03-21,50.264160000000004,6.0,6.588,6.540196970946321,0.0478030290536795
94,2022-03-22,52.013033,7.0,0.705,6.767754218439759,-6.062754218439759
94,2022-03-23,21.67387,2.0,0.0,2.820128276742003,-2.820128276742003
94,2022-03-24,39.163979999999995,4.0,0.0,5.09588031245727,-5.09588031245727
94,2022-03-25,22.480137,3.0,0.0,2.9250369232044915,-2.9250369232044915
94,2022-03-26,39.3602,2.0,0.0,5.121411773634361,-5.121411773634361
94,2022-03-28,35.168350000000004,3.0,0.0,4.5759828900588415,-4.5759828900588415
94,2022-03-29,7.9925,1.0,0.0,1.0399561892666356,-1.0399561892666356
94,2022-03-30,21.871539000000002,4.0,0.0,2.8458482767390185,-2.8458482767390185
94,2022-03-31,37.66999,3.0,0.0,4.901487550842949,-4.901487550842949
94,2022-04-01,39.493632,3.0,0.0,5.138773479514402,-5.138773479514402
94,2022-04-02,38.525800000000004,2.0,0.0,5.012842559455559,-5.012842559455559
94,2022-04-04,22.530450000000002,2.0,0.0,2.9315834750656835,-2.9315834750656835
94,2022-04-05,38.939499999999995,2.0,0.0,5.066671758767364,-5.066671758767364
94,2022-04-06,22.23584,3.0,0.0,2.8932498506778392,-2.8932498506778392
94,2022-04-07,52.01439,5.0,0.0,6.7679307865409575,-6.7679307865409575
94,2022-04-08,22.02456,2.0,0.0,2.865758834892008,-2.865758834892008
94,2022-04-09,51.6678,3.0,0.0,6.722833706073279,-6.722833706073279
94,2022-04-10,0.0,0.0,2.118,0.0,2.118
94,2022-04-11,25.61099,3.0,0.0,3.332412582264112,-3.332412582264112
94,2022-04-12,39.24252,3.0,0.0,5.106099662986517,-5.106099662986517
94,2022-04-13,22.1118,1.0,0.0,2.877110199039849,-2.877110199039849
94,2022-04-14,52.8401,3.0,0.0,6.875369288266244,-6.875369288266244
94,2022-04-15,30.953380000000003,2.0,0.0,4.027545712821032,-4.027545712821032
94,2022-04-16,38.2555,3.0,0.0,4.977672067374386,-4.977672067374386
94,2022-04-18,50.71042,4.0,0.0,6.598262763754843,-6.598262763754843
94,2022-04-19,39.57396,4.0,0.0,5.149225478359746,-5.149225478359746
94,2022-04-20,50.9472,4.0,5.649,6.629071750491729,-0.9800717504917289
94,2022-04-21,40.07766,4.0,0.0,5.214765163381155,-5.214765163381155
94,2022-04-22,50.4629,3.0,0.0,6.566056325723279,-6.566056325723279
94,2022-04-23,48.6482,4.0,0.0,6.32993389886533,-6.32993389886533
94,2022-04-25,50.46489,5.0,0.0,6.566315257573969,-6.566315257573969
94,2022-04-26,33.15742,4.0,0.0,4.314327700858722,-4.314327700858722
94,2022-04-27,34.87626,4.0,0.0,4.537977159270866,-4.537977159270866
94,2022-04-28,22.0421,1.0,1.881,2.8680410784403016,-0.9870410784403016
94,2022-04-29,21.10603,3.0,0.0,2.7462429189048847,-2.7462429189048847
94,2022-04-30,50.5848,4.0,0.0,6.5819175280343964,-6.5819175280343964
94,2022-05-02,19.1992,1.0,0.0,2.4981328581755387,-2.4981328581755387
94,2022-05-03,21.886,1.0,0.0,2.8477298915595357,-2.8477298915595357
94,2022-05-04,21.2262,2.0,0.0,2.7618790196573615,-2.7618790196573615
94,2022-05-05,21.76948,3.0,0.0,2.8325687160608375,-2.8325687160608375
94,2022-05-06,35.00389,3.0,0.0,4.554583929172161,-4.554583929172161
94,2022-05-07,39.459900000000005,2.0,0.0,5.134384389470444,-5.134384389470444
94,2022-05-09,37.34928,4.0,0.0,4.859757885599321,-4.859757885599321
94,2022-05-10,37.549980000000005,3.0,0.0,4.885872268731735,-4.885872268731735
94,2022-05-11,21.987156,2.0,0.0,2.860891957031097,-2.860891957031097
94,2022-05-12,26.3983,3.0,0.0,3.4348546100866346,-3.4348546100866346
94,2022-05-14,37.7355,3.0,0.0,4.910011483274461,-4.910011483274461
94,2022-05-16,24.60765,4.0,0.0,3.2018614852433065,-3.2018614852433065
94,2022-05-17,42.337320000000005,5.0,3.531,5.508784231587379,-1.9777842315873788
94,2022-05-18,28.762529999999998,3.0,0.0,3.742479961522338,-3.742479961522338
94,2022-05-19,21.230240000000002,3.0,0.0,2.762404690349215,-2.762404690349215
94,2022-05-20,40.32412,4.0,0.0,5.246833677914361,-5.246833677914361
94,2022-05-21,12.629460000000002,3.0,0.0,1.6433012316666133,-1.6433012316666133
94,2022-05-23,30.705903,4.0,0.0,3.9953448697993066,-3.9953448697993066
94,2022-05-24,16.053814,3.0,0.0,2.088866215906833,-2.088866215906833
94,2022-05-25,32.38852,3.0,0.0,4.214281117946352,-4.214281117946352
94,2022-05-26,32.5146,4.0,0.0,4.230686207260426,-4.230686207260426
94,2022-05-27,32.93096,4.0,0.0,4.284861516483204,-4.284861516483204
94,2022-05-28,16.641866999999998,5.0,0.0,2.16538161871782,-2.16538161871782
94,2022-05-31,42.167542,7.0,0.0,5.486693311111768,-5.486693311111768
94,2022-06-01,41.99152,6.0,0.0,5.463789943160928,-5.463789943160928
94,2022-06-02,41.28151,6.0,0.0,5.371405921397875,-5.371405921397875
94,2022-06-03,16.56407,3.0,0.0,2.1552589447539323,-2.1552589447539323
94,2022-06-04,16.61311,3.0,0.0,2.1616398583005862,-2.1616398583005862
94,2022-06-06,32.48523,3.0,0.0,4.226864685423859,-4.226864685423859
94,2022-06-07,16.321,2.0,0.0,2.123631525182454,-2.123631525182454
94,2022-06-08,16.41783,2.0,0.0,2.136230706640907,-2.136230706640907
94,2022-06-09,8.500789999999999,2.0,0.0,1.1060931090592334,-1.1060931090592334
94,2022-06-10,4.19782,1.0,0.0,0.5462056791275908,-0.5462056791275908
94,2022-06-11,16.705370000000002,3.0,0.0,2.173644407318008,-2.173644407318008
94,2022-06-13,20.09598,3.0,0.0,2.6148187401161747,-2.6148187401161747
94,2022-06-14,32.95207,3.0,0.0,4.287608275964645,-4.287608275964645
94,2022-06-15,4.28642,1.0,0.0,0.5577340017261548,-0.5577340017261548
94,2022-06-16,21.50909,2.0,0.0,2.7986876785728,-2.7986876785728
94,2022-06-17,20.01304,2.0,0.0,2.604026876952237,-2.604026876952237
94,2022-06-18,16.88783,3.0,0.0,2.1973854653466085,-2.1973854653466085
94,2022-06-20,4.46222,1.0,0.0,0.580608483812245,-0.580608483812245
94,2022-06-21,20.83559,2.0,0.0,2.7110542105126085,-2.7110542105126085
94,2022-06-22,32.925200000000004,2.0,0.0,4.28411204539779,-4.28411204539779
94,2022-06-23,4.04448,1.0,0.0,0.5262536138085859,-0.5262536138085859
94,2022-06-24,32.6609,3.0,0.0,4.249722252363924,-4.249722252363924
94,2022-06-25,16.9039,4.0,0.0,2.199476437628312,-2.199476437628312
94,2022-06-27,31.929090000000002,3.0,4.239,4.154501690728989,0.08449830927101054
94,2022-06-28,20.27494,2.0,0.0,2.6381043903671797,-2.6381043903671797
94,2022-06-29,40.973200000000006,4.0,0.0,5.331289700852015,-5.331289700852015
94,2022-06-30,4.67082,1.0,0.0,0.6077507873569455,-0.6077507873569455
94,2022-07-01,32.52844,3.0,0.0,4.232487019729548,-4.232487019729548
94,2022-07-02,8.39043,2.0,0.942,1.0917334512491033,-0.1497334512491033
94,2022-07-05,32.82129,4.0,0.0,4.270591639063514,-4.270591639063514
94,2022-07-06,12.05904,3.0,0.0,1.569080173239153,-1.569080173239153
94,2022-07-07,34.20843,4.0,0.0,4.45108145181038,-4.45108145181038
94,2022-07-08,12.56026,3.0,0.0,1.6342971693210075,-1.6342971693210075
94,2022-07-09,7.98925,2.0,0.0,1.0395333106160112,-1.0395333106160112
94,2022-07-10,0.0,0.0,1.413,0.0,1.413
94,2022-07-11,32.920910000000006,3.0,0.0,4.283553845578966,-4.283553845578966
94,2022-07-12,24.2166,2.0,0.0,3.150979424835084,-3.150979424835084
94,2022-07-13,20.158549999999998,3.0,0.0,2.622960130014506,-2.622960130014506
94,2022-07-14,8.25485,2.0,0.0,1.0740922551101266,-1.0740922551101266
94,2022-07-15,33.23354,3.0,0.0,4.324232169438887,-4.324232169438887
94,2022-07-18,8.235389999999999,2.0,5.178,1.0715601878666947,4.1064398121333054
94,2022-07-19,20.33374,3.0,0.0,2.6457552410307863,-2.6457552410307863
94,2022-07-20,33.47441,4.0,0.0,4.35557333269302,-4.35557333269302
94,2022-07-21,8.288879999999999,2.0,0.0,1.078520119873435,-1.078520119873435
94,2022-07-22,33.91321,3.0,0.0,4.412668456352726,-4.412668456352726
94,2022-07-23,16.71397,3.0,0.0,2.174763409285814,-2.174763409285814
94,2022-07-24,0.0,0.0,14.823,0.0,14.823
94,2022-07-25,4.34861,1.0,0.0,0.56582594735149,-0.56582594735149
94,2022-07-26,41.6951,6.0,0.0,5.425220807893813,-5.425220807893813
94,2022-07-27,4.15802,1.0,0.0,0.5410270421137887,-0.5410270421137887
94,2022-07-28,31.89254,3.0,0.0,4.1497459323658115,-4.1497459323658115
94,2022-08-01,4.2505,1.0,0.0,0.5530602167629446,-0.5530602167629446
94,2022-08-02,33.19018,3.0,0.0,4.318590317657017,-4.318590317657017
94,2022-08-03,20.48054,3.0,0.0,2.664856344388227,-2.664856344388227
94,2022-08-04,32.946039999999996,4.0,0.0,4.286823673422101,-4.286823673422101
94,2022-08-05,43.512460000000004,6.0,0.0,5.6616893446627365,-5.6616893446627365
94,2022-08-06,8.188590000000001,2.0,0.0,1.0654707352977018,-1.0654707352977018
94,2022-08-08,32.32062,4.0,0.0,4.205446207060996,-4.205446207060996
94,2022-08-09,20.730629999999998,3.0,2.352,2.697397181845054,-0.3453971818450543
94,2022-08-10,16.54522,2.0,0.0,2.15280624858031,-2.15280624858031
94,2022-08-11,33.61669,4.0,18.117,4.374086309434823,13.742913690565178
94,2022-08-12,32.14032,4.0,0.0,4.181986200689426,-4.181986200689426
94,2022-08-13,8.479209999999998,2.0,0.0,1.1032851948190865,-1.1032851948190865
94,2022-08-15,34.837379999999996,3.0,0.0,4.532918229444317,-4.532918229444317
94,2022-08-16,32.92887,2.0,0.0,4.2845895729817265,-4.2845895729817265
94,2022-08-17,4.24389,1.0,0.0,0.5522001466458284,-0.5522001466458284
94,2022-08-18,32.170320000000004,4.0,0.0,4.185889695925961,-4.185889695925961
94,2022-08-19,50.6755,4.0,0.0,6.593719095299518,-6.593719095299518
94,2022-08-20,37.108458,4.0,0.0,4.828422967937566,-4.828422967937566
94,2022-08-22,32.53572,4.0,0.0,4.233434267906945,-4.233434267906945
94,2022-08-23,30.4096,1.0,3.528,3.956790958163614,-0.428790958163614
94,2022-08-24,34.31725,4.0,0.0,4.465240730198368,-4.465240730198368
94,2022-08-25,32.36729,4.0,0.0,4.211518744483964,-4.211518744483964
94,2022-08-26,21.26059,3.0,0.0,2.7663537263635085,-2.7663537263635085
94,2022-08-27,25.0964,2.0,0.0,3.265455928471842,-3.265455928471842
94,2022-08-29,34.5325,3.0,0.0,4.4932483085205,-4.4932483085205
94,2022-08-30,34.24211,4.0,11.766,4.455463775795928,7.310536224204072
94,2022-08-31,32.94657,4.0,0.0,4.286892635171281,-4.286892635171281
94,2022-09-01,32.3832,4.0,0.0,4.2135888981244065,-4.2135888981244065
94,2022-09-02,21.32379,3.0,0.0,2.774577089661807,-2.774577089661807
94,2022-09-03,53.665493,5.0,0.0,6.982766543058531,-6.982766543058531
94,2022-09-06,34.37241,4.0,0.0,4.472417956773276,-4.472417956773276
94,2022-09-07,15.45466,2.0,0.0,2.010906389741821,-2.010906389741821
94,2022-09-08,34.18784,4.0,0.0,4.448402352913038,-4.448402352913038
94,2022-09-09,34.56206,4.0,0.0,4.497094552493565,-4.497094552493565
94,2022-09-10,48.8101,4.0,0.0,6.350999761491825,-6.350999761491825
94,2022-09-12,33.08837,4.0,28.941,4.3053431559892985,24.6356568440107
94,2022-09-13,34.25201,3.0,0.0,4.4567519292239846,-4.4567519292239846
94,2022-09-14,21.10047,3.0,0.0,2.7455194711210473,-2.7455194711210473
94,2022-09-15,32.40177,4.0,0.0,4.216005161675821,-4.216005161675821
94,2022-09-16,24.186100000000003,2.0,6.825,3.1470108713446083,3.677989128655392
94,2022-09-17,48.94905,5.0,0.0,6.369079450262372,-6.369079450262372
94,2022-09-19,21.49084,2.0,0.0,2.796313052303908,-2.796313052303908
94,2022-09-20,20.787509999999997,2.0,0.0,2.7047982088135227,-2.7047982088135227
94,2022-09-21,34.00885,4.0,0.0,4.425112799166797,-4.425112799166797
94,2022-09-22,4.04194,1.0,0.0,0.5259231178785594,-0.5259231178785594
94,2022-09-23,21.0194,1.0,0.0,2.734970925826853,-2.734970925826853
94,2022-09-24,37.103899999999996,3.0,0.0,4.827829896894629,-4.827829896894629
94,2022-09-26,17.30838,2.0,0.0,2.252105962737423,-2.252105962737423
94,2022-09-27,4.05972,1.0,0.0,0.5282365893887453,-0.5282365893887453
94,2022-09-28,32.18537,3.0,0.0,4.187847949369622,-4.187847949369622
94,2022-09-29,32.46063,4.0,0.0,4.223663819329901,-4.223663819329901
94,2022-09-30,33.16728,4.0,0.0,4.315610649626462,-4.315610649626462
94,2022-10-01,37.784,2.0,0.0,4.916322133906858,-4.916322133906858
94,2022-10-03,26.5533,2.0,0.0,3.455022668808728,-3.455022668808728
94,2022-10-04,32.66228,3.0,0.0,4.249901813144805,-4.249901813144805
94,2022-10-05,34.0668,3.0,21.882,4.432653050798702,17.4493469492013
94,2022-10-06,33.088840000000005,3.0,0.0,4.305404310748005,-4.305404310748005
94,2022-10-07,33.546009999999995,4.0,0.0,4.364889674657547,-4.364889674657547
94,2022-10-08,49.983319,5.0,0.0,6.503654920755537,-6.503654920755537
94,2022-10-10,32.63981,4.0,0.0,4.24697809521264,-4.24697809521264
94,2022-10-11,32.9707,4.0,0.0,4.290032346506533,-4.290032346506533
94,2022-10-12,32.66427,4.0,0.0,4.250160744995495,-4.250160744995495
94,2022-10-13,23.9758,1.0,0.0,3.1196473697365033,-3.1196473697365033
94,2022-10-14,34.8331,4.0,0.0,4.532361330790573,-4.532361330790573
94,2022-10-15,25.038200000000003,2.0,0.0,3.257883147712966,-3.257883147712966
94,2022-10-17,22.226119999999998,3.0,0.0,2.8919851182212017,-2.8919851182212017
94,2022-10-18,33.378993,3.0,0.0,4.343158005860207,-4.343158005860207
94,2022-10-19,32.880505,5.0,3.531,4.278296488077893,-0.7472964880778927
94,2022-10-20,33.833169999999996,3.0,0.0,4.402253931061653,-4.402253931061653
94,2022-10-21,34.74082,4.0,0.0,4.520354179442993,-4.520354179442993
94,2022-10-22,39.5674,3.0,0.0,5.148371914068024,-5.148371914068024
94,2022-10-23,0.0,0.0,7.767,0.0,7.767
94,2022-10-24,8.09123,2.0,0.0,1.0528025920900694,-1.0528025920900694
94,2022-10-25,33.86894,4.0,0.0,4.406908198548681,-4.406908198548681
94,2022-10-26,55.35638,5.0,7.764,7.202778854725781,0.5612211452742191
94,2022-10-31,6.90138,1.0,0.0,0.8979834651837315,-0.8979834651837315
94,2022-11-08,21.27692,3.0,0.0,2.768478528937262,-2.768478528937262
94,2022-11-09,15.850179999999998,2.0,0.0,2.0623700709402866,-2.0623700709402866
94,2022-11-10,21.0544,1.0,0.0,2.7395250036028096,-2.7395250036028096
94,2022-11-11,21.26383,2.0,0.0,2.766775303849054,-2.766775303849054
94,2022-11-12,39.2431,2.0,0.0,5.106175130561089,-5.106175130561089
94,2022-11-14,20.51339,2.0,0.0,2.669130671672232,-2.669130671672232
94,2022-11-16,21.48743,2.0,0.0,2.795869355012022,-2.795869355012022
94,2022-11-17,20.951,1.0,0.0,2.7260709566875554,-2.7260709566875554
94,2022-11-18,12.8392,1.0,0.0,1.670591868030302,-1.670591868030302
94,2022-11-19,39.0193,3.0,0.0,5.077055056096546,-5.077055056096546
94,2022-11-21,35.66371,4.0,0.0,4.640437403404493,-4.640437403404493
94,2022-11-23,20.97642,2.0,0.0,2.7293785183179784,-2.7293785183179784
94,2022-11-25,21.29835,2.0,0.0,2.771266925701226,-2.771266925701226
94,2022-11-26,38.7406,2.0,0.0,5.040791585349143,-5.040791585349143
94,2022-11-28,33.889669999999995,3.0,0.0,4.409605513757125,-4.409605513757125
94,2022-11-29,20.8024,1.0,0.0,2.7067356436159224,-2.7067356436159224
94,2022-11-30,21.549979999999998,2.0,0.0,2.8040081425801953,-2.8040081425801953
94,2022-12-01,21.15638,3.0,0.0,2.7527942850768676,-2.7527942850768676
94,2022-12-02,21.13456,3.0,0.0,2.749955142874829,-2.749955142874829
94,2022-12-05,21.03736,2.0,0.0,2.7373078183084583,-2.7373078183084583
94,2022-12-06,20.9922,1.0,0.0,2.7314317568123956,-2.7314317568123956
94,2022-12-07,21.388689999999997,2.0,0.0,2.783021651023509,-2.783021651023509
94,2022-12-08,34.806070000000005,3.0,0.0,4.5288442815824554,-4.5288442815824554
94,2022-12-09,4.11011,1.0,0.0,0.5347931602210437,-0.5347931602210437
94,2022-12-10,38.5161,2.0,0.0,5.011580429329079,-5.011580429329079
94,2022-12-12,21.209519999999998,2.0,0.0,2.7597086763058485,-2.7597086763058485
94,2022-12-13,21.34124,2.0,0.0,2.7768476227243912,-2.7768476227243912
94,2022-12-14,21.07931,2.0,0.0,2.7427662058142115,-2.7427662058142115
94,2022-12-15,20.69541,2.0,0.0,2.692814478437363,-2.692814478437363
94,2022-12-16,28.65023,3.0,0.0,3.7278678776869123,-3.7278678776869123
94,2022-12-17,37.1189,3.0,2.589,4.829781644512896,-2.240781644512896
94,2022-12-19,32.808099999999996,4.0,0.0,4.268875402324517,-4.268875402324517
94,2022-12-20,34.018640000000005,4.0,0.0,4.426386639778986,-4.426386639778986
94,2022-12-21,28.42904,3.0,8.706,3.699087407307946,5.0069125926920535
94,2022-12-22,13.3625,1.0,0.0,1.738681836606246,-1.738681836606246
94,2022-12-23,33.79287,4.0,0.0,4.397010235793909,-4.397010235793909
94,2022-12-24,50.3957,4.0,19.529999999999998,6.557312496393442,12.972687503606554
94,2022-12-26,32.07844,4.0,0.0,4.173934591181535,-4.173934591181535
94,2022-12-27,34.089059999999996,4.0,0.0,4.435549444264209,-4.435549444264209
94,2022-12-28,32.473169999999996,4.0,0.0,4.2252954803387714,-4.2252954803387714
94,2022-12-29,16.932010000000002,2.0,0.0,2.2031340126649446,-2.2031340126649446
94,2022-12-30,8.444510000000001,2.0,0.0,1.0987701519954955,-1.0987701519954955
94,2022-12-31,24.500799999999998,2.0,0.0,3.1879585363758505,-3.1879585363758505
94,2023-01-02,16.7052,2.0,0.0,2.1736222875116677,-2.1736222875116677
94,2023-01-03,26.037300000000002,2.0,0.0,3.387882550740341,-3.387882550740341
94,2023-01-04,8.00971,2.0,0.0,1.0421954943673275,-1.0421954943673275
94,2023-01-05,24.4225,2.0,0.0,3.1777704138084966,-3.1777704138084966
94,2023-01-06,26.573700000000002,2.0,0.0,3.4576770455695716,-3.4576770455695716
94,2023-01-07,49.5676,4.0,6.588,6.449563016214312,0.13843698378568803
94,2023-01-09,33.893451999999996,5.0,3.531,4.410097614389944,-0.8790976143899436
94,2023-01-10,33.84133,3.0,0.0,4.40331568176599,-4.40331568176599
94,2023-01-11,16.902459999999998,2.0,0.0,2.199289069856958,-2.199289069856958
94,2023-01-12,21.27157,2.0,0.0,2.76778240562008,-2.76778240562008
94,2023-01-13,4.19389,1.0,0.0,0.5456943212516047,-0.5456943212516047
94,2023-01-14,49.7682,4.0,2.355,6.475664387695938,-4.120664387695937
94,2023-01-16,36.730019999999996,5.0,0.0,4.779181936926783,-4.779181936926783
94,2023-01-17,37.03431,5.0,0.0,4.818775089110948,-4.818775089110948
94,2023-01-18,27.61195,3.0,0.0,3.5927705098806233,-3.5927705098806233
94,2023-01-19,24.0815,2.0,0.0,3.133400684619892,-3.133400684619892
94,2023-01-20,33.95663,5.0,0.0,4.41831811512507,-4.41831811512507
94,2023-01-21,32.36188,4.0,1.884,4.2108148141763095,-2.3268148141763096
94,2023-01-23,40.37679,6.0,6.354,5.253686914384636,1.1003130856153645
94,2023-01-24,29.552449999999997,4.0,0.0,3.8452615934304393,-3.8452615934304393
94,2023-01-25,21.174950000000003,2.0,0.0,2.7552105486282827,-2.7552105486282827
94,2023-01-26,21.478340000000003,4.0,0.0,2.7946865959553526,-2.7946865959553526
94,2023-01-27,36.80222,6.0,0.0,4.788576348796042,-4.788576348796042
94,2023-01-28,34.443,3.0,2.352,4.481602881064839,-2.1296028810648395
94,2023-01-30,25.3453,4.0,0.942,3.297841927284287,-2.3558419272842874
94,2023-01-31,21.43884,3.0,0.0,2.7895469938939152,-2.7895469938939152
94,2023-02-01,25.49499,2.0,0.0,3.3173190673495134,-3.3173190673495134
94,2023-02-02,33.84528,6.0,0.0,4.403829641972134,-4.403829641972134
94,2023-02-03,21.59978,3.0,0.0,2.8104879446728424,-2.8104879446728424
94,2023-02-04,21.56413,2.0,0.0,2.8058492911667607,-2.8058492911667607
94,2023-02-06,21.53194,3.0,0.0,2.8016608407779597,-2.8016608407779597
94,2023-02-07,30.23646,6.0,0.0,3.9342625859884968,-3.9342625859884968
94,2023-02-08,16.23897,4.0,0.0,2.1129580680406903,-2.1129580680406903
94,2023-02-09,23.982,2.0,0.0,3.1204540920853874,-3.1204540920853874
94,2023-02-10,25.24609,4.0,5.412,3.284933068537068,2.127066931462932
94,2023-02-11,21.29894,3.0,0.0,2.7713436944408785,-2.7713436944408785
94,2023-02-13,32.99949,4.0,0.0,4.293778400768527,-4.293778400768527
94,2023-02-14,29.44479,5.0,0.0,3.8312532501915975,-3.8312532501915975
94,2023-02-15,21.15484,3.0,0.0,2.752593905654726,-2.752593905654726
94,2023-02-16,29.19544,5.0,0.0,3.7988086989506047,-3.7988086989506047
94,2023-02-17,27.969009999999997,5.0,0.0,3.6392299101858523,-3.6392299101858523
94,2023-02-18,29.15534,3.0,3.294,3.793591026984437,-0.499591026984437
94,2023-02-20,35.17787,5.0,0.0,4.577221599213901,-4.577221599213901
94,2023-02-21,39.6285,7.0,0.0,5.156322032699766,-5.156322032699766
94,2023-02-22,33.29802,3.0,0.0,4.332622081867278,-4.332622081867278
94,2023-02-23,32.62218,4.0,0.0,4.244684141178637,-4.244684141178637
94,2023-02-24,36.14186,4.0,4.236,4.7026526116494525,-0.4666526116494527
94,2023-02-25,29.09471,3.0,2.589,3.7857020631114016,-1.1967020631114016
94,2023-02-27,0.5557719999999999,2.0,0.0,0.07231511181996829,-0.07231511181996829
94,2023-02-28,57.018069999999994,7.0,0.0,7.418992154712328,-7.418992154712328
94,2023-03-01,32.78716,4.0,0.0,4.266150762649417,-4.266150762649417
94,2023-03-02,40.521209999999996,6.0,0.0,5.272478340453311,-5.272478340453311
94,2023-03-03,40.59281,6.0,0.0,5.281794682417839,-5.281794682417839
94,2023-03-04,34.59931,4.0,0.0,4.501941392412262,-4.501941392412262
94,2023-03-06,21.29527,3.0,36.0,2.770866166856942,33.22913383314306
94,2023-03-07,8.7186,3.0,0.0,1.1344337856415503,-1.1344337856415503
94,2023-03-08,25.50544,4.0,2.355,3.318678784856906,-0.963678784856906
94,2023-03-09,40.76611,5.0,0.0,5.3043438732342185,-5.3043438732342185
94,2023-03-10,40.936409999999995,5.0,0.0,5.326502714526943,-5.326502714526943
94,2023-03-11,32.51214,4.0,0.0,4.230366120651031,-4.230366120651031
94,2023-03-13,42.627629999999996,6.0,0.0,5.546558354991319,-5.546558354991319
94,2023-03-14,41.150819999999996,5.0,0.0,5.354400994982453,-5.354400994982453
94,2023-03-15,24.96911,6.0,0.0,3.2488933981832275,-3.2488933981832275
94,2023-03-16,41.09225,6.0,0.0,5.34678007111566,-5.34678007111566
94,2023-03-17,41.90826,6.0,0.0,5.452956442714467,-5.452956442714467
94,2023-03-18,32.681747,5.0,0.0,4.252434791203791,-4.252434791203791
94,2023-03-20,42.77496,6.0,0.0,5.565728420097939,-5.565728420097939
94,2023-03-21,40.82779,6.0,0.0,5.312369459440532,-5.312369459440532
94,2023-03-22,41.16148,4.0,0.0,5.355788036956501,-5.355788036956501
94,2023-03-23,40.33494,6.0,3.531,5.248241538529672,-1.7172415385296715
94,2023-03-24,43.28819,5.0,0.0,5.632508115439485,-5.632508115439485
107,2021-01-20,10.980296000000001,3.0,1.884,1.4117920208288435,0.4722079791711564
107,2021-01-21,42.839529999999996,8.0,4.473,5.508094374692436,-1.0350943746924361
107,2021-01-22,43.18578,7.0,0.942,5.552613483030862,-4.610613483030862
107,2021-01-23,34.379220000000004,3.0,4.47,4.420309659987253,0.04969034001274686
107,2021-01-25,24.94136,6.0,1.413,3.2068364128453077,-1.7938364128453077
107,2021-01-26,11.77876,3.0,6.594,1.5144545632702384,5.079545436729762
107,2021-01-27,24.84241,6.0,0.942,3.194113912426283,-2.2521139124262834
107,2021-01-28,20.6052,5.0,5.415,2.649314458151445,2.765685541848555
107,2021-01-29,49.1317,8.0,0.0,6.317110397548161,-6.317110397548161
107,2021-01-30,57.785759999999996,5.0,2.352,7.429806526666543,-5.077806526666544
107,2021-02-01,16.38327,4.0,0.0,2.1064796305203943,-2.1064796305203943
107,2021-02-02,24.64564,6.0,1.647,3.168814201385844,-1.5218142013858438
107,2021-02-03,24.97251,5.0,0.0,3.2108415254077394,-3.2108415254077394
107,2021-02-04,20.69486,5.0,0.0,2.6608424964290576,-2.6608424964290576
107,2021-02-05,24.98021,6.0,2.355,3.2118315532321606,-0.8568315532321606
107,2021-02-06,44.9593,4.0,3.531,5.78064389175394,-2.2496438917539394
107,2021-02-08,24.89481,4.0,1.884,3.200851244634033,-1.3168512446340332
107,2021-02-09,49.82136,7.0,2.355,6.405783461105356,-4.050783461105356
107,2021-02-10,40.6776,5.0,16.941,5.230124133854621,11.71087586614538
107,2021-02-11,29.11257,5.0,4.47,3.7431499143393916,0.7268500856606082
107,2021-02-12,30.050140000000003,5.0,21.174,3.8636980165916897,17.31030198340831
107,2021-02-13,59.33163,6.0,4.941,7.628566827048125,-2.6875668270481254
107,2021-02-15,49.35933,8.0,12.707999999999998,6.346377934388814,6.361622065611185
107,2021-02-16,41.22095,6.0,0.0,5.299985382997391,-5.299985382997391
107,2021-02-17,49.24059,8.0,6.825,6.3311109338859834,0.49388906611401673
107,2021-02-18,27.80713,5.0,0.942,3.5753029113377597,-2.6333029113377595
107,2021-02-19,47.59227,6.0,3.294,6.119178120437913,-2.8251781204379127
107,2021-02-20,57.68215,5.0,8.706,7.416484866551181,1.2895151334488189
107,2021-02-21,0.0,0.0,4.236,0.0,4.236
107,2021-02-22,45.200810000000004,7.0,1.176,5.8116960501793935,-4.635696050179393
107,2021-02-23,17.02228,5.0,0.942,2.1886403681935716,-1.2466403681935716
107,2021-02-24,45.15768,7.0,3.294,5.806150608612213,-2.5121506086122127
107,2021-02-25,16.15329,4.0,4.236,2.07690994233073,2.1590900576692698
107,2021-02-26,50.79686,8.0,5.883,6.531208414705746,-0.6482084147057456
107,2021-02-27,58.36713,5.0,8.712,7.504556198911196,1.2074438010888038
107,2021-03-01,72.50806,7.0,4.944,9.32272686945589,-4.37872686945589
107,2021-03-02,60.38728,9.0,3.294,7.764297070275445,-4.4702970702754445
107,2021-03-03,73.57730000000001,9.0,12.234,9.460204447505793,2.7737955524942066
107,2021-03-04,37.33469,7.0,2.826,4.800309339759002,-1.9743093397590017
107,2021-03-05,73.57167,8.0,8.472,9.459480570018584,-0.9874805700185849
107,2021-03-06,58.11343,5.0,2.355,7.4719367107221455,-5.116936710722145
107,2021-03-08,37.73298,5.0,8.943,4.85151949329001,4.091480506709989
107,2021-03-09,73.10721000000001,9.0,7.2989999999999995,9.399762605949661,-2.1007626059496616
107,2021-03-10,63.660650000000004,6.0,3.5309999999999997,8.185170755941162,-4.654170755941162
107,2021-03-11,29.194200000000002,5.0,2.823,3.7536454950286786,-0.9306454950286787
107,2021-03-12,49.31189,7.0,8.001,6.340278334390041,1.6607216656099588
107,2021-03-13,36.6451,3.0,5.649,4.711645276454756,0.9373547235452442
107,2021-03-16,49.34369,8.0,4.941,6.34436702072986,-1.4033670207298599
107,2021-03-17,73.19146,8.0,7.296,9.410595053249335,-2.1145950532493343
107,2021-03-18,50.4318,8.0,1.413,6.484270809824805,-5.071270809824805
107,2021-03-19,49.45609,8.0,10.116,6.358818855465568,3.7571811445344316
107,2021-03-20,58.91902,5.0,4.233,7.575515478913778,-3.3425154789137785
107,2021-03-21,0.0,0.0,4.236,0.0,4.236
107,2021-03-22,29.89777,5.0,0.0,3.844107037421939,-3.844107037421939
107,2021-03-23,8.53205,1.0,5.412,1.0970086882277794,4.3149913117722205
107,2021-03-24,49.35559,7.0,4.71,6.345897063731237,-1.6358970637312371
107,2021-03-25,50.43117,8.0,4.236,6.484189807548261,-2.248189807548261
107,2021-03-26,50.97712,8.0,5.649,6.554385351800575,-0.9053853518005752
107,2021-03-27,57.36255,5.0,8.235,7.375392283085589,0.8596077169144101
107,2021-03-29,25.04465,5.0,1.647,3.220116928947188,-1.573116928947188
107,2021-03-30,49.08143,8.0,4.239,6.310646930180153,-2.071646930180153
107,2021-03-31,41.07193,5.0,3.0599999999999996,5.280825130218784,-2.2208251302187847
107,2021-04-01,37.32812,7.0,3.2969999999999997,4.79946460173219,-1.50246460173219
107,2021-04-02,42.952529999999996,6.0,4.236,5.522623354453424,-1.2866233544534245
107,2021-04-03,73.68426,7.0,7.767,9.473956834012299,-1.7069568340122983
107,2021-04-05,33.70827,5.0,1.647,4.334042235468359,-2.6870422354683585
107,2021-04-06,49.16308,8.0,4.707,6.3211450823702835,-1.6141450823702836
107,2021-04-07,43.42613,5.0,3.294,5.5835164944074425,-2.2895164944074424
107,2021-04-08,37.361019999999996,7.0,2.589,4.803694720618354,-2.2146947206183536
107,2021-04-09,52.41861,6.0,2.823,6.739724989284352,-3.916724989284352
107,2021-04-10,57.06697,5.0,8.238,7.337388072132024,0.9006119278679758
107,2021-04-12,45.19408,6.0,2.118,5.810830740145841,-3.692830740145841
107,2021-04-13,49.28608,8.0,6.119999999999999,6.336959812552598,-0.21695981255259866
107,2021-04-14,48.80731,7.0,7.299,6.275401939630754,1.0235980603692463
107,2021-04-15,37.15186,5.0,9.177,4.776801964805891,4.400198035194109
107,2021-04-16,51.06803,7.0,7.059,6.566074108880853,0.492925891119147
107,2021-04-17,59.02299,6.0,6.828,7.588883426044308,-0.760883426044308
107,2021-04-19,16.60686,4.0,3.06,2.1352277241908313,0.9247722758091688
107,2021-04-20,43.4119,6.0,4.476,5.581686871557895,-1.1056868715578947
107,2021-04-21,46.354569999999995,7.0,5.649,5.960040790790345,-0.3110407907903454
107,2021-04-22,48.507,8.0,2.118,6.236789568727901,-4.118789568727902
107,2021-04-23,47.616189999999996,6.0,4.236,6.122253635445725,-1.8862536354457253
107,2021-04-24,24.989800000000002,2.0,0.0,3.213064587886213,-3.213064587886213
107,2021-04-25,0.0,0.0,2.118,0.0,2.118
107,2021-04-26,42.052773,7.0,3.06,5.406937060269288,-2.3469370602692883
107,2021-04-27,42.640950000000004,7.0,5.412,5.482561942825737,-0.07056194282573713
107,2021-04-28,24.30614,5.0,2.118,3.125162974581813,-1.0071629745818131
107,2021-04-29,29.32478,6.0,0.0,3.7704348240303585,-3.7704348240303585
107,2021-04-30,34.299009999999996,5.0,0.0,4.4099966558577925,-4.4099966558577925
107,2021-05-01,32.44342,3.0,1.413,4.171414093426891,-2.7584140934268904
107,2021-05-03,34.74465,5.0,6.591,4.467294837633783,2.1237051623662175
107,2021-05-04,38.56283,6.0,2.5919999999999996,4.95821749200378,-2.3662174920037806
107,2021-05-05,43.93794,7.0,4.707,5.649322486721347,-0.9423224867213476
107,2021-05-06,44.51557,5.0,1.176,5.723591288308423,-4.547591288308423
107,2021-05-07,42.74038,7.0,1.4129999999999998,5.495346159264986,-4.082346159264986
107,2021-05-08,32.6629,3.0,3.2969999999999997,4.199633743674162,-0.902633743674162
107,2021-05-10,42.28873,6.0,7.061999999999999,5.4372752414857795,1.62472475851422
107,2021-05-11,42.42694,7.0,9.651,5.455045598058931,4.195954401941068
107,2021-05-12,42.54187,7.0,4.944,5.469822727651235,-0.5258227276512351
107,2021-05-13,42.78595,8.0,4.239,5.501205323934969,-1.2622053239349693
107,2021-05-14,38.73974,6.0,4.707,4.980963702707466,-0.27396370270746573
107,2021-05-15,34.38411,3.0,2.589,4.420938391943281,-1.831938391943281
107,2021-05-17,57.62551,6.0,7.061999999999999,7.409202376164788,-0.34720237616478844
107,2021-05-18,33.51325,4.0,2.118,4.3089675307516515,-2.1909675307516516
107,2021-05-19,57.50322,6.0,0.0,7.3934789342623874,-7.3934789342623874
107,2021-05-20,21.46721,3.0,0.0,2.760147430220201,-2.760147430220201
107,2021-05-21,47.65083,5.0,8.238,6.1267074749052,2.1112925250947994
107,2021-05-22,26.34058,3.0,0.942,3.3867411832981382,-2.444741183298138
107,2021-05-24,45.28123,4.0,0.0,5.8220360550677,-5.8220360550677
107,2021-05-25,46.07614,5.0,0.0,5.924241641809356,-5.924241641809356
107,2021-05-26,55.32177,6.0,6.354,7.112998908602144,-0.7589989086021438
107,2021-05-27,58.82938,6.0,4.71,7.563990012137008,-2.8539900121370083
107,2021-05-28,60.087540000000004,6.0,4.944,7.725757987146609,-2.7817579871466087
107,2021-05-29,25.67481,3.0,0.942,3.3011397774974913,-2.359139777497491
107,2021-06-01,41.967369999999995,4.0,2.355,5.3959563659460335,-3.0409563659460335
107,2021-06-02,33.08856,4.0,1.413,4.254362996108341,-2.841362996108341
107,2021-06-03,56.37256,5.0,0.0,7.248104277124699,-7.248104277124699
107,2021-06-04,32.45753,4.0,6.357,4.173228287271382,2.1837717127286185
107,2021-06-05,8.32995,2.0,0.0,1.071023672212773,-1.071023672212773
107,2021-06-06,0.0,0.0,2.826,0.0,2.826
107,2021-06-07,33.54817,4.0,0.0,4.313457371222923,-4.313457371222923
107,2021-06-08,36.70761,4.0,0.0,4.719682502338467,-4.719682502338467
107,2021-06-09,8.59033,2.0,4.002,1.1045020416832696,2.8974979583167304
107,2021-06-11,8.49812,2.0,0.0,1.092646137048219,-1.092646137048219
107,2021-06-18,25.7209,2.0,1.884,3.3070658011893848,-1.4230658011893849
107,2021-06-21,7.92182,2.0,0.0,1.0185483402671793,-1.0185483402671793
107,2021-06-22,33.71866,3.0,1.884,4.3353781301561165,-2.4513781301561166
107,2021-06-24,19.614240000000002,2.0,0.0,2.521901734399686,-2.521901734399686
107,2021-06-25,8.26501,2.0,3.294,1.0626740089766795,2.2313259910233203
107,2021-06-29,7.822128999999999,3.0,0.0,1.0057305657419344,-1.0057305657419344
107,2021-06-30,8.16518,2.0,0.0,1.049838362520578,-1.049838362520578
107,2021-07-01,49.7803,4.0,2.118,6.40050416987539,-4.28250416987539
107,2021-07-02,33.602470000000004,4.0,0.0,4.320438996010726,-4.320438996010726
107,2021-07-03,7.84218,2.0,0.0,1.008308623911736,-1.008308623911736
107,2021-07-05,50.404399999999995,3.0,7.059,6.48074785367037,0.5782521463296302
107,2021-07-06,25.1978,2.0,0.0,3.239808196649802,-3.239808196649802
107,2021-07-07,24.911499999999997,2.0,0.0,3.2029971620872266,-3.2029971620872266
107,2021-07-08,25.5408,1.0,0.0,3.283909436101297,-3.283909436101297
107,2021-07-09,16.36818,4.0,9.651,2.1045394331346126,7.546460566865387
107,2021-07-10,23.6663,2.0,0.0,3.0428955196236656,-3.0428955196236656
107,2021-07-17,7.9060299999999994,2.0,0.0,1.0165181403519048,-1.0165181403519048
107,2021-07-19,8.06856,2.0,0.0,1.0374154419497226,-1.0374154419497226
107,2021-07-20,7.92121,1.0,0.0,1.0184699094914784,-1.0184699094914784
107,2021-07-22,8.30941,2.0,2.826,1.0683827408473687,1.7576172591526313
107,2021-07-23,24.3076,2.0,0.0,3.125350694143327,-3.125350694143327
107,2021-07-24,16.2182,3.0,5.649,2.08525574831556,3.56374425168444
107,2021-07-25,8.207049999999999,2.0,0.0,1.0552217995346718,-1.0552217995346718
107,2021-07-27,8.28726,1.0,0.0,1.0655348036641308,-1.0655348036641308
107,2021-07-28,33.1819,4.0,0.0,4.266364190541001,-4.266364190541001
107,2021-07-29,32.90819,4.0,0.0,4.2311719157588765,-4.2311719157588765
107,2021-07-30,8.31121,1.0,12.942,1.0686141759232075,11.873385824076793
107,2021-07-31,24.970100000000002,2.0,0.0,3.2105316595562,-3.2105316595562
107,2021-08-02,51.192499999999995,3.0,0.0,6.582077844375102,-6.582077844375102
107,2021-08-04,0.0,0.0,7.059,0.0,7.059
107,2021-08-07,28.19996,3.0,2.355,3.625811045138724,-1.270811045138724
107,2021-08-09,8.270589999999999,2.0,0.0,1.0633914577117796,-1.0633914577117796
107,2021-08-10,24.4668,2.0,0.0,3.1458198408508427,-3.1458198408508427
107,2021-08-11,8.18239,2.0,6.12,1.0520511389956808,5.06794886100432
107,2021-08-13,24.4501,2.0,2.118,3.1436726376472275,-1.0256726376472276
107,2021-08-14,26.1522,3.0,0.0,3.362520216861192,-3.362520216861192
107,2021-08-16,62.2708,3.0,5.883,8.006470733633114,-2.1234707336331136
107,2021-08-17,24.854300000000002,2.0,0.0,3.19564266967724,-3.19564266967724
107,2021-08-18,68.21594,4.0,1.647,8.770867359617549,-7.123867359617549
107,2021-08-20,26.2429,2.0,0.0,3.374181973182622,-3.374181973182622
107,2021-08-21,25.566499999999998,2.0,6.825,3.287213814684105,3.537786185315895
107,2021-08-23,28.33874,5.0,0.0,3.6436546894858917,-3.6436546894858917
107,2021-08-24,28.53622,4.0,0.0,3.669045688806245,-3.669045688806245
107,2021-08-25,16.87151,3.0,0.0,2.169255109091234,-2.169255109091234
107,2021-08-26,27.966359999999998,4.0,0.0,3.595775915296539,-3.595775915296539
107,2021-08-27,25.587699999999998,4.0,0.0,3.289939605577317,-3.289939605577317
107,2021-08-28,33.51224,3.0,2.118,4.308837669959098,-2.1908376699590977
107,2021-08-30,36.978699999999996,5.0,4.002,4.754537910510203,-0.7525379105102035
107,2021-08-31,29.06824,5.0,0.0,3.737450182721651,-3.737450182721651
107,2021-09-01,41.08191,6.0,0.0,5.282108309139268,-5.282108309139268
107,2021-09-02,41.07801,6.0,0.0,5.2816068664749505,-5.2816068664749505
107,2021-09-03,37.099560000000004,5.0,17.178,4.770077490102355,12.407922509897645
107,2021-09-04,29.592750000000002,3.0,2.823,3.8048890780706417,-0.9818890780706417
107,2021-09-07,41.25088,5.0,5.178,5.30383363400842,-0.12583363400842007
107,2021-09-08,99.95278,7.0,12.0,12.851432899774359,-0.851432899774359
107,2021-09-09,41.04983,6.0,0.708,5.277983621787653,-4.569983621787653
107,2021-09-10,40.675470000000004,6.0,4.002,5.229850269014879,-1.227850269014879
107,2021-09-11,68.63364,7.0,12.471,8.82457315471635,3.6464268452836492
107,2021-09-13,24.64228,4.0,0.0,3.168382189244278,-3.168382189244278
107,2021-09-14,24.64122,4.0,0.0,3.1682458996996177,-3.1682458996996177
107,2021-09-15,40.59737,5.0,4.002,5.219808558224319,-1.217808558224319
107,2021-09-16,41.6326,6.0,5.649,5.35291329909129,0.2960867009087096
107,2021-09-17,40.15648,6.0,2.118,5.16312110789846,-3.0451211078984604
107,2021-09-18,30.281419999999997,3.0,1.884,3.8934348523361253,-2.0094348523361254
107,2021-09-20,41.00639,5.0,4.002,5.272398321957412,-1.270398321957412
107,2021-09-21,37.10602,4.0,3.294,4.770908084874532,-1.4769080848745317
107,2021-09-22,33.829737,5.0,0.0,4.349659860111084,-4.349659860111084
107,2021-09-23,12.456679999999999,3.0,0.0,1.6016181558327967,-1.6016181558327967
107,2021-09-24,41.4986,6.0,3.528,5.335684243445518,-1.8076842434455176
107,2021-09-25,24.1191,3.0,0.0,3.101114298701324,-3.101114298701324
107,2021-09-27,59.9822,6.0,6.821999999999999,7.712213892208356,-0.8902138922083571
107,2021-09-28,44.20244,4.0,0.0,5.6833305853654315,-5.6833305853654315
107,2021-09-29,32.02745,4.0,0.0,4.117930733150977,-4.117930733150977
107,2021-09-30,56.64917,5.0,0.0,7.283669419529008,-7.283669419529008
107,2021-10-01,51.01635,6.0,2.589,6.5594293507034385,-3.9704293507034385
107,2021-10-02,54.6747,5.0,2.355,7.029801856089377,-4.674801856089378
107,2021-10-04,33.43087,4.0,3.531,4.298375518780764,-0.767375518780764
107,2021-10-05,32.56197,3.0,0.0,4.186656664671715,-4.186656664671715
107,2021-10-06,32.7595,4.0,0.0,4.212054092744175,-4.212054092744175
107,2021-10-07,41.42773,5.0,4.236,5.326572130209577,-1.0905721302095772
107,2021-10-08,32.42583,4.0,0.0,4.169152458435777,-4.169152458435777
107,2021-10-09,49.12346,6.0,0.0,6.316050939200989,-6.316050939200989
107,2021-10-10,0.0,0.0,6.588,0.0,6.588
107,2021-10-11,32.572469999999996,4.0,0.0,4.188006702614107,-4.188006702614107
107,2021-10-12,33.13311,3.0,0.0,4.260091014235351,-4.260091014235351
107,2021-10-13,32.03395,4.0,10.119,4.118766470924839,6.000233529075161
107,2021-10-14,32.304700000000004,2.0,0.0,4.153578163582251,-4.153578163582251
107,2021-10-15,70.43029,8.0,0.0,9.055577504163956,-9.055577504163956
107,2021-10-16,48.41585,6.0,9.177,6.225069953637512,2.951930046362488
107,2021-10-17,0.0,0.0,6.12,0.0,6.12
107,2021-10-18,8.655869000000001,3.0,0.0,1.1129287213696006,-1.1129287213696006
107,2021-10-19,33.11092,3.0,0.0,4.257237934050427,-4.257237934050427
107,2021-10-20,32.11086,4.0,0.0,4.1286551774152604,-4.1286551774152604
107,2021-10-21,33.06011,4.0,11.529,4.250705036159668,7.278294963840332
107,2021-10-22,28.80678,3.0,4.236,3.7038329522056515,0.5321670477943483
107,2021-10-23,48.3606,6.0,4.941,6.2179661825596835,-1.2769661825596836
107,2021-10-24,0.0,0.0,8.943,0.0,8.943
107,2021-10-25,41.07139,7.0,6.12,5.280755699696033,0.8392443003039673
107,2021-10-26,42.2873,5.0,0.0,5.43709137917553,-5.43709137917553
107,2021-10-27,40.687290000000004,5.0,0.0,5.231370026012887,-5.231370026012887
107,2021-10-28,40.93489,6.0,5.883,5.263205206444928,0.619794793555072
107,2021-10-29,41.39895,6.0,5.178,5.322871740497,-0.1448717404969999
107,2021-10-30,33.27954,3.0,5.412,4.278918257654832,1.1330817423451682
107,2021-11-01,14.22407,2.0,0.0,1.828860399547601,-1.828860399547601
107,2021-11-02,42.03544,5.0,0.0,5.404708469064003,-5.404708469064003
107,2021-11-03,16.51976,5.0,4.233,2.1240288380210783,2.1089711619789213
107,2021-11-04,41.834179999999996,6.0,1.41,5.378831456084388,-3.968831456084388
107,2021-11-05,41.641040000000004,6.0,0.0,5.35399847244689,-5.35399847244689
107,2021-11-06,14.9565,2.0,11.292,1.9230326176568096,9.36896738234319
107,2021-11-07,0.0,0.0,2.115,0.0,2.115
107,2021-11-08,52.869099999999996,4.0,7.764,6.797646760014684,0.9663532399853159
107,2021-11-09,41.99829,6.0,4.938000000000001,5.399931906248775,-0.46193190624877456
107,2021-11-10,40.283280000000005,6.0,5.646,5.17942442324088,0.4665755767591202
107,2021-11-11,40.74982,6.0,5.175,5.23940982339744,-0.06440982339744039
107,2021-11-12,40.98279,5.0,5.409,5.269363950963081,0.13963604903691884
107,2021-11-13,40.31196,5.0,0.0,5.183111955449243,-5.183111955449243
107,2021-11-15,42.17486,6.0,1.881,5.422634401438136,-3.5416344014381353
107,2021-11-16,40.575736,7.0,8.472,5.217026965762821,3.254973034237178
107,2021-11-17,40.84946,6.0,5.883,5.252221040595536,0.6307789594044637
107,2021-11-18,40.69387,6.0,5.175,5.232216049790119,-0.05721604979011907
107,2021-11-19,41.14239,5.0,4.941,5.28988452768745,-0.34888452768745015
107,2021-11-20,39.5959,3.0,4.941,5.091044510779746,-0.1500445107797459
107,2021-11-22,43.34797,6.0,6.588,5.573467069114354,1.014532930885646
107,2021-11-23,41.169129999999996,6.0,5.178,5.293322624314076,-0.11532262431407592
107,2021-11-24,41.81264,6.0,6.588,5.376061949676851,1.2119380503231492
107,2021-11-26,32.97366,4.0,0.0,4.239589723767301,-4.239589723767301
107,2021-11-27,58.86907,5.0,1.413,7.569093155559252,-6.156093155559252
107,2021-11-28,0.0,0.0,6.117,0.0,6.117
107,2021-11-29,40.5093,6.0,5.646,5.208484954263698,0.4375150457363022
107,2021-11-30,40.91966,5.0,0.0,5.261247008553247,-5.261247008553247
107,2021-12-01,40.90064,6.0,0.0,5.258801511251885,-5.258801511251885
107,2021-12-02,32.94506,4.0,3.528,4.235912477562307,-0.7079124775623069
107,2021-12-03,39.861270000000005,6.0,18.588,5.125164469710485,13.462835530289517
107,2021-12-04,40.11812,4.0,0.0,5.158188969282252,-5.158188969282252
107,2021-12-06,37.14473,5.0,0.0,4.775885224755486,-4.775885224755486
107,2021-12-07,39.85918,5.0,0.0,5.124895747872427,-5.124895747872427
107,2021-12-08,32.96243,3.0,0.0,4.238145826044151,-4.238145826044151
107,2021-12-09,40.09112,6.0,0.0,5.15471744314467,-5.15471744314467
107,2021-12-10,41.79259,6.0,0.0,5.373484020082091,-5.373484020082091
107,2021-12-11,25.4083,2.0,6.354,3.266873243018722,3.087126756981278
107,2021-12-12,0.0,0.0,36.0,0.0,36.0
107,2021-12-13,41.16926,5.0,7.53,5.293339339069554,2.236660660930446
107,2021-12-14,40.92291,5.0,7.056,5.261664877440179,1.7943351225598212
107,2021-12-15,40.45738,6.0,6.822,5.201809338076171,1.6201906619238287
107,2021-12-16,36.87759,5.0,5.409,4.7415376880001725,0.6674623119998273
107,2021-12-17,43.15778,5.0,6.822,5.5490133818511485,1.2729866181488516
107,2021-12-18,41.03805,4.0,7.764,5.27646900779133,2.4875309922086704
107,2021-12-20,33.12405,4.0,4.941,4.258926124353628,0.6820738756463722
107,2021-12-21,29.32692,4.0,0.0,3.7707099746205226,-3.7707099746205226
107,2021-12-22,40.33537,5.0,4.941,5.186121897185568,-0.24512189718556776
107,2021-12-23,41.84561,6.0,5.646,5.380301068815964,0.2656989311840361
107,2021-12-24,41.32975,6.0,7.53,5.3139743475814205,2.2160256524185797
107,2021-12-27,33.72994,4.0,7.293,4.336828456631372,2.9561715433686278
107,2021-12-28,41.46246,5.0,7.764,5.331037541422844,2.4329624585771565
107,2021-12-29,40.48157,6.0,8.235,5.2049195683453595,3.03008043165464
107,2021-12-30,42.06723,6.0,7.056,5.4087958696533995,1.6472041303466005
107,2021-12-31,40.04756,5.0,11.058,5.149116714309373,5.908883285690627
107,2022-01-03,42.85173,6.0,9.645,5.509662990206455,4.1353370097935445
107,2022-01-04,40.72091,5.0,7.764,5.235692718929386,2.5283072810706146
107,2022-01-05,42.26675,6.0,11.997,5.434449162059704,6.562550837940296
107,2022-01-06,33.63477,4.0,11.058,4.3245919698716095,6.73340803012839
107,2022-01-07,41.64078,6.0,8.703,5.353965042935935,3.349034957064064
107,2022-01-08,39.07492,4.0,6.354,5.0240594853294835,1.3299405146705165
107,2022-01-10,40.252099,7.0,6.351,5.175415324852141,1.1755846751478591
107,2022-01-11,41.362463,6.0,4.236,5.318180422934706,-1.082180422934706
107,2022-01-12,40.87321,6.0,6.354,5.255274697846186,1.098725302153814
107,2022-01-13,32.581540000000004,4.0,0.0,4.189172878246251,-4.189172878246251
107,2022-01-14,41.063230000000004,6.0,3.294,5.279706527352231,-1.9857065273522312
107,2022-01-17,39.79649,6.0,7.059,5.116835378481132,1.9421646215188684
107,2022-01-18,48.48669,7.0,9.645,6.234178209622188,3.4108217903778115
107,2022-01-20,47.953250000000004,6.0,15.531,6.165591139146954,9.365408860853048
107,2022-01-21,41.5813,6.0,5.409,5.3463173994298865,0.06268260057011332
107,2022-01-22,7.89259,2.0,0.0,1.0147900917856423,-1.0147900917856423
107,2022-01-24,48.73823,8.0,1.647,6.266519975720232,-4.619519975720232
107,2022-01-25,48.85593,7.0,18.822,6.281653258179244,12.540346741820755
107,2022-01-26,44.29085,6.0,10.116,5.694697904840377,4.421302095159622
107,2022-01-27,49.08495,6.0,11.997,6.31109951432846,5.68590048567154
107,2022-01-28,50.737260000000006,8.0,0.0,6.523545342194641,-6.523545342194641
107,2022-01-29,7.85563,2.0,0.0,1.0100379582284198,-1.0100379582284198
107,2022-01-31,48.57897,6.0,24.0,6.246043114510187,17.753956885489814
107,2022-02-01,48.34596,7.0,10.587,6.216083843942862,4.370916156057138
107,2022-02-02,35.897375,6.0,14.352,4.615506503076128,9.736493496923872
107,2022-02-03,36.910430000000005,5.0,0.0,4.74576009238381,-4.74576009238381
107,2022-02-04,25.4315,1.0,0.0,3.269856183996199,-3.269856183996199
107,2022-02-05,32.40943,4.0,1.881,4.167043827744802,-2.286043827744802
107,2022-02-07,48.59121,7.0,0.0,6.2476168730258905,-6.2476168730258905
107,2022-02-08,49.09825,8.0,16.704,6.312809562388824,10.391190437611176
107,2022-02-09,48.84837,7.0,4.233,6.280681230860721,-2.0476812308607215
107,2022-02-10,49.06352,8.0,11.763,6.308344151175557,5.4546558488244425
107,2022-02-11,25.723399999999998,2.0,0.0,3.3073872387947163,-3.3073872387947163
107,2022-02-12,7.9736899999999995,2.0,2.115,1.0252175277025992,1.089782472297401
107,2022-02-14,48.51683,8.0,7.764,6.238053461392066,1.5259465386079345
107,2022-02-15,48.55314,8.0,8.94,6.242722021171901,2.6972779788280983
107,2022-02-16,48.27541,7.0,12.942,6.207012874720404,6.734987125279596
107,2022-02-17,48.98692,8.0,0.0,6.298495302948197,-6.298495302948197
107,2022-02-18,46.59919,7.0,17.646,5.991492817596832,11.654507182403169
107,2022-02-19,7.92396,2.0,0.0,1.0188234908573433,-1.0188234908573433
107,2022-02-21,33.91074,3.0,5.646,4.3600748242489535,1.2859251757510464
107,2022-02-22,48.97874,7.0,13.644,6.297443559103553,7.346556440896447
107,2022-02-23,36.121089999999995,4.0,0.0,4.644270668626831,-4.644270668626831
107,2022-02-24,27.80457,3.0,0.0,3.5749737592299,-3.5749737592299
107,2022-02-25,50.26889,8.0,9.408,6.463324649710977,2.944675350289023
107,2022-02-26,7.9172,2.0,27.528,1.0179543235725266,26.510045676427474
107,2022-02-28,40.95283,6.0,5.646,5.2655118427007865,0.38048815729921337
107,2022-03-01,48.492020000000004,7.0,6.117,6.234863514596755,-0.11786351459675526
107,2022-03-02,49.16178,7.0,6.351,6.32097793481551,0.030022065184489577
107,2022-03-03,48.671949999999995,8.0,6.354,6.25799802192768,0.09600197807232025
107,2022-03-04,42.09743,6.0,4.47,5.412678835925806,-0.9426788359258058
107,2022-03-05,3.98936,1.0,2.823,0.5129321300822632,2.3100678699177366
107,2022-03-07,48.56315,8.0,7.998,6.244009057343649,1.7539909426563511
107,2022-03-08,48.906909999999996,8.0,8.472,6.288208013827164,2.183791986172835
107,2022-03-09,45.23548,6.0,15.057,5.816153746890132,9.240846253109869
107,2022-03-10,48.246159999999996,6.0,11.766,6.203252054738024,5.562747945261976
107,2022-03-11,50.5832,7.0,9.177,6.503737071203686,2.673262928796314
107,2022-03-12,8.18474,2.0,1.413,1.0523532903446926,0.36064670965530743
107,2022-03-14,33.36137,6.0,4.941,4.289439553352547,0.6515604466474532
107,2022-03-15,49.1523,6.0,0.0,6.319759043416093,-6.319759043416093
107,2022-03-16,49.10147,8.0,15.765,6.313223574024491,9.45177642597551
107,2022-03-17,36.24869,5.0,8.472,4.660676844002957,3.8113231559970426
107,2022-03-18,36.81088,6.0,0.0,4.732960446939504,-4.732960446939504
107,2022-03-19,7.692259999999999,2.0,0.0,0.9890326535952106,-0.9890326535952106
107,2022-03-21,49.134100000000004,7.0,0.0,6.31741897764928,-6.31741897764928
107,2022-03-22,30.274900000000002,2.0,0.0,3.8925965430614213,-3.8925965430614213
107,2022-03-23,6.73252,2.0,0.0,0.8656340426588321,-0.8656340426588321
107,2022-03-24,31.662619999999997,7.0,0.0,4.071022700529726,-4.071022700529726
107,2022-03-25,48.6382,8.0,0.0,6.253658614255704,-6.253658614255704
107,2022-03-26,7.956659999999999,2.0,0.0,1.0230278947350804,-1.0230278947350804
107,2022-03-28,48.93188,8.0,6.12,6.291418532629217,-0.17141853262921725
107,2022-03-29,49.86023,6.0,6.354,6.410781172993053,-0.05678117299305274
107,2022-03-30,49.47723,8.0,0.708,6.361536931856252,-5.653536931856252
107,2022-03-31,40.30667,5.0,3.5279999999999996,5.18243179347636,-1.6544317934763608
107,2022-04-01,49.699,8.0,6.354,6.390051018950007,-0.03605101895000651
107,2022-04-02,32.45366,4.0,0.0,4.172730701858328,-4.172730701858328
107,2022-04-04,49.24834,8.0,4.47,6.332107390462512,-1.862107390462512
107,2022-04-05,49.46743,7.0,6.825,6.360276896443352,0.4647231035566479
107,2022-04-06,49.675889999999995,8.0,0.0,6.387079649726321,-6.387079649726321
107,2022-04-07,49.64964,8.0,13.413,6.38370455487034,7.0292954451296605
107,2022-04-08,50.14967,8.0,3.9989999999999997,6.447995933187923,-2.4489959331879234
107,2022-04-09,8.36006,2.0,0.0,1.074895066731387,-1.074895066731387
107,2022-04-11,49.157700000000006,8.0,4.941,6.3204533486436105,-1.3794533486436107
107,2022-04-12,48.4981,5.0,4.941,6.235645250852921,-1.2946452508529216
107,2022-04-13,40.8206,5.0,5.883,5.248510364879588,0.6344896351204117
107,2022-04-14,48.803290000000004,7.0,3.999,6.274885067961382,-2.2758850679613816
107,2022-04-15,50.02333,8.0,4.473,6.431751762364886,-1.9587517623648862
107,2022-04-16,8.41201,2.0,0.0,1.0815745401701775,-1.0815745401701775
107,2022-04-18,48.51104,7.0,0.0,6.237309011898118,-6.237309011898118
107,2022-04-19,49.01805,8.0,5.649,6.302497844009787,-0.6534978440097872
107,2022-04-20,33.19283,4.0,0.942,4.267769515751511,-3.325769515751511
107,2022-04-21,48.55278,7.0,6.12,6.242675734156734,-0.12267573415673372
107,2022-04-22,42.38378,6.0,4.236,5.4494962992404865,-1.2134962992404867
107,2022-04-23,8.25265,2.0,0.0,1.06108482145592,-1.06108482145592
107,2022-04-25,32.07097,4.0,0.0,4.12352631898459,-4.12352631898459
107,2022-04-26,48.96364,7.0,5.883,6.29550207596735,-0.41250207596734967
107,2022-04-27,49.9728,8.0,0.0,6.425254865485924,-6.425254865485924
107,2022-04-28,48.230869999999996,6.0,5.649,6.2012861423438155,-0.5522861423438155
107,2022-04-29,50.57137,8.0,6.825,6.5022160284552575,0.3227839715447427
107,2022-04-30,8.172830000000001,2.0,0.0,1.050821961592893,-1.050821961592893
107,2022-05-02,28.72315,5.0,0.0,3.693080221432099,-3.693080221432099
107,2022-05-04,24.1422,2.0,0.0,3.104084382174588,-3.104084382174588
107,2022-05-05,48.69901,8.0,0.0,6.26147726256779,-6.26147726256779
107,2022-05-06,50.31006,8.0,0.0,6.468618084195577,-6.468618084195577
107,2022-05-07,8.286100000000001,2.0,0.0,1.065385656615257,-1.065385656615257
107,2022-05-08,0.0,0.0,12.704999999999998,0.0,12.704999999999998
107,2022-05-09,48.04128,8.0,0.0,6.17690960010589,-6.17690960010589
107,2022-05-10,48.242729999999995,7.0,9.885,6.202811042343509,3.682188957656491
107,2022-05-11,48.66297,7.0,0.0,6.256843418049329,-6.256843418049329
107,2022-05-12,48.56404,8.0,13.176,6.244123489131147,6.931876510868853
107,2022-05-13,24.04039,4.0,0.0,3.090994157135064,-3.090994157135064
107,2022-05-14,8.15112,2.0,0.0,1.0480305974281934,-1.0480305974281934
107,2022-05-16,50.3529,4.0,7.296,6.474126239000539,0.8218737609994609
107,2022-05-17,26.3921,2.0,0.0,3.3933653694688117,-3.3933653694688117
107,2022-05-18,36.3654,3.0,0.0,4.675682837170257,-4.675682837170257
107,2022-05-19,36.150400000000005,3.0,0.0,4.64803920311174,-4.64803920311174
107,2022-05-20,50.303798,5.0,8.943,6.467812947281742,2.4751870527182573
107,2022-05-21,17.9563,2.0,0.705,2.3087320290462987,-1.6037320290462986
107,2022-05-23,49.009,4.0,5.649,6.301334239878487,-0.6523342398784866
107,2022-05-24,52.6107,4.0,5.649,6.764422969127611,-1.1154229691276107
107,2022-05-25,48.6751,4.0,4.944,6.258403033310398,-1.3144030333103984
107,2022-05-26,48.4305,4.0,5.883,6.226953578004755,-0.3439535780047551
107,2022-05-27,24.250500000000002,2.0,0.0,3.1180090592375533,-3.1180090592375533
107,2022-05-31,51.3834,4.0,6.12,6.606622819918224,-0.48662281991822365
107,2022-06-01,48.315799999999996,3.0,5.649,6.212206020672141,-0.5632060206721405
107,2022-06-02,35.9018,3.0,0.0,4.616075447637566,-4.616075447637566
107,2022-06-03,48.4563,4.0,4.941,6.230270814091777,-1.2892708140917772
107,2022-06-04,24.1822,1.0,3.0599999999999996,3.109227383859894,-0.049227383859894225
107,2022-06-06,49.042,3.0,0.0,6.305577216268864,-6.305577216268864
107,2022-06-07,51.5058,4.0,0.0,6.622360405075258,-6.622360405075258
107,2022-06-08,36.7836,3.0,6.117,4.729452919790126,1.387547080209874
107,2022-06-09,36.4142,3.0,1.179,4.68195729922633,-3.5029572992263294
107,2022-06-10,49.3224,4.0,0.0,6.341629658082855,-6.341629658082855
107,2022-06-11,16.55454,3.0,0.0,2.1285006779864513,-2.1285006779864513
107,2022-06-12,20.85413,4.0,8.94,2.6813206433895234,6.258679356610476
107,2022-06-13,48.8636,4.0,2.823,6.2826394287524,-3.4596394287524004
107,2022-06-14,49.2744,4.0,6.119999999999999,6.335458056060489,-0.2154580560604895
107,2022-06-15,36.7551,3.0,0.0,4.7257885310893455,-4.7257885310893455
107,2022-06-16,48.9982,4.0,5.175,6.299945629423453,-1.1249456294234532
107,2022-06-17,12.2513,1.0,0.0,1.5752114136795956,-1.5752114136795956
107,2022-06-18,24.309943,3.0,0.0,3.1256519454670433,-3.1256519454670433
107,2022-06-20,49.2861,4.0,0.0,6.33696238405344,-6.33696238405344
107,2022-06-21,50.5491,4.0,0.0,6.499352662266963,-6.499352662266963
107,2022-06-22,49.9941,4.0,17.88,6.427993513883349,11.45200648611665
107,2022-06-23,50.196600000000004,4.0,0.0,6.454029959915208,-6.454029959915208
107,2022-06-24,49.8137,4.0,0.0,6.40479857628262,-6.40479857628262
107,2022-06-25,13.985880000000002,2.0,0.0,1.798235110262028,-1.798235110262028
107,2022-06-27,49.7308,3.0,0.0,6.394139705289825,-6.394139705289825
107,2022-06-28,52.1495,4.0,6.12,6.705124159696038,-0.5851241596960381
107,2022-06-29,48.3791,4.0,5.883,6.220344820839137,-0.33734482083913697
107,2022-06-30,49.1361,4.0,5.178,6.317676127733544,-1.1396761277335443
107,2022-07-01,36.552499999999995,3.0,0.0,4.699739227553272,-4.699739227553272
107,2022-07-02,49.381,3.0,0.0,6.3491641555518274,-6.3491641555518274
107,2022-07-03,0.0,0.0,2.826,0.0,2.826
107,2022-07-05,38.0834,2.0,0.0,4.896574759554129,-4.896574759554129
107,2022-07-06,36.339,3.0,0.0,4.672288456057955,-4.672288456057955
107,2022-07-07,48.854,4.0,0.0,6.281405108347927,-6.281405108347927
107,2022-07-08,12.0507,1.0,0.0,1.5494192602277883,-1.5494192602277883
107,2022-07-09,23.990499999999997,2.0,0.0,3.0845795482830667,-3.0845795482830667
107,2022-07-11,49.6708,4.0,4.707,6.386425202761867,-1.679425202761867
107,2022-07-12,50.2003,4.0,5.412,6.454505687571099,-1.042505687571099
107,2022-07-13,48.305,4.0,6.12,6.210817410217109,-0.09081741021710865
107,2022-07-14,48.1485,4.0,6.12,6.190695416123351,-0.07069541612335062
107,2022-07-15,49.9875,4.0,6.351,6.427144918605273,-0.07614491860527295
107,2022-07-16,24.649299999999997,2.0,2.118,3.169284786040049,-1.051284786040049
107,2022-07-18,50.389399999999995,4.0,5.412,6.47881922803838,-1.06681922803838
107,2022-07-19,49.673500000000004,4.0,3.5279999999999996,6.3867723553756255,-2.858772355375626
107,2022-07-20,48.9654,5.0,0.0,6.2957283680415035,-6.2957283680415035
107,2022-07-21,49.6502,4.0,8.709,6.383776556893934,2.325223443106066
107,2022-07-22,49.2616,4.0,5.172,6.333812295521191,-1.161812295521191
107,2022-07-25,25.131251,4.0,2.826,3.2312516561709166,-0.4052516561709165
107,2022-07-26,37.467600000000004,3.0,0.0,4.817398248608852,-4.817398248608852
107,2022-07-27,37.545100000000005,3.0,3.06,4.827362814374131,-1.7673628143741307
107,2022-07-28,48.2104,4.0,5.412,6.198654211231361,-0.7866542112313608
107,2022-07-29,24.0799,1.0,2.118,3.0960741570497246,-0.9780741570497247
107,2022-08-01,45.555130000000005,4.0,1.176,5.857252759107831,-4.681252759107831
107,2022-08-02,50.8652,4.0,5.649,6.53999523308509,-0.8909952330850901
107,2022-08-03,47.1164,4.0,5.412,6.057993115138254,-0.6459931151382543
107,2022-08-04,73.8806,6.0,8.004,9.499201257784621,-1.4952012577846219
107,2022-08-05,49.5837,4.0,1.8809999999999998,6.375226316592114,-4.494226316592114
107,2022-08-06,8.240089999999999,2.0,0.0,1.059469918926734,-1.059469918926734
107,2022-08-08,49.4799,3.0,0.0,6.361880227218746,-6.361880227218746
107,2022-08-09,50.6964,4.0,2.118,6.518291765973101,-4.400291765973101
107,2022-08-10,48.3692,3.0,3.534,6.219071927922024,-2.6850719279220243
107,2022-08-11,48.1245,4.0,6.12,6.187609615112167,-0.06760961511216657
107,2022-08-12,49.0312,4.0,5.646,6.304188605813831,-0.6581886058138311
107,2022-08-13,8.03665,2.0,0.0,1.0333126123552703,-1.0333126123552703
107,2022-08-15,56.24556,5.0,0.0,7.231775246773854,-7.231775246773854
107,2022-08-16,35.41491,3.0,0.0,4.553473545373604,-4.553473545373604
107,2022-08-17,37.3133,3.0,0.0,4.797559119607785,-4.797559119607785
107,2022-08-18,42.33416,4.0,0.0,5.443116405649865,-5.443116405649865
107,2022-08-19,45.5542,4.0,3.2939999999999996,5.857133184318647,-2.563133184318647
107,2022-08-20,8.12727,2.0,0.0,1.0449640826733297,-1.0449640826733297
107,2022-08-22,55.465199999999996,4.0,0.0,7.131440426895227,-7.131440426895227
107,2022-08-23,41.95576,4.0,0.0,5.394463609706874,-5.394463609706874
107,2022-08-24,55.2836,3.0,3.294,7.10809119924394,-3.8140911992439404
107,2022-08-25,42.954,3.0,0.0,5.52281235976536,-5.52281235976536
107,2022-08-26,52.9317,5.0,0.0,6.805695557652188,-6.805695557652188
107,2022-08-27,16.66111,4.0,0.0,2.1422029202265267,-2.1422029202265267
107,2022-08-29,31.195800000000002,2.0,6.824999999999999,4.011001299361368,2.8139987006386313
107,2022-08-30,66.52795,5.0,4.236,8.553833974248077,-4.317833974248077
107,2022-08-31,54.9178,4.0,0.0,7.0610584488318215,-7.0610584488318215
107,2022-09-01,56.210899999999995,4.0,6.117,7.227318835813536,-1.110318835813536
107,2022-09-02,40.6214,3.0,6.585,5.222898216486767,1.362101783513233
107,2022-09-03,16.74594,3.0,2.826,2.1531099410506385,0.6728900589493616
107,2022-09-06,69.3887,5.0,3.528,8.921655026029022,-5.3936550260290215
107,2022-09-07,55.7151,4.0,0.0,7.163571329924174,-7.163571329924174
107,2022-09-08,44.38351,4.0,8.001,5.7066116682443875,2.294388331755612
107,2022-09-09,42.1205,3.0,0.0,5.415645062147805,-5.415645062147805
107,2022-09-10,8.04405,2.0,4.941,1.0342640676670518,3.906735932332948
107,2022-09-12,58.7668,5.0,3.057,7.5559437860003476,-4.498943786000348
107,2022-09-13,56.2875,4.0,7.061999999999999,7.237167684040896,-0.1751676840408969
107,2022-09-14,43.4733,2.0,0.0,5.589581379144839,-5.589581379144839
107,2022-09-15,56.85776,5.0,0.0,7.3104888875674545,-7.3104888875674545
107,2022-09-16,24.2339,2.0,0.0,3.115874713538151,-3.115874713538151
107,2022-09-17,17.090702999999998,5.0,2.355,2.197437858301413,0.15756214169858707
107,2022-09-19,36.6452,3.0,0.0,4.711658133958969,-4.711658133958969
107,2022-09-20,43.4534,3.0,0.0,5.587022735806399,-5.587022735806399
107,2022-09-21,63.612245,16.0,0.0,8.178947081026731,-8.178947081026731
107,2022-09-22,62.802214,10.0,0.0,8.074797311072986,-8.074797311072986
107,2022-09-23,61.440734,11.0,0.0,7.899744962710242,-7.899744962710242
107,2022-09-24,14.990673,8.0,0.0,1.927426412571608,-1.927426412571608
107,2022-09-26,61.624314999999996,15.0,0.0,7.923348897519994,-7.923348897519994
107,2022-09-27,65.50322,17.0,0.0,8.422079271323497,-8.422079271323497
107,2022-09-28,63.734452,14.0,0.0,8.194659851200633,-8.194659851200633
107,2022-09-29,41.625007000000004,10.0,0.0,5.351937028796378,-5.351937028796378
107,2022-09-30,61.834538,13.0,0.0,7.950378328602244,-7.950378328602244
107,2022-10-01,14.901261,6.0,0.0,1.9159302609044446,-1.9159302609044446
107,2022-10-03,68.276907,20.0,0.0,8.778706194211248,-8.778706194211248
107,2022-10-04,62.090528,10.0,0.0,7.983292253637778,-7.983292253637778
107,2022-10-05,64.316345,12.0,0.0,8.269476768192321,-8.269476768192321
107,2022-10-06,60.340241,11.0,0.0,7.758249028868568,-7.758249028868568
107,2022-10-07,61.597046,11.0,0.0,7.919842784696079,-7.919842784696079
107,2022-10-08,14.086374,10.0,0.0,1.8111561305461052,-1.8111561305461052
107,2022-10-10,75.71736,25.0,0.0,9.735362752172167,-9.735362752172167
107,2022-10-11,48.351724,11.0,0.0,6.216824950485714,-6.216824950485714
107,2022-10-12,60.44556,12.0,0.0,7.771790423730936,-7.771790423730936
107,2022-10-13,58.54704,17.0,0.0,7.527688134741279,-7.527688134741279
107,2022-10-14,57.579854999999995,16.0,0.0,7.403332282616222,-7.403332282616222
107,2022-10-15,14.407906,6.0,0.0,1.852497120993097,-1.852497120993097
107,2022-10-17,65.31841899999999,20.0,0.0,8.398318474962341,-8.398318474962341
107,2022-10-18,65.599254,13.0,0.0,8.434426846919663,-8.434426846919663
107,2022-10-19,61.624322,24.0,0.0,7.923349797545289,-7.923349797545289
107,2022-10-20,58.707273,22.0,0.0,7.548290099467318,-7.548290099467318
107,2022-10-21,41.118756,5.0,0.0,5.286845785141687,-5.286845785141687
107,2022-10-22,14.149222,8.0,0.0,1.8192368147940574,-1.8192368147940574
107,2022-10-24,60.724509999999995,18.0,0.0,7.807656431733835,-7.807656431733835
107,2022-10-25,62.886593,16.0,0.0,8.085646344553096,-8.085646344553096
107,2022-10-26,61.381346,11.0,0.0,7.892109148108069,-7.892109148108069
107,2022-10-27,61.944851,12.0,0.0,7.964561827225022,-7.964561827225022
107,2022-10-28,59.722316000000006,13.0,0.0,7.6787992959587585,-7.6787992959587585
107,2022-10-29,14.363608,7.0,0.0,1.8468015037767052,-1.8468015037767052
107,2022-10-31,60.811456,18.0,0.0,7.818835517347099,-7.818835517347099
107,2022-11-01,62.391979,17.0,0.0,8.022051328663704,-8.022051328663704
107,2022-11-02,61.555045,27.0,0.0,7.914442504351467,-7.914442504351467
107,2022-11-03,63.370511,13.0,0.0,8.14786612179184,-8.14786612179184
107,2022-11-04,62.160123,13.0,0.0,7.992240433694999,-7.992240433694999
107,2022-11-05,13.954713,10.0,0.0,1.79422781192388,-1.79422781192388
107,2022-11-07,62.212945000000005,15.0,0.0,7.99903202457053,-7.99903202457053
107,2022-11-08,64.005447,14.0,0.0,8.22950304474337,-8.22950304474337
107,2022-11-09,63.601452,13.0,0.0,8.177559370596994,-8.177559370596994
107,2022-11-10,64.593426,15.0,0.0,8.305102469441474,-8.305102469441474
107,2022-11-11,59.437995,13.0,0.0,7.642242711404564,-7.642242711404564
107,2022-11-12,13.849513,8.0,0.0,1.7807017174915263,-1.7807017174915263
107,2022-11-14,62.796619,13.0,0.0,8.074077933712255,-8.074077933712255
107,2022-11-15,66.493097,10.0,0.0,8.549352748304628,-8.549352748304628
107,2022-11-16,64.418057,14.0,0.0,8.282554392877717,-8.282554392877717
107,2022-11-17,61.818913,19.0,0.0,7.948369343568921,-7.948369343568921
107,2022-11-18,61.0864,16.0,0.0,7.854186453731216,-7.854186453731216
107,2022-11-19,14.492073,7.0,0.0,1.8633188965642746,-1.8633188965642746
107,2022-11-21,39.017636,12.0,0.0,5.016694192615958,-5.016694192615958
107,2022-11-22,42.332497000000004,8.0,0.0,5.4429025853547985,-5.4429025853547985
107,2022-11-23,43.290954,11.0,0.0,5.56613623451212,-5.56613623451212
107,2022-11-25,22.1274,4.0,0.0,2.845031387285748,-2.845031387285748
107,2022-11-26,21.504921,15.0,0.0,2.764996123634065,-2.764996123634065
107,2022-11-28,60.117686,17.0,0.0,7.729634010366739,-7.729634010366739
107,2022-11-29,63.74341,17.0,0.0,8.195811626428057,-8.195811626428057
107,2022-11-30,62.975820999999996,10.0,0.0,8.097118838412507,-8.097118838412507
107,2022-12-01,62.236561,13.0,0.0,8.002068452765535,-8.002068452765535
107,2022-12-02,43.572931999999994,8.0,0.0,5.602391567742597,-5.602391567742597
107,2022-12-03,20.164474,11.0,0.0,2.592648094132496,-2.592648094132496
107,2022-12-05,60.824796000000006,17.0,0.0,7.82055070840915,-7.82055070840915
107,2022-12-06,49.814012,7.0,0.0,6.404838691695765,-6.404838691695765
107,2022-12-07,44.986408999999995,9.0,0.0,5.784129432571112,-5.784129432571112
107,2022-12-08,63.179597,12.0,7.53,8.123319346198128,-0.5933193461981281
107,2022-12-09,24.0077,2.0,3.294,3.0867910390077484,0.2072089609922516
107,2022-12-10,16.25599,4.0,0.0,2.090114599157752,-2.090114599157752
107,2022-12-12,24.154,1.0,6.825,3.105601567671753,3.719398432328247
107,2022-12-13,88.32191,7.0,4.941,11.355993299485117,-6.4149932994851175
107,2022-12-14,69.64240000000001,3.0,17.412,8.954274514218072,8.457725485781927
107,2022-12-15,54.6387,3.0,0.0,7.0251731545726015,-7.0251731545726015
107,2022-12-16,67.9034,6.0,14.355,8.730682515949415,5.624317484050586
107,2022-12-17,16.76032,4.0,0.0,2.154958850156506,-2.154958850156506
107,2022-12-18,0.0,0.0,17.412,0.0,17.412
107,2022-12-19,44.2394,3.0,0.0,5.6880827189226535,-5.6880827189226535
107,2022-12-20,29.78845,3.0,7.059,3.8300512138159992,3.228948786184001
107,2022-12-21,43.91243,4.0,0.0,5.646042537396545,-5.646042537396545
107,2022-12-22,42.705600000000004,3.0,0.0,5.490874319299612,-5.490874319299612
107,2022-12-23,44.7405,3.0,23.529,5.752511672535318,17.776488327464683
107,2022-12-24,16.58819,3.0,11.061,2.132827228154215,8.928172771845786
107,2022-12-25,0.0,0.0,2.826,0.0,2.826
107,2022-12-26,42.569199999999995,3.0,0.0,5.473336683552719,-5.473336683552719
107,2022-12-27,42.56564,4.0,6.825,5.472878956402728,1.352121043597272
107,2022-12-28,43.7017,2.0,5.883,5.618947918767933,0.2640520812320668
107,2022-12-29,44.90658,4.0,8.001,5.773865415532707,2.2271345844672927
107,2022-12-30,42.001450000000006,4.0,0.0,5.400338203381915,-5.400338203381915
107,2022-12-31,16.61309,3.0,7.296,2.1360287467033174,5.159971253296683
107,2023-01-02,42.4267,3.0,0.0,5.455014740048819,-5.455014740048819
107,2023-01-03,43.65383,4.0,9.177,5.6127930315010435,3.564206968498956
107,2023-01-04,25.8855,2.0,0.0,3.3282292531244173,-3.3282292531244173
107,2023-01-05,41.7055,3.0,0.0,5.36228641966276,-5.36228641966276
107,2023-01-06,40.799279999999996,4.0,8.001,5.2457691449813195,2.75523085501868
107,2023-01-07,16.35817,4.0,0.0,2.103252396962865,-2.103252396962865
107,2023-01-08,0.0,0.0,9.882,0.0,9.882
107,2023-01-09,44.0679,3.0,0.0,5.666032099196906,-5.666032099196906
107,2023-01-10,42.2828,3.0,7.059,5.436512791485932,1.6224872085140678
107,2023-01-11,44.0283,2.0,0.0,5.660940527528453,-5.660940527528453
107,2023-01-12,45.850570000000005,4.0,9.882,5.895238969555497,3.9867610304445025
107,2023-01-13,17.9102,2.0,6.12,2.302804719603984,3.817195280396016
107,2023-01-14,16.23242,4.0,0.0,2.087084085414686,-2.087084085414686
107,2023-01-16,50.6337,4.0,0.0,6.510230110831384,-6.510230110831384
107,2023-01-17,64.5718,5.0,8.001,8.302321905580314,-0.30132190558031446
107,2023-01-18,24.200699999999998,2.0,0.0,3.1116060221393473,-3.1116060221393473
107,2023-01-19,64.75265,5.0,8.94,8.325574701950003,0.614425298049996
107,2023-01-20,72.18549,7.0,24.942,9.281252418115164,15.660747581884836
107,2023-01-21,16.56414,4.0,12.471,2.1297349983909246,10.341265001609075
107,2023-01-23,75.40422,7.0,12.942,9.69510076347875,3.2468992365212497
107,2023-01-24,60.61,6.0,0.0,7.792933303659227,-7.792933303659227
107,2023-01-25,74.0745,6.0,3.294,9.52413195845414,-6.230131958454139
107,2023-01-26,75.4016,6.0,0.0,9.694763896868364,-9.694763896868364
107,2023-01-27,49.8301,4.0,23.766,6.406907206973596,17.359092793026402
107,2023-01-28,12.2476,1.0,6.825,1.5747356860237047,5.250264313976295
107,2023-01-30,73.8814,4.0,16.002,9.499304117818326,6.502695882181673
107,2023-01-31,73.04686000000001,7.0,5.649,9.392003102156956,-3.7430031021569556
107,2023-02-01,74.578,5.0,14.823,9.588869492167923,5.234130507832077
107,2023-02-02,73.3395,5.0,24.942,9.429629302486651,15.512370697513349
107,2023-02-03,74.247,5.0,0.0,9.54631115322202,-9.54631115322202
107,2023-02-04,32.5348,4.0,0.0,4.183163280776971,-4.183163280776971
107,2023-02-05,0.0,0.0,14.589,0.0,14.589
107,2023-02-06,72.8247,6.0,0.0,9.363438870796768,-9.363438870796768
107,2023-02-07,73.60650000000001,5.0,12.471,9.463958838736065,3.0070411612639347
107,2023-02-08,75.4014,6.0,10.824,9.694738181859938,1.129261818140062
107,2023-02-09,72.84870000000001,5.0,11.766,9.366524671807952,2.3994753281920485
107,2023-02-10,61.963300000000004,5.0,12.708,7.966933908177327,4.741066091822673
107,2023-02-11,34.01079,4.0,0.0,4.372938757214325,-4.372938757214325
107,2023-02-12,0.0,0.0,4.707,0.0,4.707
107,2023-02-13,75.6,5.0,0.0,9.720273185227478,-9.720273185227478
107,2023-02-14,75.2518,5.0,9.882,9.675503355556895,0.20649664444310467
107,2023-02-15,50.2262,4.0,0.0,6.457835781162334,-6.457835781162334
107,2023-02-16,24.6394,2.0,0.0,3.168011893122936,-3.168011893122936
107,2023-02-17,63.920100000000005,5.0,32.705999999999996,8.218529550622474,24.487470449377522
107,2023-02-18,32.241150000000005,4.0,0.0,4.1454072196547225,-4.1454072196547225
107,2023-02-19,0.0,0.0,4.47,0.0,4.47
107,2023-02-20,76.6993,5.0,0.0,9.861615729043889,-9.861615729043889
107,2023-02-21,75.7696,5.0,10.119,9.742079512373175,0.3769204876268244
107,2023-02-22,55.619249,5.0,33.882,7.1512472835607195,26.730752716439277
107,2023-02-23,74.62899999999999,5.0,0.0,9.595426819316687,-9.595426819316687
107,2023-02-24,72.21585999999999,6.0,31.53,9.28515724214473,22.24484275785527
107,2023-02-25,33.4546,3.0,0.0,4.301426604530572,-4.301426604530572
107,2023-02-27,74.0842,5.0,3.294,9.525379136362826,-6.2313791363628255
107,2023-02-28,72.3464,5.0,8.943,9.301941428144728,-0.3589414281447283
107,2023-03-01,74.30969999999999,6.0,10.353,9.554372808363736,0.7986271916362639
107,2023-03-02,72.6151,6.0,14.355,9.336489541965767,5.018510458034234
107,2023-03-03,50.1469,4.0,11.295,6.447639780321216,4.847360219678784
107,2023-03-04,33.389250000000004,4.0,6.354,4.293024225527205,2.0609757744727952
107,2023-03-05,0.0,0.0,4.941,0.0,4.941
107,2023-03-06,73.03477,6.0,0.0,9.39044862989757,-9.39044862989757
107,2023-03-07,73.5375,6.0,10.824,9.455087160828912,1.368912839171088
107,2023-03-08,75.2099,5.0,12.708,9.670116061291537,3.037883938708463
107,2023-03-09,75.5152,4.0,0.0,9.709370021654632,-9.709370021654632
107,2023-03-10,62.9757,5.0,9.177,8.09710328083241,1.0798967191675892
107,2023-03-11,32.562329999999996,3.0,0.0,4.186702951686882,-4.186702951686882
107,2023-03-13,25.4082,2.0,0.0,3.2668603855145086,-3.2668603855145086
107,2023-03-14,47.848420000000004,5.0,5.178,6.1521126174801894,-0.9741126174801895
107,2023-03-15,62.3447,5.0,0.0,8.015972429246716,-8.015972429246716
107,2023-03-16,48.81436,5.0,6.825,6.276308393677789,0.5486916063222109
107,2023-03-17,49.56431,5.0,0.0,6.372733246525161,-6.372733246525161
107,2023-03-18,24.387999999999998,2.0,0.0,3.1356881275307904,-3.1356881275307904
107,2023-03-20,49.53218,5.0,0.0,6.36860213042144,-6.36860213042144
107,2023-03-21,76.8963,4.0,11.061,9.886945012344018,1.1740549876559818
107,2023-03-22,75.48400000000001,6.0,13.884,9.705358480340095,4.178641519659905
107,2023-03-23,73.4253,5.0,9.648,9.44066104110163,0.2073389588983705
107,2023-03-24,74.4224,6.0,0.0,9.568863215612085,-9.568863215612085
107,2023-03-25,28.18229,3.0,0.0,3.62353912414424,-3.62353912414424
107,2023-03-27,62.8897,5.0,4.707,8.086045827209002,-3.3790458272090023
107,2023-03-28,61.90289,6.0,0.0,7.959166689882094,-7.959166689882094
107,2023-03-29,74.5385,4.0,6.12,9.583790778003683,-3.463790778003683
107,2023-03-30,74.0069,5.0,8.472,9.515440285605974,-1.0434402856059748
107,2023-03-31,64.4374,5.0,5.412,8.285041419917688,-2.873041419917688
107,2023-04-01,24.9371,2.0,0.0,3.206288683165823,-3.206288683165823
107,2023-04-03,74.293,5.0,4.473,9.552225605160123,-5.079225605160123
107,2023-04-04,97.83667,9.0,0.0,12.57935396736706,-12.57935396736706
107,2023-04-05,74.6946,6.0,0.0,9.603861342080588,-9.603861342080588
107,2023-04-06,75.6251,5.0,0.0,9.72350041878501,-9.72350041878501
107,2023-04-07,72.9759,6.0,0.0,9.382879417167223,-9.382879417167223
107,2023-04-08,32.38805,4.0,0.0,4.164294893344007,-4.164294893344007
107,2023-04-10,60.10464,6.0,11.061,7.7279566203670775,3.3330433796329224
107,2023-04-11,73.24419999999999,6.0,0.0,9.417376100971408,-9.417376100971408
107,2023-04-12,59.9127,5.0,5.646,7.703277926780138,-2.057277926780138
107,2023-04-13,74.3308,5.0,16.236,9.557085741752735,6.678914258247266
107,2023-04-14,62.4123,5.0,10.59,8.024664102094881,2.5653358979051184
107,2023-04-15,33.05804,4.0,3.765,4.250438885822453,-0.48543888582245254
107,2023-04-17,73.9941,6.0,0.0,9.513794525066675,-9.513794525066675
107,2023-04-18,72.8262,6.0,0.0,9.363631733359966,-9.363631733359966
107,2023-04-19,76.113,6.0,20.939999999999998,9.786232181841523,11.153767818158475
107,2023-04-20,62.82699,6.0,0.0,8.077982886316866,-8.077982886316866
107,2023-04-21,63.5361,5.0,6.828,8.16915673444354,-1.3411567344435396
107,2023-04-22,11.8328,1.0,5.883,1.5214027585470864,4.361597241452913
107,2023-04-24,72.5514,6.0,0.0,9.328299311781917,-9.328299311781917
107,2023-04-25,74.102,6.0,13.176,9.527667772112787,3.648332227887213
107,2023-04-26,75.6904,5.0,0.0,9.73189636903627,-9.73189636903627
107,2023-04-27,62.0569,5.0,14.355,7.978968532120942,6.376031467879058
107,2023-04-28,75.62102,7.0,0.0,9.722975832613107,-9.722975832613107
107,2023-04-29,33.067479,6.0,13.178999999999998,4.251652505645143,8.927347494354855
107,2023-05-01,76.2362,6.0,0.0,9.802072627032263,-9.802072627032263
107,2023-05-02,71.6592,6.0,0.0,9.213584659191177,-9.213584659191177
107,2023-05-03,75.5353,5.0,0.0,9.7119543800015,-9.7119543800015
107,2023-05-04,37.327,3.0,0.0,4.799320597685002,-4.799320597685002
107,2023-05-05,62.4735,5.0,5.178,8.0325328946734,-2.8545328946734
107,2023-05-06,32.362289999999994,5.0,0.0,4.160982800258669,-4.160982800258669
107,2023-05-07,0.427026,1.0,0.0,0.054904885941732144,-0.054904885941732144
107,2023-05-08,75.7964,6.0,5.412,9.745525323502331,-4.333525323502331
107,2023-05-09,75.6638,6.0,8.001,9.728476272915541,-1.727476272915542
107,2023-05-10,74.7245,5.0,7.296,9.607705735840355,-2.3117057358403548
107,2023-05-11,75.1728,5.0,11.766,9.665345927228415,2.100654072771585
107,2023-05-12,25.4693,2.0,0.0,3.274716320588813,-3.274716320588813
107,2023-05-13,32.679433,6.0,0.0,4.201759474845741,-4.201759474845741
107,2023-05-15,57.64628,7.0,8.943,7.4118728797898825,1.531127120210117
107,2023-05-16,57.17975,7.0,6.588,7.351888765383743,-0.7638887653837427
107,2023-05-17,53.44903,5.0,0.0,6.872211284198666,-6.872211284198666
107,2023-05-18,23.4559,3.0,10.119,3.0158433307589583,7.1031566692410415
107,2023-05-19,58.7728,7.0,6.354,7.556715236253143,-1.2027152362531428
107,2023-05-20,34.20675,4.0,0.0,4.398134322470636,-4.398134322470636
107,2023-05-22,58.01183,6.0,0.0,7.45887348644147,-7.45887348644147
107,2023-05-23,46.84128,5.0,0.0,6.0226195495467225,-6.0226195495467225
107,2023-05-24,50.826,5.0,6.354,6.534955091433491,-0.18095509143349098
107,2023-05-25,54.13274,6.0,2.118,6.960119326255172,-4.8421193262551725
107,2023-05-26,58.82768,8.0,0.0,7.563771434565383,-7.563771434565383
107,2023-05-27,32.72553,4.0,0.0,4.207686398562929,-4.207686398562929
107,2023-05-29,26.387999999999998,2.0,0.0,3.3928382117960676,-3.3928382117960676
107,2023-05-30,32.46125,4.0,0.0,4.173706586428115,-4.173706586428115
107,2023-05-31,57.02843,6.0,0.0,7.332432790008232,-7.332432790008232
107,2023-06-01,40.22166,4.0,0.0,5.171501629144665,-5.171501629144665
107,2023-06-02,57.86456,7.0,5.412,7.439938239986596,-2.0279382399865957
107,2023-06-03,32.415217,5.0,0.0,4.1677878915136235,-4.1677878915136235
107,2023-06-05,58.29991,5.0,5.649,7.4959133845790396,-1.8469133845790395
107,2023-06-06,44.78673,6.0,0.0,5.75845569673311,-5.75845569673311
107,2023-06-07,32.41426,4.0,0.0,4.167664845198303,-4.167664845198303
107,2023-06-08,29.17359,3.0,0.0,3.7509955634103247,-3.7509955634103247
107,2023-06-09,56.731790000000004,7.0,5.178,7.294292289510007,-2.1162922895100067
107,2023-06-10,24.0262,2.0,0.0,3.089169677287202,-3.089169677287202
107,2023-06-11,7.9622399999999995,2.0,0.0,1.0237453434701804,-1.0237453434701804
107,2023-06-12,57.86239,7.0,5.178,7.439659232145168,-2.261659232145168
107,2023-06-13,69.29477,8.0,0.0,8.909577972321502,-8.909577972321502
107,2023-06-14,58.35653,6.0,6.588,7.50319330346459,-0.9151933034645898
107,2023-06-15,32.40684,4.0,0.0,4.166710818385679,-4.166710818385679
107,2023-06-16,24.5429,2.0,0.0,3.1556044015571363,-3.1556044015571363
107,2023-06-17,41.10002,4.0,3.765,5.28443680315229,-1.5194368031522898
107,2023-06-19,58.84873,6.0,6.12,7.566477939202275,-1.4464779392022749
107,2023-06-20,44.98427,5.0,0.0,5.783854410555992,-5.783854410555992
107,2023-06-21,33.55157,3.0,4.707,4.313894526366174,0.39310547363382575
107,2023-06-22,32.98335,4.0,3.531,4.240835615925566,-0.7098356159255661
107,2023-06-23,57.10612,5.0,6.12,7.342421785031517,-1.2224217850315169
107,2023-06-24,20.03372,4.0,0.0,2.5758363930734847,-2.5758363930734847
107,2023-06-26,45.04488,5.0,3.531,5.79164734385965,-2.26064734385965
107,2023-06-27,32.63422,4.0,0.0,4.195946211465798,-4.195946211465798
107,2023-06-28,46.2849,5.0,0.0,5.9510829676049655,-5.9510829676049655
107,2023-06-29,32.97397,4.0,3.531,4.239629582030362,-0.7086295820303623
107,2023-06-30,49.58823,5.0,5.178,6.375808761532975,-1.1978087615329747
107,2023-07-01,0.0,0.0,5.412,0.0,5.412
107,2023-07-03,0.0,0.0,1.413,0.0,1.413
107,2023-07-05,0.0,0.0,6.588,0.0,6.588
107,2023-07-07,0.0,0.0,5.412,0.0,5.412
107,2023-07-08,0.0,0.0,4.473,0.0,4.473
107,2023-07-13,0.0,0.0,5.649,0.0,5.649
107,2023-07-14,0.0,0.0,5.883,0.0,5.883
107,2023-07-18,0.0,0.0,3.765,0.0,3.765
107,2023-07-19,41.85138,6.0,0.0,5.381042946809069,-5.381042946809069
107,2023-07-20,47.986580000000004,5.0,0.0,6.169876545301235,-6.169876545301235
107,2023-07-21,57.440529999999995,7.0,7.296,7.385418564871093,-0.08941856487109234
107,2023-07-22,32.454139999999995,3.0,5.412,4.172792417878552,1.2392075821214483
107,2023-07-24,59.96147,7.0,7.296,7.709548531584947,-0.4135485315849463
107,2023-07-25,59.78458,6.0,7.53,7.686804892382104,-0.1568048923821035
107,2023-07-26,59.92266,6.0,7.53,7.704558534199779,-0.17455853419977885
107,2023-07-27,56.89578,5.0,0.0,7.315377310669338,-7.315377310669338
107,2023-07-28,51.014336,6.0,0.0,6.559170400568584,-6.559170400568584
107,2023-07-29,40.59439,7.0,0.0,5.219425404598764,-5.219425404598764
107,2023-07-31,52.73266,5.0,0.0,6.780103981266108,-6.780103981266108
107,2023-08-01,58.89741,6.0,0.0,7.572736972253291,-7.572736972253291
107,2023-08-02,57.14493,6.0,6.12,7.347411782416685,-1.2274117824166852
107,2023-08-03,55.70626,6.0,0.0,7.162434726551722,-7.162434726551722
107,2023-08-04,56.312059999999995,6.0,8.472,7.2403254870756735,1.231674512924326
107,2023-08-05,41.04638,6.0,5.649,5.277540037892296,0.3714599621077044
107,2023-08-07,55.51844,6.0,0.0,7.138285762138369,-7.138285762138369
107,2023-08-08,27.5715,3.0,0.0,3.5450067741600457,-3.5450067741600457
107,2023-08-09,55.344829999999995,5.0,0.0,7.115963849073721,-7.115963849073721
107,2023-08-10,57.23203,6.0,6.588,7.358610668586437,-0.7706106685864373
107,2023-08-11,57.14922,6.0,7.53,7.3479633693474335,0.1820366306525667
107,2023-08-12,33.26914,4.0,0.0,4.277581077216653,-4.277581077216653
107,2023-08-14,79.04913,9.0,0.0,10.163745220298429,-10.163745220298429
107,2023-08-15,103.48151,12.0,0.0,13.305139508199066,-13.305139508199066
107,2023-08-16,89.37615,9.0,0.0,11.491542251903029,-11.491542251903029
107,2023-08-17,103.978638,10.0,0.0,13.36905776174438,-13.36905776174438
107,2023-08-18,98.68091799999999,12.0,0.0,12.687903189537456,-12.687903189537456
107,2023-08-19,65.74376,10.0,0.0,8.45300671195808,-8.45300671195808
107,2023-08-21,112.51722,13.0,0.0,14.466906302147368,-14.466906302147368
107,2023-08-22,110.755588,14.0,0.0,14.240404393525164,-14.240404393525164
107,2023-08-23,69.69021,10.0,0.0,8.960421686982432,-8.960421686982432
107,2023-08-24,96.69685,11.0,0.0,12.432801562843437,-12.432801562843437
107,2023-08-25,116.51858,13.0,0.0,14.981381332735223,-14.981381332735223
107,2023-08-26,53.741094000000004,10.0,0.0,6.909763425304093,-6.909763425304093
107,2023-08-28,106.65062,11.0,0.0,13.712607959972031,-13.712607959972031
107,2023-08-29,91.13871,11.0,0.0,11.718163478164334,-11.718163478164334
107,2023-08-30,92.688958,12.0,0.0,11.917486680080371,-11.917486680080371
107,2023-08-31,71.52406,8.0,0.0,9.196209027997373,-9.196209027997373
107,2023-09-01,97.34631,12.0,0.0,12.516305909706901,-12.516305909706901
107,2023-09-02,71.90702999999999,9.0,0.0,9.245449411882909,-9.245449411882909
107,2023-09-04,24.3622,2.0,0.0,3.132370891443769,-3.132370891443769
107,2023-09-05,91.17607,10.0,10.353,11.722967041738407,-1.3699670417384073
107,2023-09-06,80.01536,9.0,0.0,10.287978283258248,-10.287978283258248
107,2023-09-07,85.05483,10.0,0.0,10.935928350834415,-10.935928350834415
107,2023-09-08,71.469162,11.0,0.0,9.189150515334374,-9.189150515334374
107,2023-09-09,66.57429,10.0,0.0,8.559792141700504,-8.559792141700504
107,2023-09-11,51.03725,7.0,0.0,6.562116569084011,-6.562116569084011
107,2023-09-12,112.95763,13.0,0.0,14.523532036453004,-14.523532036453004
107,2023-09-13,87.95827,9.0,0.0,11.309238271164004,-11.309238271164004
107,2023-09-14,81.53705,8.0,0.0,10.48362963912106,-10.48362963912106
107,2023-09-15,73.03462999999999,7.0,0.0,9.390430629391672,-9.390430629391672
107,2023-09-16,67.72979000000001,8.0,0.0,8.708360602884767,-8.708360602884767
107,2023-09-18,97.49205,9.0,0.0,12.535044436347311,-12.535044436347311
107,2023-09-19,77.77662,10.0,0.0,10.000132193434222,-10.000132193434222
107,2023-09-20,112.69756000000001,13.0,0.0,14.49009352524557,-14.49009352524557
107,2023-09-21,54.799326,9.0,0.0,7.045825649290199,-7.045825649290199
107,2023-09-22,104.922006,12.0,0.0,13.490351342090962,-13.490351342090962
107,2023-09-23,62.40475,9.0,0.0,8.02369336052678,-8.02369336052678
107,2023-09-25,79.14580000000001,9.0,0.0,10.176174569621391,-10.176174569621391
107,2023-09-26,76.90452,10.0,0.0,9.88800189919035,-9.88800189919035
107,2023-09-27,95.63039,10.0,0.0,12.295681423410663,-12.295681423410663
107,2023-09-28,88.8338,10.0,0.0,11.421809577802392,-11.421809577802392
107,2023-09-29,54.91037,7.0,0.0,7.060103136268776,-7.060103136268776
107,2023-09-30,78.25287,12.0,0.0,10.061366057249893,-10.061366057249893
107,2023-10-02,109.42312,12.0,0.0,14.069082264284772,-14.069082264284772
107,2023-10-03,78.53989,9.0,0.0,10.098269665842803,-10.098269665842803
107,2023-10-04,100.46372,10.0,0.0,12.91712703180161,-12.91712703180161
107,2023-10-05,106.418244,13.0,0.0,13.682730205981418,-13.682730205981418
107,2023-10-06,44.77111,7.0,0.0,5.756447354574998,-5.756447354574998
107,2023-10-07,72.48017,8.0,0.0,9.31914091153081,-9.31914091153081
107,2023-10-09,111.22045,12.0,0.0,14.300174044761027,-14.300174044761027
107,2023-10-10,79.43376,9.0,0.0,10.213199038753906,-10.213199038753906
107,2023-10-11,102.723045,12.0,0.0,13.207619838867933,-13.207619838867933
107,2023-10-12,85.70429,11.0,0.0,11.019432697697878,-11.019432697697878
107,2023-10-13,86.81709,11.0,0.0,11.162511004583079,-11.162511004583079
107,2023-10-14,53.92114,7.0,0.0,6.932912847339906,-6.932912847339906
107,2023-10-16,114.68769999999999,13.0,0.0,14.745975859595418,-14.745975859595418
107,2023-10-17,45.06483,4.0,0.0,5.794212415950197,-5.794212415950197
107,2023-10-18,110.75525,12.0,0.0,14.240360935160924,-14.240360935160924
107,2023-10-19,84.29081000000001,11.0,0.0,10.837694447144237,-10.837694447144237
107,2023-10-20,96.124552,12.0,0.0,12.359218323381011,-12.359218323381011
107,2023-10-21,77.64776,12.0,19.764,9.983564013505013,9.780435986494986
107,2023-10-23,100.86081,12.0,0.0,12.968182895282059,-12.968182895282059
107,2023-10-24,79.26639,9.0,0.0,10.191679433952165,-10.191679433952165
107,2023-10-25,85.11214100000001,11.0,0.0,10.94329711507408,-10.94329711507408
107,2023-10-26,103.45439,11.0,0.0,13.301652553056428,-13.301652553056428
107,2023-10-27,96.19764,9.0,0.0,12.368615616060403,-12.368615616060403
107,2023-10-28,41.62098,6.0,0.0,5.35141925710171,-5.35141925710171
107,2023-10-30,120.58776,13.0,0.0,15.504576322680515,-15.504576322680515
107,2023-10-31,53.12491,7.0,0.0,6.830537541542635,-6.830537541542635
107,2023-11-01,66.61688,8.0,0.0,8.565268152744931,-8.565268152744931
107,2023-11-02,113.5313,13.0,0.0,14.597291680873235,-14.597291680873235
107,2023-11-03,72.84499,8.0,0.0,9.366047658401639,-9.366047658401639
107,2023-11-04,40.78591,7.0,0.0,5.2440500966680075,-5.2440500966680075
107,2023-11-06,126.26592,13.0,0.0,16.234645983916376,-16.234645983916376
107,2023-11-07,106.67438,12.0,0.0,13.715662902973103,-13.715662902973103
107,2023-11-08,102.12234,12.0,14.118,13.130384168183646,0.9876158318163544
107,2023-11-09,105.55219,13.0,0.0,13.571377276442277,-13.571377276442277
107,2023-11-10,118.27851,13.0,0.0,15.207664406635718,-15.207664406635718
107,2023-11-11,49.611845,9.0,0.0,6.378845061152937,-6.378845061152937
107,2023-11-13,122.86242,14.0,0.0,15.797040828017943,-15.797040828017943
107,2023-11-14,84.51084,10.0,0.0,10.865984813664681,-10.865984813664681
107,2023-11-15,108.88137,13.0,0.0,13.999426735209415,-13.999426735209415
107,2023-11-16,120.71456,13.0,0.0,15.520879638022933,-15.520879638022933
107,2023-11-17,111.04977,13.0,0.0,14.278228856569829,-14.278228856569829
107,2023-11-18,62.12168,8.0,0.0,7.987297623350294,-7.987297623350294
107,2023-11-20,86.554963,13.0,0.0,11.128808014513977,-11.128808014513977
107,2023-11-21,88.48015000000001,12.0,14.118,11.376339014152187,2.7416609858478136
107,2023-11-22,92.01621,13.0,0.0,11.830988077635723,-11.830988077635723
107,2023-11-23,20.11546,3.0,0.0,2.5863461170174067,-2.5863461170174067
107,2023-11-24,87.4646,8.0,0.0,11.245764630114385,-11.245764630114385
107,2023-11-25,49.506,4.0,0.0,6.365236035818408,-6.365236035818408
107,2023-11-27,119.1567,12.0,0.0,15.320577722886181,-15.320577722886181
107,2023-11-28,104.299698,12.0,0.0,13.410338064771485,-13.410338064771485
107,2023-11-29,89.239278,12.0,0.0,11.47394392873625,-11.47394392873625
107,2023-11-30,69.53609,7.0,0.0,8.940605701488952,-8.940605701488952
107,2023-12-01,97.078138,11.0,0.0,12.481825683508106,-12.481825683508106
107,2023-12-02,70.2329,9.0,0.0,9.030198076597395,-9.030198076597395
107,2023-12-04,106.48112,9.0,0.0,13.690814490330549,-13.690814490330549
107,2023-12-05,92.47004,10.0,0.0,11.889339289006779,-11.889339289006779
107,2023-12-06,116.6512,13.0,0.0,14.998432954822855,-14.998432954822855
107,2023-12-07,77.74782,10.0,0.0,9.996429232220803,-9.996429232220803
107,2023-12-08,103.04153,12.0,0.0,13.248569061161547,-13.248569061161547
107,2023-12-09,77.43308999999999,10.0,0.0,9.955962809210398,-9.955962809210398
107,2023-12-10,0.0,0.0,14.823,0.0,14.823
107,2023-12-11,102.03263,9.0,0.0,13.118849701153927,-13.118849701153927
107,2023-12-12,115.61986999999999,12.0,0.0,14.8658296566202,-14.8658296566202
107,2023-12-13,70.669509,8.0,0.0,9.086335097167884,-9.086335097167884
107,2023-12-14,65.82404,7.0,0.0,8.46332871634049,-8.46332871634049
107,2023-12-15,90.34018999999999,10.0,16.236,11.615493735520577,4.620506264479424
107,2023-12-19,33.49919,4.0,0.0,4.307159765659266,-4.307159765659266
107,2023-12-20,92.11116,10.0,0.0,11.843196277886218,-11.843196277886218
107,2023-12-21,91.55239,11.0,0.0,11.771352401593763,-11.771352401593763
107,2023-12-22,79.67458,9.0,0.0,10.244162480400288,-10.244162480400288
107,2023-12-23,77.43215000000001,11.0,0.0,9.955841948670795,-9.955841948670795
107,2023-12-25,24.4063,1.0,0.0,3.138041050801818,-3.138041050801818
107,2023-12-26,118.06921,11.0,0.0,15.180753650317357,-15.180753650317357
107,2023-12-27,78.53502,7.0,0.0,10.097643505387618,-10.097643505387618
107,2023-12-28,56.35797,6.0,0.0,7.246228367259984,-7.246228367259984
107,2023-12-29,122.850591,15.0,0.0,15.795519913844554,-15.795519913844554
107,2023-12-30,34.018381,5.0,0.0,4.3739147703591525,-4.3739147703591525
114,2021-01-20,24.3546,2.0,3.06,3.1110715536060822,-0.051071553606082176
114,2021-01-21,57.07961,6.0,5.175,7.291384418628484,-2.116384418628484
114,2021-01-22,58.91163,5.0,5.175,7.525407777978972,-2.3504077779789725
114,2021-01-23,24.600900000000003,2.0,3.999,3.1425340667926336,0.8564659332073665
114,2021-01-25,57.116929999999996,6.0,10.587,7.296151698336653,3.290848301663347
114,2021-01-26,58.5062,6.0,15.291,7.47361790091351,7.81738209908649
114,2021-01-27,57.38432,6.0,11.763,7.330308261068898,4.432691738931102
114,2021-01-28,58.096630000000005,6.0,11.526,7.421299177706788,4.1047008222932115
114,2021-01-29,53.30091,5.0,5.178,6.808690961145655,-1.630690961145655
114,2021-01-30,50.88191,6.0,7.764,6.499686416288703,1.2643135837112975
114,2021-02-01,36.3896,3.0,0.0,4.648429841060986,-4.648429841060986
114,2021-02-02,53.92364,4.0,2.118,6.888238873596572,-4.770238873596572
114,2021-02-03,56.562169999999995,6.0,3.9989999999999997,7.225286315407821,-3.2262863154078216
114,2021-02-04,57.343329999999995,6.0,4.941,7.3250721733079684,-2.3840721733079686
114,2021-02-05,58.21237,6.0,10.353,7.436083876351576,2.9169161236484236
114,2021-02-06,18.26137,2.0,0.0,2.332718613193216,-2.332718613193216
114,2021-02-08,81.39793,7.0,15.294,10.397821542764781,4.896178457235219
114,2021-02-09,76.45075,6.0,10.59,9.76586573283282,0.8241342671671799
114,2021-02-10,83.18164,8.0,13.41,10.625673753061099,2.7843262469389014
114,2021-02-11,80.79528,8.0,0.0,10.320838661839588,-10.320838661839588
114,2021-02-12,22.8383,1.0,28.236,2.9173784608542856,25.318621539145717
114,2021-02-13,51.15595,6.0,1.176,6.534692454102923,-5.358692454102923
114,2021-02-15,12.117,1.0,0.0,1.5478330177890378,-1.5478330177890378
114,2021-02-16,52.68014,4.0,0.0,6.729393420297846,-6.729393420297846
114,2021-02-17,56.18846,6.0,9.648,7.177548370613075,2.4704516293869245
114,2021-02-18,57.72504,6.0,10.824,7.373832043013363,3.450167956986637
114,2021-02-19,55.62835,6.0,0.0,7.105999575400249,-7.105999575400249
114,2021-02-20,47.234041999999995,7.0,3.057,6.033705518794599,-2.9767055187945988
114,2021-02-22,80.90973,7.0,0.0,10.335458575092535,-10.335458575092535
114,2021-02-23,80.35788,8.0,21.881999999999998,10.26496491734995,11.617035082650048
114,2021-02-24,56.39352,6.0,9.174,7.2037428608852405,1.970257139114759
114,2021-02-25,82.5608,7.0,7.058999999999999,10.546367270370322,-3.4873672703703225
114,2021-02-26,80.49724,8.0,0.0,10.282766849293425,-10.282766849293425
114,2021-02-27,50.63215,5.0,0.0,6.467781920578298,-6.467781920578298
114,2021-03-01,56.56801,6.0,0.0,7.226032320592594,-7.226032320592594
114,2021-03-02,56.59001,6.0,14.586,7.228842614096874,7.357157385903126
114,2021-03-03,56.16508,6.0,30.345,7.1745617950617095,23.17043820493829
114,2021-03-04,58.25071,6.0,7.061999999999999,7.440981451485852,-0.3789814514858527
114,2021-03-05,56.91924,6.0,4.47,7.270898656388422,-2.800898656388422
114,2021-03-06,50.744609999999994,6.0,11.526,6.482147630009719,5.04385236999028
114,2021-03-08,44.66399,5.0,4.707,5.705405498737262,-0.9984054987372621
114,2021-03-09,57.02951,6.0,5.649,7.284984613875555,-1.6359846138755554
114,2021-03-10,32.99998,4.0,2.826,4.215437701607485,-1.3894377016074846
114,2021-03-11,59.35912,6.0,1.41,7.582570425262162,-6.172570425262162
114,2021-03-12,56.89803,6.0,14.118,7.268189277969068,6.8498107220309326
114,2021-03-13,49.40181,4.0,13.176,6.310617533757585,6.865382466242415
114,2021-03-16,44.85584,4.0,8.001,5.729912535500721,2.2710874644992787
114,2021-03-17,57.29437,6.0,10.353,7.318817992854808,3.0341820071451915
114,2021-03-18,50.3852,4.0,2.589,6.436236375992755,-3.8472363759927553
114,2021-03-19,45.52391,5.0,4.236,5.8152522073827315,-1.5792522073827318
114,2021-03-20,50.24627,5.0,7.059,6.418489372513229,0.6405106274867709
114,2021-03-22,62.39653,6.0,9.882,7.970571043118282,1.9114289568817178
114,2021-03-23,52.02427,4.0,7.061999999999999,6.645612183904572,0.4163878160954271
114,2021-03-24,57.39879,6.0,10.587,7.332156667751031,3.254843332248969
114,2021-03-25,56.9535,6.0,8.703,7.275275049818268,1.427724950181731
114,2021-03-26,56.8441,6.0,9.174,7.261300226665168,1.9126997733348317
114,2021-03-27,26.13776,3.0,3.294,3.338853506564793,-0.04485350656479303
114,2021-03-29,56.39824,6.0,6.117,7.204345796582522,-1.0873457965825217
114,2021-03-30,56.50978,5.0,9.174,7.218593984649221,1.9554060153507784
114,2021-03-31,57.41878,6.0,6.588,7.33471020262151,-0.74671020262151
114,2021-04-01,56.86437,6.0,6.117,7.26388952890752,-1.1468895289075203
114,2021-04-02,56.042829999999995,5.0,5.175,7.15894550502088,-1.9839455050208805
114,2021-04-03,50.98122,6.0,5.646,6.51237233664825,-0.8663723366482499
114,2021-04-05,44.88263,5.0,4.707,5.73333470654525,-1.0263347065452502
114,2021-04-06,48.2014,3.0,5.646,6.157276423508832,-0.5112764235088321
114,2021-04-07,56.89882,6.0,6.588,7.2682901930539945,-0.6802901930539944
114,2021-04-08,57.88535,7.0,6.588,7.394310140816595,-0.8063101408165947
114,2021-04-09,57.40484,6.0,7.998,7.332929498464708,0.6650705015352925
114,2021-04-10,25.71077,3.0,2.823,3.2843095418651362,-0.4613095418651363
114,2021-04-12,56.62973,6.0,7.53,7.233916471278238,0.2960835287217627
114,2021-04-13,46.654579999999996,5.0,4.938,5.959684687222916,-1.0216846872229164
114,2021-04-14,40.01001,3.0,2.352,5.110903236780522,-2.758903236780522
114,2021-04-15,56.8094,5.0,12.468,7.256867627365235,5.211132372634765
114,2021-04-16,56.73428,6.0,11.295,7.247271752454258,4.047728247545742
114,2021-04-17,50.20071,6.0,7.296,6.412669510147093,0.8833304898529075
114,2021-04-19,56.142649999999996,5.0,12.939,7.171696573093481,5.767303426906519
114,2021-04-20,56.42101,6.0,9.177,7.207254450359452,1.9697455496405478
114,2021-04-21,56.58713,6.0,4.941000000000001,7.228474721129041,-2.2874747211290405
114,2021-04-22,58.63111,6.0,0.0,7.489573980987128,-7.489573980987128
114,2021-04-23,57.55618,6.0,20.703,7.352261762961876,13.350738237038122
114,2021-04-24,24.4131,2.0,4.941,3.11854437951519,1.82245562048481
114,2021-04-26,56.83708,6.0,6.822,7.260403487556075,-0.4384034875560747
114,2021-04-27,56.62775,6.0,1.176,7.233663544862852,-6.0576635448628515
114,2021-04-28,45.399234,6.0,4.236,5.799326018612749,-1.5633260186127496
114,2021-04-29,57.900729999999996,7.0,15.291,7.396274791457313,7.894725208542687
114,2021-04-30,56.97905,6.0,6.591,7.278538822501648,-0.6875388225016481
114,2021-05-01,24.2441,2.0,2.355,3.0969562157777677,-0.7419562157777677
114,2021-05-03,57.177,6.0,10.119,7.303825077009475,2.8151749229905247
114,2021-05-04,56.602940000000004,6.0,6.822,7.230494300233708,-0.40849430023370825
114,2021-05-05,57.06834,6.0,7.296,7.289944781910609,0.0060552180893909124
114,2021-05-06,57.75576,7.0,6.588,7.377756234670248,-0.7897562346702482
114,2021-05-07,56.84943,5.0,6.588,7.261981084136886,-0.6739810841368863
114,2021-05-08,29.00058,3.0,2.352,3.7045518906521755,-1.3525518906521756
114,2021-05-10,57.04469,6.0,9.408,7.286923716393509,2.1210762836064907
114,2021-05-11,56.38688,6.0,5.412,7.202894663209403,-1.7908946632094027
114,2021-05-12,56.02041,6.0,15.06,7.156081560458792,7.903918439541209
114,2021-05-13,57.15093,6.0,6.588,7.300494879206904,-0.7124948792069041
114,2021-05-14,59.19334,6.0,6.117,7.561393586301276,-1.4443935863012758
114,2021-05-15,24.1246,2.0,2.823,3.0816912124249747,-0.2586912124249747
114,2021-05-17,43.2237,3.0,4.941,5.521421970042752,-0.5804219700427522
114,2021-05-18,41.4952,3.0,4.944,5.300622319036038,-0.35662231903603825
114,2021-05-19,24.441,2.0,2.352,3.122108342641072,-0.770108342641072
114,2021-05-20,49.5128,4.0,5.178,6.324795464486677,-1.1467954644866767
114,2021-05-21,42.2852,3.0,4.944,5.401537403962451,-0.45753740396245135
114,2021-05-22,58.6275,5.0,6.12,7.489112837371198,-1.3691128373711976
114,2021-05-24,42.4572,3.0,4.941,5.4235087895413665,-0.48250878954136667
114,2021-05-25,31.5315,2.0,3.06,4.027853165009081,-0.9678531650090814
114,2021-05-26,43.4435,3.0,5.175,5.549499356962785,-0.3744993569627848
114,2021-05-27,42.66645,4.0,4.707,5.450238512985482,-0.7432385129854824
114,2021-05-28,41.9634,3.0,4.941,5.360430474431666,-0.4194304744316666
114,2021-05-29,32.705,5.0,3.057,4.1777567753396445,-1.1207567753396446
114,2021-06-01,41.6507,3.0,4.941,5.320485984486743,-0.37948598448674353
114,2021-06-02,41.90898,4.0,4.473,5.353478830226989,-0.8804788302269895
114,2021-06-03,33.434470000000005,3.0,2.589,4.2709397209108735,-1.6819397209108735
114,2021-06-04,43.7345,3.0,0.0,5.586671875587577,-5.586671875587577
114,2021-06-05,24.1496,2.0,0.0,3.0848847277707474,-3.0848847277707474
114,2021-06-07,32.42385,4.0,2.589,4.141842501761087,-1.5528425017610874
114,2021-06-08,43.534499999999994,3.0,5.883,5.561123752821396,0.3218762471786043
114,2021-06-09,42.3521,3.0,6.588,5.410083251027738,1.1779167489722617
114,2021-06-10,34.04856,3.0,2.352,4.3493839544582915,-1.9973839544582916
114,2021-06-11,42.3979,3.0,5.412,5.4159337711411935,-0.003933771141193532
114,2021-06-12,32.94042,4.0,4.236,4.207829470647717,0.028170529352283147
114,2021-06-14,42.8797,3.0,7.293,5.477479198884922,1.8155208011150785
114,2021-06-15,73.2771,5.0,5.412,9.360461733748378,-3.9484617337483785
114,2021-06-16,75.79390000000001,5.0,0.0,9.681959310637993,-9.681959310637993
114,2021-06-17,77.5014,6.0,0.0,9.900076408754257,-9.900076408754257
114,2021-06-18,72.7505,6.0,36.0,9.293193526505025,26.706806473494975
114,2021-06-19,16.63242,4.0,0.0,2.1246355402933683,-2.1246355402933683
114,2021-06-21,74.9822,6.0,0.0,9.57827225439145,-9.57827225439145
114,2021-06-22,72.6009,6.0,0.0,9.274083530675922,-9.274083530675922
114,2021-06-23,77.141,5.0,0.0,9.8540386915296,-9.8540386915296
114,2021-06-24,84.3957,6.0,0.0,10.780758522688643,-10.780758522688643
114,2021-06-25,73.1759,6.0,0.0,9.347534383628691,-9.347534383628691
114,2021-06-26,16.80011,3.0,0.0,2.1460563638266725,-2.1460563638266725
114,2021-06-28,76.0361,6.0,0.0,9.712898087307837,-9.712898087307837
114,2021-06-29,75.5814,6.0,0.0,9.654814430198925,-9.654814430198925
114,2021-06-30,62.819,5.0,8.706,8.024537620243423,0.6814623797565762
114,2021-07-01,7.08987,1.0,0.0,0.9056643457812962,-0.9056643457812962
114,2021-07-07,32.32867,3.0,8.709,4.129684150136662,4.579315849863337
114,2021-07-08,74.6051,6.0,4.239,9.530101268915814,-5.291101268915814
114,2021-07-09,77.1453,6.0,3.06,9.854587976169073,-6.794587976169073
114,2021-07-10,16.41542,4.0,5.178,2.096915827092063,3.081084172907937
114,2021-07-12,50.8151,4.0,2.355,6.49115206587866,-4.13615206587866
114,2021-07-13,72.325,5.0,4.236,9.238839895319977,-5.002839895319977
114,2021-07-14,49.5092,3.0,4.239,6.324335598276886,-2.0853355982768864
114,2021-07-15,73.8024,6.0,4.002,9.427563878193752,-5.425563878193752
114,2021-07-16,48.7202,3.0,2.355,6.223548253964304,-3.868548253964304
114,2021-07-17,8.30923,2.0,0.0,1.0614261406621446,-1.0614261406621446
114,2021-07-19,49.1742,3.0,2.355,6.281542492643534,-3.926542492643534
114,2021-07-20,51.157646,6.0,2.352,6.53490910218398,-4.182909102183981
114,2021-07-21,62.1643,4.0,4.473,7.940905840368331,-3.4679058403683314
114,2021-07-22,62.4458,5.0,2.589,7.976864823161731,-5.387864823161731
114,2021-07-23,62.2021,5.0,2.355,7.94573443557114,-5.5907344355711395
114,2021-07-24,16.77688,2.0,0.0,2.1430889493673804,-2.1430889493673804
114,2021-07-25,7.896470000000001,2.0,0.0,1.0086999248973016,-1.0086999248973016
114,2021-07-26,62.3491,5.0,2.118,7.964512305804282,-5.846512305804282
114,2021-07-27,63.0009,4.0,2.118,8.047773637899265,-5.929773637899265
114,2021-07-28,73.9083,6.0,10.59,9.441091609198443,1.148908390801557
114,2021-07-29,76.8488,5.0,9.414,9.81671288416821,-0.40271288416820994
114,2021-07-30,74.2236,6.0,8.709,9.481368224739327,-0.7723682247393278
114,2021-07-31,16.21669,4.0,0.0,2.0715299349054477,-2.0715299349054477
114,2021-08-02,65.1189,5.0,2.355,8.318328257993114,-5.963328257993114
114,2021-08-03,75.0903,6.0,4.002,9.592081014746569,-5.590081014746569
114,2021-08-04,73.1877,6.0,4.944,9.349041722871895,-4.405041722871895
114,2021-08-05,50.602599999999995,4.0,2.355,6.464007185439593,-4.109007185439593
114,2021-08-06,63.711,5.0,2.118,8.138482247780587,-6.020482247780587
114,2021-08-07,16.32581,4.0,0.0,2.085468990686676,-2.085468990686676
114,2021-08-09,49.2931,4.0,0.0,6.296730851628029,-6.296730851628029
114,2021-08-10,72.6648,5.0,7.536,9.282246155899717,-1.7462461558997173
114,2021-08-11,50.5356,4.0,2.118,6.455448564312924,-4.337448564312924
114,2021-08-12,62.7255,5.0,2.589,8.012593872850234,-5.423593872850233
114,2021-08-13,50.7036,4.0,2.355,6.4769089874365156,-4.121908987436516
114,2021-08-14,16.07871,4.0,0.708,2.05390428500906,-1.3459042850090601
114,2021-08-16,38.6425,3.0,0.0,4.936216669960625,-4.936216669960625
114,2021-08-17,62.0399,5.0,5.181,7.925014908007768,-2.7440149080077676
114,2021-08-18,62.94788,6.0,2.118,8.04100083055395,-5.923000830553949
114,2021-08-19,74.5974,6.0,2.118,9.529117666189316,-7.411117666189316
114,2021-08-20,64.6543,5.0,1.884,8.258979968807278,-6.374979968807278
114,2021-08-21,8.28224,1.0,0.0,1.0579784214948484,-1.0579784214948484
114,2021-08-23,26.423470000000002,3.0,0.0,3.37535027734242,-3.37535027734242
114,2021-08-24,47.574149999999996,5.0,0.0,6.077151123483398,-6.077151123483398
114,2021-08-25,52.1818,4.0,6.117,6.665735162801354,-0.5487351628013544
114,2021-08-26,52.0578,6.0,0.0,6.649895326686322,-6.649895326686322
114,2021-08-27,50.9724,5.0,1.884,6.511245664434261,-4.627245664434261
114,2021-08-28,44.20606,6.0,5.175,5.6469092394456775,-0.47190923944567764
114,2021-08-30,68.47021,6.0,3.057,8.746426654530753,-5.689426654530752
114,2021-08-31,65.26123,6.0,13.176,8.336509579559667,4.839490420440333
114,2021-09-01,69.88309000000001,7.0,1.884,8.92690881300016,-7.04290881300016
114,2021-09-02,34.38904,3.0,0.0,4.392877078655437,-4.392877078655437
114,2021-09-03,77.35532,8.0,7.763999999999999,9.88141605988584,-2.1174160598858407
114,2021-09-04,39.895030000000006,3.0,1.179,5.096215621002245,-3.917215621002245
114,2021-09-07,75.01545,6.0,6.353999999999999,9.582519629801327,-3.228519629801328
114,2021-09-08,93.09924,7.0,2.118,11.89255406479045,-9.77455406479045
114,2021-09-09,33.51667,4.0,0.0,4.281439999367773,-4.281439999367773
114,2021-09-10,71.96912,6.0,2.355,9.193379565669835,-6.838379565669834
114,2021-09-11,52.27054,5.0,2.352,6.677070864872708,-4.325070864872709
114,2021-09-13,67.72034,7.0,3.2969999999999997,8.650637800437375,-5.353637800437375
114,2021-09-14,57.91399,6.0,3.531,7.3979686319967115,-3.8669686319967114
114,2021-09-15,58.095756,6.0,4.941,7.4211875324103,-2.4801875324102998
114,2021-09-16,34.71951,5.0,3.294,4.435091519308135,-1.141091519308135
114,2021-09-17,39.33088,5.0,1.413,5.024150753709541,-3.6111507537095404
114,2021-09-18,44.08206,6.0,2.8259999999999996,5.631069403330645,-2.805069403330646
114,2021-09-20,50.312954000000005,7.0,1.647,6.42700762760593,-4.780007627605929
114,2021-09-21,69.552,7.0,7.059,8.884615173166887,-1.825615173166887
114,2021-09-22,61.939094999999995,7.0,0.0,7.912138015430543,-7.912138015430543
114,2021-09-23,64.86334,5.0,2.589,8.285682866722489,-5.6966828667224885
114,2021-09-24,52.0111,6.0,5.883,6.643929840020419,-0.7609298400204194
114,2021-09-25,43.534244,6.0,1.176,5.561091051224256,-4.385091051224256
114,2021-09-27,44.14728,5.0,6.119999999999999,5.639400646164697,0.48059935383530217
114,2021-09-28,55.59847,6.0,1.647,7.102182685858981,-5.455182685858981
114,2021-09-29,64.12232,5.0,6.357,8.191024517061514,-1.834024517061514
114,2021-09-30,69.97181,6.0,3.2969999999999997,8.938241960259237,-5.641241960259237
114,2021-10-01,38.92584,3.0,0.0,4.972410695483473,-4.972410695483473
114,2021-10-02,44.126689999999996,6.0,1.176,5.636770466925918,-4.460770466925918
114,2021-10-04,43.67996,5.0,0.0,5.579704902509239,-5.579704902509239
114,2021-10-05,67.71069,6.0,7.058999999999999,8.649405103513908,-1.590405103513909
114,2021-10-06,70.255526,8.0,7.53,8.974484016252886,-1.4444840162528854
114,2021-10-07,50.805930000000004,6.0,1.647,6.489980684449832,-4.842980684449832
114,2021-10-08,39.15905,4.0,0.0,5.0022010840349775,-5.0022010840349775
114,2021-10-09,10.0573,1.0,0.0,1.284725675481529,-1.284725675481529
114,2021-10-11,56.71419,7.0,7.767,7.244705443522395,0.5222945564776049
114,2021-10-12,51.62995,5.0,4.236,6.595241505058771,-2.3592415050587716
114,2021-10-13,30.77345,4.0,0.0,3.9310193926945667,-3.9310193926945667
114,2021-10-14,68.36330000000001,7.0,9.882,8.732769905506094,1.1492300944939053
114,2021-10-15,51.70333,6.0,2.826,6.604615111301682,-3.7786151113016824
114,2021-10-16,35.592600000000004,4.0,6.353999999999999,4.5466205718377575,1.8073794281622417
114,2021-10-18,51.0292,6.0,3.06,6.518501331299857,-3.4585013312998574
114,2021-10-19,47.69722,5.0,6.825,6.092872160827569,0.7321278391724313
114,2021-10-20,70.93471,6.0,4.002,9.06124339731701,-5.059243397317011
114,2021-10-21,69.08327,8.0,8.238,8.824739315245926,-0.5867393152459268
114,2021-10-22,57.92913,6.0,0.0,7.399902624890111,-7.399902624890111
114,2021-10-23,35.85271,4.0,0.0,4.579847182901314,-4.579847182901314
114,2021-10-25,59.73162,7.0,3.06,7.630153803914173,-4.570153803914174
114,2021-10-26,45.01153,5.0,0.0,5.7498004716680535,-5.7498004716680535
114,2021-10-27,45.91748,6.0,0.0,5.8655270807681585,-5.8655270807681585
114,2021-10-28,51.3737,4.0,0.708,6.562507972764602,-5.854507972764602
114,2021-10-29,47.39457,6.0,2.826,6.0542114640516465,-3.2282114640516464
114,2021-10-30,27.944581,6.0,2.826,3.5696579301873568,-0.7436579301873567
114,2021-11-01,58.36115,6.0,5.409,7.455089124877338,-2.046089124877338
114,2021-11-02,7.262018,2.0,0.0,0.9276546369710582,-0.9276546369710582
114,2021-11-03,65.36088000000001,7.0,7.055999999999999,8.349238931727918,-1.2932389317279185
114,2021-11-04,60.46344,7.0,10.353,7.723636939927904,2.6293630600720954
114,2021-11-05,60.75445,5.0,7.293,7.7608107359588345,-0.4678107359588344
114,2021-11-06,20.244,1.0,2.118,2.585980986392777,-0.4679809863927771
114,2021-11-08,56.34254,6.0,4.233,7.197230644392141,-2.964230644392141
114,2021-11-09,55.446740000000005,6.0,3.9989999999999997,7.082800602522419,-3.0838006025224196
114,2021-11-10,56.86813,6.0,7.293,7.2643698336155245,0.028630166384475686
114,2021-11-11,54.75325,6.0,3.06,6.994213764236827,-3.934213764236827
114,2021-11-12,59.12961,7.0,6.351,7.553252676981832,-1.202252676981832
114,2021-11-15,56.445910999999995,7.0,3.528,7.210435319384454,-3.6824353193844543
114,2021-11-16,57.481239,7.0,3.5279999999999996,7.342688753620775,-3.814688753620776
114,2021-11-17,56.73061,5.0,10.119,7.246802944401499,2.872197055598501
114,2021-11-18,33.07599,4.0,1.413,4.225147265664771,-2.8121472656647706
114,2021-11-19,58.99111,6.0,3.762,7.535560601966252,-3.773560601966252
114,2021-11-20,35.240604000000005,5.0,5.175,4.501656386731736,0.6733436132682638
114,2021-11-22,56.81959,6.0,6.117,7.258169304220172,-1.1411693042201723
114,2021-11-23,33.70304,4.0,1.176,4.305247017567439,-3.1292470175674385
114,2021-11-24,60.21862,6.0,9.645,7.692363482849823,1.952636517150177
114,2021-11-26,34.90104,4.0,1.176,4.458280272936859,-3.282280272936859
114,2021-11-27,25.52454,3.0,2.115,3.2605204073514074,-1.1455204073514071
114,2021-11-28,0.0,0.0,0.705,0.0,0.705
114,2021-11-29,58.00587,6.0,3.291,7.409705439595495,-4.1187054395954945
114,2021-11-30,55.0546,6.0,3.5279999999999996,7.032708398214769,-3.5047083982147695
114,2021-12-01,56.66171,5.0,6.354,7.23800161610855,-0.8840016161085495
114,2021-12-02,60.27175,4.0,3.06,7.6991503416626585,-4.639150341662658
114,2021-12-03,56.266580000000005,5.0,10.827,7.187527467365546,3.6394725326344544
114,2021-12-04,37.143010000000004,4.0,4.7010000000000005,4.744670896927326,-0.04367089692732584
114,2021-12-06,57.42499,5.0,11.058,7.335503471833401,3.722496528166599
114,2021-12-07,60.91798,6.0,5.412,7.7817001585386025,-2.3697001585386026
114,2021-12-08,58.86787,6.0,4.941,7.519817848717732,-2.5788178487177325
114,2021-12-09,58.69766,5.0,9.411,7.4980751188375745,1.912924881162425
114,2021-12-10,32.282979999999995,4.0,0.0,4.1238476814907274,-4.1238476814907274
114,2021-12-11,35.90745,4.0,6.114000000000001,4.586839704102417,1.527160295897584
114,2021-12-13,56.132509999999996,6.0,0.939,7.170401283269236,-6.231401283269236
114,2021-12-14,52.32637,5.0,14.585999999999999,6.6842026233428875,7.901797376657111
114,2021-12-15,46.10248,4.0,2.352,5.889159094326876,-3.5371590943268765
114,2021-12-16,58.3012,6.0,9.882,7.447431075078175,2.434568924921825
114,2021-12-17,55.88105,6.0,4.704,7.138279628515318,-2.434279628515318
114,2021-12-18,17.78088,2.0,0.0,2.271340525653606,-2.271340525653606
114,2021-12-20,24.937800000000003,2.0,0.0,3.1855698795922645,-3.1855698795922645
114,2021-12-21,32.50908,4.0,0.0,4.152729834277895,-4.152729834277895
114,2021-12-22,28.508409999999998,4.0,0.0,3.6416817927430203,-3.6416817927430203
114,2021-12-23,33.49377,4.0,3.9989999999999997,4.278514739311045,-0.2795147393110451
114,2021-12-24,24.3848,2.0,0.0,3.114929320143775,-3.114929320143775
114,2021-12-27,23.8646,2.0,0.0,3.04847865282894,-3.04847865282894
114,2021-12-28,28.69383,3.0,0.0,3.665367457359546,-3.665367457359546
114,2021-12-29,25.524465,3.0,11.763,3.26051082680537,8.502489173194629
114,2021-12-30,32.99877,3.0,1.41,4.215283135464749,-2.805283135464749
114,2021-12-31,32.08956,4.0,0.0,4.099140091963554,-4.099140091963554
114,2022-01-03,28.57941,3.0,17.88,3.6507513763250143,14.229248623674984
114,2022-01-04,31.78295,4.0,1.176,4.059973542356862,-2.8839735423568618
114,2022-01-05,24.1796,2.0,0.0,3.0887169461856745,-3.0887169461856745
114,2022-01-06,33.59102,3.0,0.0,4.2909375140061,-4.2909375140061
114,2022-01-07,34.15289,4.0,17.409,4.362711132699269,13.04628886730073
114,2022-01-08,36.95931,3.0,3.762,4.72120494616659,-0.9592049461665897
114,2022-01-10,20.030803,4.0,0.942,2.55874707074587,-1.61674707074587
114,2022-01-11,57.78836,5.0,17.88,7.381920578681135,10.498079421318863
114,2022-01-12,31.96255,3.0,2.115,4.082915756600892,-1.9679157566008918
114,2022-01-13,56.850500000000004,5.0,1.41,7.262117766593686,-5.852117766593686
114,2022-01-14,32.165609,4.0,8.001,4.1088546379047814,3.892145362095218
114,2022-01-15,0.0,0.0,7.529999999999999,0.0,7.529999999999999
114,2022-01-17,57.74337,6.0,8.472,7.376173528464883,1.0958264715351165
114,2022-01-18,73.22849000000001,8.0,12.234,9.354252262510059,2.879747737489941
114,2022-01-19,48.952529999999996,5.0,15.291,6.253226230775637,9.037773769224362
114,2022-01-20,63.07813,7.0,16.704,8.057639045505425,8.646360954494575
114,2022-01-21,69.04338,6.0,12.468,8.819643742160212,3.6483562578397883
114,2022-01-22,41.95752,4.0,3.294,5.3596793596223415,-2.0656793596223415
114,2022-01-23,0.0,0.0,4.233,0.0,4.233
114,2022-01-24,62.98419,7.0,8.94,8.04563909224215,0.89436090775785
114,2022-01-25,71.87015,7.0,4.002,9.180737077118991,-5.178737077118991
114,2022-01-26,66.54419999999999,5.0,1.647,8.500396954886298,-6.853396954886298
114,2022-01-27,0.296451,1.0,10.587,0.037868832710784686,10.549131167289215
114,2022-01-28,59.89306,6.0,9.177,7.6507762486110344,1.5262237513889652
114,2022-01-29,31.783659999999998,3.0,2.823,4.060064238192681,-1.2370642381926813
114,2022-01-31,75.56041,8.0,11.529,9.652133154714615,1.8768668452853845
114,2022-02-01,24.3581,2.0,2.352,3.1115186457544906,-0.7595186457544907
114,2022-02-02,33.59015,3.0,10.116,4.290826379672068,5.825173620327932
114,2022-02-03,32.66754,4.0,8.232,4.17297161194554,4.059028388054459
114,2022-02-04,59.16745,6.0,10.821,7.558086381809194,3.2629136181908054
114,2022-02-05,51.99712,4.0,0.0,6.642144026239063,-6.642144026239063
114,2022-02-06,0.0,0.0,8.001,0.0,8.001
114,2022-02-07,52.48318,5.0,1.176,6.704233628997711,-5.528233628997711
114,2022-02-08,76.05539999999999,8.0,9.648,9.715363481154771,-0.06736348115477142
114,2022-02-09,53.75054,5.0,4.236,6.8661269733424435,-2.6301269733424437
114,2022-02-10,64.35078,8.0,2.121,8.220208137697322,-6.099208137697321
114,2022-02-11,66.59440000000001,4.0,12.468,8.506809533700611,3.9611904662993886
114,2022-02-12,41.71261,4.0,0.0,5.328394405889014,-5.328394405889014
114,2022-02-13,0.0,0.0,7.998,0.0,7.998
114,2022-02-14,72.52783,7.0,3.5309999999999997,9.264749524023298,-5.733749524023298
114,2022-02-15,64.196,6.0,8.94,8.200436445488576,0.7395635545114239
114,2022-02-16,61.74234,6.0,12.233999999999998,7.887004410956244,4.346995589043754
114,2022-02-17,64.35169,7.0,14.352,8.220324381655908,6.131675618344092
114,2022-02-18,50.58375,5.0,3.2969999999999997,6.461599274868882,-3.1645992748688823
114,2022-02-19,41.876360000000005,4.0,6.351,5.349311931403825,1.0016880685961747
114,2022-02-21,58.75886,6.0,9.174,7.505892844404025,1.6681071555959743
114,2022-02-22,24.79365,3.0,0.0,3.1671560701085397,-3.1671560701085397
114,2022-02-23,13.22671,3.0,0.0,1.689588054363328,-1.689588054363328
114,2022-02-24,68.2955,6.0,14.112,8.724109091888359,5.3878909081116415
114,2022-02-25,52.06122,5.0,4.704,6.650332199585624,-1.9463321995856244
114,2022-02-26,42.54864,4.0,6.351,5.435189391270064,0.9158106087299362
114,2022-02-28,63.974560000000004,7.0,6.582000000000001,8.172149563961861,-1.5901495639618606
114,2022-03-01,58.92005,6.0,0.942,7.526483353947429,-6.584483353947429
114,2022-03-02,48.42588,5.0,0.0,6.185951636501593,-6.185951636501593
114,2022-03-03,75.60694,8.0,4.47,9.658076925476166,-5.1880769254761665
114,2022-03-04,73.6128,7.0,2.355,9.40334425781141,-7.04834425781141
114,2022-03-05,41.97932,4.0,9.411,5.362464105003855,4.048535894996145
114,2022-03-07,76.94639000000001,7.0,11.058,9.82917909067197,1.2288209093280305
114,2022-03-08,75.02901,8.0,9.411,9.584251792524872,-0.17325179252487288
114,2022-03-09,66.49629999999999,5.0,18.117,8.494278179483798,9.622721820516203
114,2022-03-10,64.69142000000001,5.0,2.118,8.263721700392681,-6.145721700392681
114,2022-03-11,74.63339,5.0,12.468,9.533715050881092,2.934284949118908
114,2022-03-12,42.286680000000004,4.0,2.352,5.401726460070921,-3.049726460070921
114,2022-03-14,57.79243,6.0,2.355,7.382440482979427,-5.0274404829794275
114,2022-03-15,45.36125,6.0,4.236,5.794473919136997,-1.558473919136997
114,2022-03-16,43.17365,6.0,1.881,5.515028552320516,-3.6340285523205154
114,2022-03-17,49.092800000000004,4.0,9.174,6.271144406677699,2.9028555933223004
114,2022-03-18,57.68472,5.0,7.293,7.3686815414637,-0.07568154146369999
114,2022-03-19,42.43442,4.0,7.293,5.420598858358298,1.872401141641702
114,2022-03-21,7.09603,2.0,0.0,0.9064512279624944,-0.9064512279624944
114,2022-03-22,0.262392,1.0,48.234,0.033518115144318,48.200481884855684
114,2022-03-23,81.20303,4.0,5.649,10.372924897129138,-4.723924897129138
114,2022-03-24,46.2489,3.0,0.0,5.907862875003996,-5.907862875003996
114,2022-03-25,70.073467,5.0,0.0,8.951227687839443,-8.951227687839443
114,2022-03-26,30.99606,2.0,0.0,3.9594557307394638,-3.9594557307394638
114,2022-03-28,57.05781999999999,5.0,0.0,7.288600950653107,-7.288600950653107
114,2022-03-29,36.3293,2.0,0.0,4.640727082046983,-4.640727082046983
114,2022-03-30,56.45376,4.0,0.0,7.211437955462414,-7.211437955462414
114,2022-03-31,38.4705,2.0,0.0,4.9142452843817095,-4.9142452843817095
114,2022-04-01,71.2757,6.0,0.0,9.10480166922721,-9.10480166922721
114,2022-04-02,43.81541,3.0,0.0,5.597007368652635,-5.597007368652635
114,2022-04-04,72.32571,5.0,0.0,9.238930591155796,-9.238930591155796
114,2022-04-05,58.7358,3.0,0.0,7.502947145849085,-7.502947145849085
114,2022-04-06,72.05449999999999,3.0,0.0,9.204286059278717,-9.204286059278717
114,2022-04-07,51.01465,4.0,0.0,6.516642705368618,-6.516642705368618
114,2022-04-08,71.9848,4.0,0.0,9.195382538494705,-9.195382538494705
114,2022-04-09,30.523159999999997,3.0,0.0,3.89904719445883,-3.89904719445883
114,2022-04-11,62.18073,4.0,0.0,7.943004618653573,-7.943004618653573
114,2022-04-12,72.4582,4.0,0.0,9.255854945082254,-9.255854945082254
114,2022-04-13,57.30324,4.0,0.0,7.319951052099489,-7.319951052099489
114,2022-04-14,75.78800000000001,4.0,0.0,9.68120564101639,-9.68120564101639
114,2022-04-15,71.84497999999999,5.0,0.0,9.177521845868865,-9.177521845868865
114,2022-04-16,29.456923,3.0,0.0,3.7628454255896107,-3.7628454255896107
114,2022-04-18,69.868927,5.0,0.0,8.925099622686473,-8.925099622686473
114,2022-04-19,47.018800000000006,3.0,0.0,6.006210373592409,-6.006210373592409
114,2022-04-20,48.88262,4.0,0.0,6.24429588446272,-6.24429588446272
114,2022-04-21,49.8115,3.0,0.0,6.362951585837968,-6.362951585837968
114,2022-04-22,71.65186,4.0,0.0,9.152852578525843,-9.152852578525843
114,2022-04-23,8.727039999999999,2.0,0.0,1.1147974465268335,-1.1147974465268335
114,2022-04-25,47.9964,2.0,0.0,6.131089597673498,-6.131089597673498
114,2022-04-26,47.071,3.0,0.0,6.012878433634381,-6.012878433634381
114,2022-04-27,69.37870000000001,3.0,0.0,8.862477724789992,-8.862477724789992
114,2022-04-28,75.69731999999999,4.0,0.0,9.669622122154202,-9.669622122154202
114,2022-04-29,25.71185,3.0,0.0,3.2844475017280734,-3.2844475017280734
114,2022-04-30,30.59675,2.0,0.0,3.9084476262306462,-3.9084476262306462
114,2022-05-02,70.164409,3.0,0.0,8.962844674742454,-8.962844674742454
114,2022-05-03,77.56801,6.0,9.414,9.908585211041533,-0.4945852110415334
114,2022-05-04,58.2746,3.0,0.0,7.444033174750273,-7.444033174750273
114,2022-05-05,76.14222,4.0,0.0,9.72645392124757,-9.72645392124757
114,2022-05-06,64.02992,4.0,0.0,8.179221284343539,-8.179221284343539
114,2022-05-07,31.0003,2.0,0.0,3.9599973509421065,-3.9599973509421065
114,2022-05-09,49.57444,4.0,0.0,6.332669395923214,-6.332669395923214
114,2022-05-10,48.084140000000005,4.0,0.0,6.142297559131022,-6.142297559131022
114,2022-05-11,58.5061,3.0,0.0,7.473605126852127,-7.473605126852127
114,2022-05-12,52.052099999999996,3.0,0.0,6.649167205187486,-6.649167205187486
114,2022-05-13,12.4297,1.0,0.0,1.5877775077339609,-1.5877775077339609
114,2022-05-14,30.540480000000002,2.0,0.0,3.9012596618903816,-3.9012596618903816
114,2022-05-16,21.15668,2.0,0.0,2.7025672898239645,-2.7025672898239645
114,2022-05-17,31.23126,4.0,0.0,3.9895003231124915,-3.9895003231124915
114,2022-05-18,20.99144,6.0,0.0,2.6814594307945465,-2.6814594307945465
114,2022-05-19,21.1395,2.0,0.0,2.70037270607835,-2.70037270607835
114,2022-05-20,21.23688,2.0,0.0,2.712812087053203,-2.712812087053203
114,2022-05-21,20.95199,3.0,0.0,2.676420063578917,-2.676420063578917
114,2022-05-23,21.13137,2.0,0.0,2.6993341748879045,-2.6993341748879045
114,2022-05-24,21.2969,1.0,0.0,2.720479078695334,-2.720479078695334
114,2022-05-25,34.04243,5.0,0.0,4.348600904495508,-4.348600904495508
114,2022-05-26,8.16459,2.0,0.0,1.042949738277643,-1.042949738277643
114,2022-05-27,34.30143,4.0,0.0,4.3816857234777125,-4.3816857234777125
114,2022-05-28,25.2275,2.0,0.0,3.222576335419076,-3.222576335419076
114,2022-05-31,32.92156,2.0,0.0,4.205420282670865,-4.205420282670865
114,2022-06-01,32.727455,7.0,0.0,4.180625190823218,-4.180625190823218
114,2022-06-02,31.97374,4.0,0.0,4.08434517406966,-4.08434517406966
114,2022-06-03,21.341,3.0,0.0,2.7261124397652767,-2.7261124397652767
114,2022-06-04,11.74184,2.0,0.0,1.4999098491042366,-1.4999098491042366
114,2022-06-06,32.35992,3.0,2.826,4.133676044318878,-1.3076760443188777
114,2022-06-07,21.234132,4.0,0.0,2.7124610558463953,-2.7124610558463953
114,2022-06-08,21.21776,2.0,0.0,2.710369686516756,-2.710369686516756
114,2022-06-09,21.00304,2.0,0.0,2.6829412219149846,-2.6829412219149846
114,2022-06-10,21.52584,2.0,0.0,2.74972401482578,-2.74972401482578
114,2022-06-11,24.80884,4.0,0.0,3.169096450032631,-3.169096450032631
114,2022-06-12,12.3585,2.0,0.0,1.5786823760292004,-1.5786823760292004
114,2022-06-13,20.936,1.0,0.0,2.674377491163761,-2.674377491163761
114,2022-06-14,20.51869,2.0,0.0,2.6210700556059874,-2.6210700556059874
114,2022-06-15,32.55303,3.0,0.0,4.158344034255763,-4.158344034255763
114,2022-06-16,21.068160000000002,2.0,0.0,2.6912596906876534,-2.6912596906876534
114,2022-06-17,21.37876,4.0,0.0,2.7309359253435312,-2.7309359253435312
114,2022-06-18,12.555132,2.0,0.0,1.6038002684079984,-1.6038002684079984
114,2022-06-20,23.26333,2.0,0.0,2.971672053950834,-2.971672053950834
114,2022-06-21,19.87494,3.0,0.0,2.538837035452344,-2.538837035452344
114,2022-06-22,20.86544,2.0,0.0,2.6653641134518526,-2.6653641134518526
114,2022-06-23,20.90406,2.0,0.0,2.670297455958002,-2.670297455958002
114,2022-06-24,21.27482,3.0,0.0,2.717658565941947,-2.717658565941947
114,2022-06-25,12.0238,1.0,0.0,1.5359275925799976,-1.5359275925799976
114,2022-06-27,4.04865,1.0,0.0,0.5171770361864808,-0.5171770361864808
114,2022-06-28,21.48592,2.0,0.0,2.744624609521651,-2.744624609521651
114,2022-06-29,20.99927,2.0,0.0,2.6824596398008422,-2.6824596398008422
114,2022-06-30,21.021300000000004,2.0,0.0,2.6852737655235375,-2.6852737655235375
114,2022-07-01,21.19286,2.0,0.0,2.7071889452323665,-2.7071889452323665
114,2022-07-02,12.1574,1.0,0.0,1.5529937385878063,-1.5529937385878063
114,2022-07-05,21.29365,2.0,0.0,2.7200639217003832,-2.7200639217003832
114,2022-07-06,21.19314,2.0,0.0,2.7072247126042392,-2.7072247126042392
114,2022-07-07,12.8308,1.0,0.0,1.6390142679415354,-1.6390142679415354
114,2022-07-08,4.16298,1.0,0.0,0.5317816205657678,-0.5317816205657678
114,2022-07-09,11.6758,1.0,0.0,1.491473858966844,-1.491473858966844
114,2022-07-11,21.1657,1.0,0.0,2.7037195101607194,-2.7037195101607194
114,2022-07-12,4.06635,1.0,0.0,0.5194380450512878,-0.5194380450512878
114,2022-07-13,4.39356,1.0,0.0,0.5612360513028971,-0.5612360513028971
114,2022-07-15,21.322,1.0,0.0,2.723685368102489,-2.723685368102489
114,2022-07-16,12.0022,1.0,0.0,1.5331683953212503,-1.5331683953212503
114,2022-07-18,8.29478,2.0,0.0,1.059580288792288,-1.059580288792288
114,2022-07-19,27.8517,2.0,0.0,3.557793254234129,-3.557793254234129
114,2022-07-20,4.24,2.0,0.0,0.5416202026430239,-0.5416202026430239
114,2022-07-21,4.12353,1.0,0.0,0.5267422533501387,-0.5267422533501387
114,2022-07-22,20.66844,2.0,0.0,2.640199212527165,-2.640199212527165
114,2022-07-23,11.9962,1.0,0.0,1.5324019516382648,-1.5324019516382648
114,2022-07-25,8.35857,2.0,0.0,1.0677288625485613,-1.0677288625485613
114,2022-07-26,20.2223,1.0,0.0,2.5832090150726468,-2.5832090150726468
114,2022-07-27,31.19099,3.0,0.0,3.984356208593521,-3.984356208593521
114,2022-07-28,20.80951,2.0,0.0,2.6582195809202904,-2.6582195809202904
114,2022-07-29,20.95403,2.0,0.0,2.676680654431132,-2.676680654431132
114,2022-07-30,12.2704,1.0,0.0,1.567428427950698,-1.567428427950698
114,2022-08-01,4.15283,1.0,0.0,0.5304850533353841,-0.5304850533353841
114,2022-08-02,34.43315,4.0,0.0,4.398511717131518,-4.398511717131518
114,2022-08-06,11.9046,1.0,0.0,1.520700911411354,-1.520700911411354
114,2022-08-08,21.4271,2.0,0.0,2.737110906616117,-2.737110906616117
114,2022-08-09,21.08129,3.0,0.0,2.6929369249472526,-2.6929369249472526
114,2022-08-10,32.42214,3.0,0.0,4.141624065311436,-4.141624065311436
114,2022-08-11,30.785069999999997,2.0,0.0,3.932503738627281,-3.932503738627281
114,2022-08-12,21.440800000000003,2.0,0.0,2.738860953025601,-2.738860953025601
114,2022-08-13,12.6773,1.0,0.0,1.619406083718492,-1.619406083718492
114,2022-08-15,21.64674,2.0,0.0,2.7651678550379364,-2.7651678550379364
114,2022-08-16,21.38718,2.0,0.0,2.7320115013119874,-2.7320115013119874
114,2022-08-17,21.211364,4.0,0.0,2.7095526575506934,-2.7095526575506934
114,2022-08-18,21.6714,3.0,0.0,2.7683179385750063,-2.7683179385750063
114,2022-08-19,21.55343,2.0,0.0,2.753248378361375,-2.753248378361375
114,2022-08-20,13.0994,1.0,0.0,1.6733253968165156,-1.6733253968165156
114,2022-08-22,22.054700999999998,3.0,0.0,2.8172810435970046,-2.8172810435970046
114,2022-08-23,8.49502,2.0,0.0,1.0851590693057878,-1.0851590693057878
114,2022-08-24,21.13955,2.0,0.0,2.7003790931090412,-2.7003790931090412
114,2022-08-25,20.17447,3.0,0.0,2.5770991815131143,-2.5770991815131143
114,2022-08-26,21.18372,2.0,0.0,2.7060213960219524,-2.7060213960219524
114,2022-08-27,12.9118,1.0,0.0,1.6493612576618384,-1.6493612576618384
114,2022-08-29,21.00449,3.0,0.0,2.6831264458050397,-2.6831264458050397
114,2022-08-30,21.22502,3.0,0.0,2.7112970833731684,-2.7112970833731684
114,2022-08-31,21.30425,2.0,0.0,2.7214179722069907,-2.7214179722069907
114,2022-09-01,4.32545,1.0,0.0,0.5525356380948744,-0.5525356380948744
114,2022-09-02,21.28795,2.0,0.0,2.719335800201547,-2.719335800201547
114,2022-09-03,26.2289,2.0,0.0,3.3504957861093416,-3.3504957861093416
114,2022-09-06,21.16222,2.0,0.0,2.703274972824588,-2.703274972824588
114,2022-09-07,21.80538,2.0,0.0,2.7854326260160707,-2.7854326260160707
114,2022-09-08,8.35003,2.0,0.0,1.0666379577064453,-1.0666379577064453
114,2022-09-09,27.142220000000002,3.0,0.0,3.467163843533381,-3.467163843533381
114,2022-09-10,17.27928,2.0,0.0,2.2072658337560256,-2.2072658337560256
114,2022-09-12,21.27404,2.0,0.0,2.717558928263159,-2.717558928263159
114,2022-09-13,4.23266,1.0,0.0,0.540682586537505,-0.540682586537505
114,2022-09-14,21.3902,4.0,0.0,2.732397277965757,-2.732397277965757
114,2022-09-15,19.73234,2.0,0.0,2.520621223920058,-2.520621223920058
114,2022-09-16,21.39074,2.0,0.0,2.7324662578972254,-2.7324662578972254
114,2022-09-17,12.9521,1.0,0.0,1.6545092043992238,-1.6545092043992238
114,2022-09-19,21.21689,4.0,0.0,2.710258552182723,-2.710258552182723
114,2022-09-20,20.03913,2.0,0.0,2.55981076683724,-2.55981076683724
114,2022-09-21,21.14263,3.0,0.0,2.7007725341996403,-2.7007725341996403
114,2022-09-22,21.1481,1.0,0.0,2.7014712753572954,-2.7014712753572954
114,2022-09-23,20.878569999999996,2.0,0.0,2.667041347711452,-2.667041347711452
114,2022-09-24,26.2069,2.0,0.0,3.347685492605062,-3.347685492605062
114,2022-09-26,32.81496,4.0,0.0,4.1918031332364905,-4.1918031332364905
114,2022-09-27,19.41267,3.0,0.0,2.479786381896733,-2.479786381896733
114,2022-09-28,15.769400000000001,2.0,0.0,2.014392835745024,-2.014392835745024
114,2022-09-29,8.10037,2.0,0.0,1.0347462360574224,-1.0347462360574224
114,2022-09-30,20.959110000000003,4.0,0.0,2.6773295767493934,-2.6773295767493934
114,2022-10-01,34.02369,4.0,0.0,4.346207045392317,-4.346207045392317
114,2022-10-03,38.7124,2.0,0.0,4.945145738867405,-4.945145738867405
114,2022-10-04,21.42632,2.0,0.0,2.737011268937329,-2.737011268937329
114,2022-10-05,32.900220000000004,3.0,0.0,4.202694297971714,-4.202694297971714
114,2022-10-06,32.651920000000004,3.0,0.0,4.170976303557501,-4.170976303557501
114,2022-10-07,21.058419999999998,3.0,0.0,2.69001549710894,-2.69001549710894
114,2022-10-08,32.6776,4.0,0.0,4.174256682520678,-4.174256682520678
114,2022-10-10,19.98327,3.0,0.0,2.552675176148646,-2.552675176148646
114,2022-10-11,11.587,1.0,0.0,1.4801304924586598,-1.4801304924586598
114,2022-10-12,32.989869999999996,4.0,0.0,4.214146244001654,-4.214146244001654
114,2022-10-13,21.123289999999997,3.0,0.0,2.6983020307281502,-2.6983020307281502
114,2022-10-14,34.53709,4.0,0.0,4.411789076533102,-4.411789076533102
114,2022-10-15,25.39,2.0,0.0,3.243334185166598,-3.243334185166598
114,2022-10-17,8.46855,2.0,0.0,1.0817777752576838,-1.0817777752576838
114,2022-10-18,8.47072,2.0,0.0,1.0820549723896968,-1.0820549723896968
114,2022-10-19,36.34471,4.0,0.0,4.642695564906116,-4.642695564906116
114,2022-10-20,34.16789,4.0,0.0,4.364627241906733,-4.364627241906733
114,2022-10-21,34.339256,5.0,0.0,4.386517639936479,-4.386517639936479
114,2022-10-22,33.01033,4.0,0.0,4.216759816960635,-4.216759816960635
114,2022-10-24,17.4651,2.0,0.0,2.231002594618084,-2.231002594618084
114,2022-10-25,21.29402,3.0,0.0,2.7201111857275007,-2.7201111857275007
114,2022-10-26,21.056794,3.0,0.0,2.689807790870851,-2.689807790870851
114,2022-10-27,20.33824,2.0,0.0,2.598019261840201,-2.598019261840201
114,2022-10-28,21.31974,2.0,0.0,2.7233966743152314,-2.7233966743152314
114,2022-10-29,13.0342,1.0,0.0,1.6649967087947408,-1.6649967087947408
114,2022-10-31,32.84662,3.0,0.0,4.1958474010703775,-4.1958474010703775
114,2022-11-01,37.7721,2.0,0.0,4.825031239682208,-4.825031239682208
114,2022-11-02,21.572,2.0,0.0,2.7556205215602145,-2.7556205215602145
114,2022-11-03,4.29598,1.0,0.0,0.5487711222052778,-0.5487711222052778
114,2022-11-04,21.16245,2.0,0.0,2.703304353165769,-2.703304353165769
114,2022-11-05,24.7159,1.0,0.0,3.157224237383187,-3.157224237383187
114,2022-11-07,35.2679,4.0,0.0,4.505143194526863,-4.505143194526863
114,2022-11-08,34.7111,4.0,6.825,4.434017220745817,2.390982779254183
114,2022-11-09,20.815996000000002,6.0,0.0,2.6590481065415976,-2.6590481065415976
114,2022-11-10,34.28006,3.0,3.765,4.3789559065601456,-0.6139559065601454
114,2022-11-11,21.361069999999998,2.0,0.0,2.7286761938848625,-2.7286761938848625
114,2022-11-12,13.1232,1.0,0.0,1.6763656234256912,-1.6763656234256912
114,2022-11-14,21.20158,2.0,0.0,2.708302843384972,-2.708302843384972
114,2022-11-15,4.44078,1.0,0.0,0.5672679630879923,-0.5672679630879923
114,2022-11-16,21.81552,2.0,0.0,2.786727915840316,-2.786727915840316
114,2022-11-17,4.27811,1.0,0.0,0.5464883974361195,-0.5464883974361195
114,2022-11-18,12.953,1.0,0.0,1.6546241709516716,-1.6546241709516716
114,2022-11-19,13.206744,2.0,0.0,1.68703758526758,-1.68703758526758
114,2022-11-21,3.99873,1.0,0.0,0.5108002247440422,-0.5108002247440422
114,2022-11-22,8.54099,2.0,0.0,1.0910313053235945,-1.0910313053235945
114,2022-11-23,8.50788,2.0,0.0,1.0868018135996533,-1.0868018135996533
114,2022-11-25,8.23207,2.0,0.0,1.0515696748989523,-1.0515696748989523
114,2022-11-26,12.7639,1.0,0.0,1.630468420876248,-1.630468420876248
114,2022-11-28,21.10615,2.0,0.0,2.696112556607089,-2.696112556607089
114,2022-11-29,21.5413,1.0,0.0,2.751698884715606,-2.751698884715606
114,2022-11-30,20.98104,2.0,0.0,2.680130928410705,-2.680130928410705
114,2022-12-01,21.38146,2.0,0.0,2.7312808250008747,-2.7312808250008747
114,2022-12-02,33.33411,3.0,0.0,4.258119672906804,-4.258119672906804
114,2022-12-03,24.9573,2.0,0.0,3.1880608215619666,-3.1880608215619666
114,2022-12-05,21.22671,2.0,0.0,2.7115129650105425,-2.7115129650105425
114,2022-12-06,21.309969,3.0,0.0,2.7221485207774894,-2.7221485207774894
114,2022-12-07,32.92021,5.0,0.0,4.205247832842193,-4.205247832842193
114,2022-12-08,30.2641,2.0,0.0,3.8659547110397967,-3.8659547110397967
114,2022-12-09,3.98944,2.0,0.0,0.5096135144415531,-0.5096135144415531
114,2022-12-10,15.734110000000001,2.0,0.0,2.0098848694829314,-2.0098848694829314
114,2022-12-12,34.21078,3.0,0.0,4.37010603683394,-4.37010603683394
114,2022-12-13,21.41834,3.0,0.0,2.735991898838958,-2.735991898838958
114,2022-12-14,20.89214,2.0,0.0,2.668774787841138,-2.668774787841138
114,2022-12-15,34.85592,4.0,7.059,4.452516616440808,2.6064833835591923
114,2022-12-16,20.95675,3.0,0.0,2.6770281089007524,-2.6770281089007524
114,2022-12-17,32.71889,4.0,2.589,4.179531092465757,-1.5905310924657567
114,2022-12-19,8.22382,2.0,0.0,1.0505158148348472,-1.0505158148348472
114,2022-12-20,8.250589999999999,2.0,0.0,1.0539354310671003,-1.0539354310671003
114,2022-12-21,8.394580000000001,2.0,0.0,1.0723288020526123,-1.0723288020526123
114,2022-12-23,8.063649999999999,2.0,0.0,1.0300556007175516,-1.0300556007175516
114,2022-12-24,21.36638,3.0,0.0,2.7293544965443046,-2.7293544965443046
114,2022-12-26,4.24354,1.0,0.0,0.5420724044159853,-0.5420724044159853
114,2022-12-28,8.3582,2.0,0.0,1.0676815985214438,-1.0676815985214438
114,2022-12-29,7.88824,2.0,0.0,1.0076486196454733,-1.0076486196454733
114,2022-12-30,8.23757,2.0,0.0,1.0522722482750222,-1.0522722482750222
114,2022-12-31,16.91722,2.0,2.823,2.1610160671124095,0.6619839328875905
114,2023-01-02,8.52222,1.0,0.0,1.0886336140019885,-1.0886336140019885
114,2023-01-03,4.39076,1.0,0.0,0.5608783775841706,-0.5608783775841706
114,2023-01-04,4.17052,1.0,0.0,0.5327447847940527,-0.5327447847940527
114,2023-01-05,4.50139,1.0,0.0,0.5750103216922833,-0.5750103216922833
114,2023-01-06,8.06629,2.0,0.0,1.0303928359380654,-1.0303928359380654
114,2023-01-07,20.03538,3.0,0.0,2.5593317395353745,-2.5593317395353745
114,2023-01-09,8.391829999999999,2.0,0.0,1.071977515364577,-1.071977515364577
114,2023-01-10,8.13827,2.0,0.0,1.0395876053216135,-1.0395876053216135
114,2023-01-11,8.05447,2.0,0.0,1.028882941882584,-1.028882941882584
114,2023-01-12,8.13874,2.0,0.0,1.039647643410114,-1.039647643410114
114,2023-01-13,4.03606,1.0,0.0,0.5155687818583498,-0.5155687818583498
114,2023-01-14,28.44514,3.0,0.0,3.633599644105939,-3.633599644105939
114,2023-01-16,54.6731,4.0,0.0,6.98397535403828,-6.98397535403828
114,2023-01-17,47.505120000000005,4.0,0.0,6.068333188910652,-6.068333188910652
114,2023-01-18,39.4538,3.0,0.0,5.0398526299616355,-5.0398526299616355
114,2023-01-19,32.55599,3.0,0.0,4.158722146472702,-4.158722146472702
114,2023-01-20,30.8444,2.0,0.0,3.940082589245869,-3.940082589245869
114,2023-01-21,16.49518,4.0,0.0,2.1071044184512155,-2.1071044184512155
114,2023-01-23,33.548199999999994,4.0,0.0,4.285467660921861,-4.285467660921861
114,2023-01-24,43.176339999999996,4.0,0.0,5.51537217457172,-5.51537217457172
114,2023-01-25,38.4711,3.0,0.0,4.914321928750008,-4.914321928750008
114,2023-01-26,43.09961,4.0,0.0,5.505570637272475,-5.505570637272475
114,2023-01-27,34.084559999999996,3.0,0.0,4.353982616556204,-4.353982616556204
114,2023-01-28,7.9955,2.0,0.0,1.0213500778849758,-1.0213500778849758
114,2023-01-30,12.9143,1.0,0.0,1.6496806091964158,-1.6496806091964158
114,2023-01-31,36.5627,3.0,0.0,4.670541741315115,-4.670541741315115
114,2023-02-01,42.865610000000004,4.0,2.118,5.475679333636045,-3.3576793336360455
114,2023-02-02,55.51482,5.0,0.0,7.091497183512026,-7.091497183512026
114,2023-02-03,38.6413,3.0,4.236,4.936063381224028,-0.7000633812240284
114,2023-02-04,16.53329,4.0,1.647,2.1119726132443115,-0.4649726132443115
114,2023-02-06,13.1269,1.0,0.0,1.6768382636968653,-1.6768382636968653
114,2023-02-07,56.40354,5.0,0.0,7.205022821835826,-7.205022821835826
114,2023-02-08,47.26714,4.0,0.0,6.0379334776311735,-6.0379334776311735
114,2023-02-09,43.31606,4.0,0.0,5.533220093136174,-5.533220093136174
114,2023-02-10,34.93602,3.0,0.0,4.462748639608663,-4.462748639608663
114,2023-02-11,12.209470000000001,3.0,0.0,1.5596451923499814,-1.5596451923499814
114,2023-02-13,37.7179,3.0,0.0,4.818107698412573,-4.818107698412573
114,2023-02-14,21.43975,2.0,0.0,2.738726825381078,-2.738726825381078
114,2023-02-15,52.001900000000006,3.0,7.767,6.642754626373176,1.1242453736268248
114,2023-02-16,34.30726,3.0,0.0,4.3824304512563454,-4.3824304512563454
114,2023-02-17,46.09634,4.0,2.826,5.888374766957954,-3.0623747669579537
114,2023-02-18,12.650659999999998,3.0,0.0,1.6160030737660367,-1.6160030737660367
114,2023-02-20,49.796,4.0,0.0,6.360971606323589,-6.360971606323589
114,2023-02-21,55.57055,5.0,0.0,7.098616167920823,-7.098616167920823
114,2023-02-22,36.7008,3.0,5.649,4.6881827200851625,0.9608172799148376
114,2023-02-23,34.41526,3.0,0.0,4.396226437550084,-4.396226437550084
114,2023-02-24,48.82404,4.0,0.0,6.236812839304505,-6.236812839304505
114,2023-02-25,16.62444,4.0,0.0,2.123616170194998,-2.123616170194998
114,2023-02-27,30.98315,3.0,0.0,3.9578065994149063,-3.9578065994149063
114,2023-02-28,25.2138,2.0,0.0,3.220826289009593,-3.220826289009593
114,2023-03-01,38.3136,3.0,0.0,4.894202782071641,-4.894202782071641
114,2023-03-02,30.678289999999997,3.0,0.0,3.9188635958824176,-3.9188635958824176
114,2023-03-03,67.00089,7.0,6.825,8.558734815816733,-1.7337348158167325
114,2023-03-04,12.54988,3.0,0.0,1.6031293747041584,-1.6031293747041584
114,2023-03-06,46.51245,4.0,0.0,5.9415289137791305,-5.9415289137791305
114,2023-03-07,30.0965,2.0,0.0,3.844545384161737,-3.844545384161737
114,2023-03-08,67.4414,5.0,0.0,8.615005833615385,-8.615005833615385
114,2023-03-09,34.32964,3.0,0.0,4.385289286193881,-4.385289286193881
114,2023-03-10,38.8299,3.0,0.0,4.960155260992536,-4.960155260992536
114,2023-03-11,16.320880000000002,2.0,0.0,2.08483922946049,-2.08483922946049
114,2023-03-13,42.128299999999996,3.0,0.0,5.381494901652382,-5.381494901652382
114,2023-03-14,17.73546,2.0,0.0,2.2655385469734064,-2.2655385469734064
114,2023-03-15,34.41536,4.0,0.0,4.396239211611467,-4.396239211611467
114,2023-03-16,31.22882,3.0,0.0,3.9891886360147444,-3.9891886360147444
114,2023-03-17,45.16215,4.0,0.0,5.769040762923264,-5.769040762923264
114,2023-03-18,12.392800000000001,2.0,0.0,1.5830638790836007,-1.5830638790836007
114,2023-03-20,22.79092,3.0,0.0,2.9113261105709776,-2.9113261105709776
114,2023-03-21,47.12707,5.0,0.0,6.02004084985188,-6.02004084985188
114,2023-03-22,46.58864,4.0,0.0,5.951261471146907,-5.951261471146907
114,2023-03-23,44.154464000000004,6.0,0.0,5.6403183347344585,-5.6403183347344585
114,2023-03-24,46.17691,5.0,0.0,5.89866682821431,-5.89866682821431
114,2023-03-25,7.995,2.0,0.0,1.0212862075780602,-1.0212862075780602
114,2023-03-27,67.62827,5.0,0.0,8.638876722121966,-8.638876722121966
114,2023-03-28,68.88771,6.0,0.0,8.799758360805155,-8.799758360805155
114,2023-03-29,67.02268,7.0,0.0,8.561518283792108,-8.561518283792108
114,2023-03-30,67.42975,6.0,0.0,8.613517655464253,-8.613517655464253
114,2023-03-31,38.5907,3.0,0.0,4.929599706164184,-4.929599706164184
114,2023-04-01,16.510468,5.0,0.0,2.1090573169554623,-2.1090573169554623
114,2023-04-03,67.08049,6.0,0.0,8.568902968677673,-8.568902968677673
114,2023-04-04,24.06698,3.0,21.177,3.0743307982560384,18.10266920174396
114,2023-04-05,58.38927,6.0,0.0,7.458681190938263,-7.458681190938263
114,2023-04-06,67.013886,7.0,0.0,8.560394932834079,-8.560394932834079
114,2023-04-07,68.21267,6.0,0.0,8.713528336844744,-8.713528336844744
114,2023-04-08,16.46174,3.0,0.0,2.10283277232471,-2.10283277232471
114,2023-04-10,69.13725,7.0,0.0,8.831634753580518,-8.831634753580518
114,2023-04-11,67.13037,6.0,0.0,8.575274670495558,-8.575274670495558
114,2023-04-12,59.2885,6.0,0.0,7.573549383113424,-7.573549383113424
114,2023-04-13,25.1401,2.0,14.115,3.211411805770256,10.903588194229744
114,2023-04-14,34.4067,3.0,0.0,4.395132977895691,-4.395132977895691
114,2023-04-15,8.643693,3.0,0.0,1.1041506495858695,-1.1041506495858695
114,2023-04-17,43.413641,4.0,0.0,5.545685149974408,-5.545685149974408
114,2023-04-18,34.913862,4.0,0.0,4.459918163087399,-4.459918163087399
114,2023-04-19,50.13204,4.0,0.0,6.403897562195326,-6.403897562195326
114,2023-04-20,25.792748,3.0,0.0,3.294781461905766,-3.294781461905766
114,2023-04-21,18.1546,1.0,0.0,2.3190797478544907,-2.3190797478544907
114,2023-04-22,8.25262,2.0,0.0,1.0541947445131772,-1.0541947445131772
114,2023-04-24,24.5385,2.0,0.0,3.134563052489585,-3.134563052489585
114,2023-04-25,12.8329,1.0,0.0,1.6392825232305803,-1.6392825232305803
114,2023-04-26,36.30292,4.0,0.0,4.637357284654123,-4.637357284654123
114,2023-04-27,25.302799999999998,2.0,0.0,3.232195203640543,-3.232195203640543
114,2023-04-28,26.1032,2.0,0.0,3.3344387909507973,-3.3344387909507973
114,2023-04-29,13.293539,4.0,0.0,1.6981248318450333,-1.6981248318450333
114,2023-05-01,33.87232,3.0,0.0,4.326870948676734,-4.326870948676734
114,2023-05-02,36.7754,3.0,0.0,4.697712169876947,-4.697712169876947
114,2023-05-03,34.6321,3.0,0.0,4.423925712253176,-4.423925712253176
114,2023-05-04,26.4788,2.0,0.0,3.3824181655056837,-3.3824181655056837
114,2023-05-05,12.8723,1.0,0.0,1.6443155034155177,-1.6443155034155177
114,2023-05-06,18.076417,5.0,0.0,2.309092603443349,-2.309092603443349
114,2023-05-08,25.042499999999997,2.0,0.0,3.1989443218603593,-3.1989443218603593
114,2023-05-09,34.48911,3.0,0.0,4.405660081881495,-4.405660081881495
114,2023-05-10,35.71789,3.0,0.0,4.562625193344631,-4.562625193344631
114,2023-05-11,34.88772,3.0,0.0,4.4565787679606315,-4.4565787679606315
114,2023-05-12,37.7862,3.0,0.0,4.826832382337224,-4.826832382337224
114,2023-05-13,17.197271999999998,5.0,0.0,2.1967900814969807,-2.1967900814969807
114,2023-05-15,41.717763,5.0,2.118,5.329052653272085,-3.2110526532720853
114,2023-05-16,37.1772,3.0,0.0,4.749038348514204,-4.749038348514204
114,2023-05-17,18.013875,3.0,0.0,2.301103449973137,-2.301103449973137
114,2023-05-18,30.545297,4.0,0.0,3.901874988427205,-3.901874988427205
114,2023-05-19,13.2296,1.0,0.0,1.6899572247372991,-1.6899572247372991
114,2023-05-20,22.220332,4.0,0.0,2.838438849206431,-2.838438849206431
114,2023-05-22,16.80759,2.0,0.0,2.1470118636181277,-2.1470118636181277
114,2023-05-23,29.001399999999997,3.0,0.0,3.7046566379555164,-3.7046566379555164
114,2023-05-24,29.72822,5.0,0.0,3.797501070900093,-3.797501070900093
114,2023-05-25,29.70548,3.0,0.0,3.7945962493415784,-3.7945962493415784
114,2023-05-26,29.0852,2.0,0.0,3.7153613013945463,-3.7153613013945463
114,2023-05-27,8.909907,3.0,0.0,1.1381569893562493,-1.1381569893562493
114,2023-05-29,12.2667,1.0,0.0,1.5669557876795237,-1.5669557876795237
114,2023-05-30,20.99194,3.0,0.0,2.681523301101462,-2.681523301101462
114,2023-05-31,28.13964,3.0,0.0,3.594574886580599,-3.594574886580599
114,2023-06-01,30.19366,3.0,0.0,3.856956662201548,-3.856956662201548
114,2023-06-02,32.99078,4.0,0.0,4.21426248796024,-4.21426248796024
114,2023-06-03,21.12888,2.0,0.0,2.6990161007594655,-2.6990161007594655
114,2023-06-05,43.399280000000005,4.0,0.0,5.543850667019183,-5.543850667019183
114,2023-06-06,25.9797,2.0,0.0,3.318662825142681,-3.318662825142681
114,2023-06-07,26.4574,3.0,0.0,3.3796845163697027,-3.3796845163697027
114,2023-06-08,13.0474,1.0,0.0,1.6666828848973088,-1.6666828848973088
114,2023-06-09,26.4309,2.0,0.0,3.376299390103184,-3.376299390103184
114,2023-06-10,30.32192,3.0,0.0,3.8733406733314992,-3.8733406733314992
114,2023-06-11,8.27769,1.0,0.0,1.057397201701918,-1.057397201701918
114,2023-06-12,25.847,2.0,0.0,3.30171164568732,-3.30171164568732
114,2023-06-13,52.67532,5.0,0.0,6.72877771053918,-6.72877771053918
114,2023-06-14,24.7516,2.0,0.0,3.16178457729695,-3.16178457729695
114,2023-06-15,12.6875,1.0,0.0,1.6207090379795672,-1.6207090379795672
114,2023-06-16,26.451999999999998,2.0,0.0,3.3789947170550154,-3.3789947170550154
114,2023-06-17,21.05202,2.0,0.0,2.689197957180422,-2.689197957180422
114,2023-06-19,12.5717,1.0,0.0,1.6059166748979488,-1.6059166748979488
114,2023-06-20,33.894400000000005,4.0,0.0,4.32969146143012,-4.32969146143012
114,2023-06-21,19.223489999999998,2.0,0.0,2.455620412572203,-2.455620412572203
114,2023-06-22,34.88743,4.0,0.0,4.45654172318262,-4.45654172318262
114,2023-06-23,26.744100000000003,2.0,0.0,3.4163077503550228,-3.4163077503550228
114,2023-06-24,22.129462999999998,4.0,0.0,2.8268311873682306,-2.8268311873682306
114,2023-06-26,17.456319999999998,2.0,0.0,2.2298810320286484,-2.2298810320286484
114,2023-06-27,49.617689999999996,4.0,0.0,6.3381941774714,-6.3381941774714
114,2023-06-28,29.79699,3.0,0.0,3.8062857929132443,-3.8062857929132443
114,2023-06-29,35.02193,5.0,0.0,4.473722835742876,-4.473722835742876
114,2023-06-30,25.7714,2.0,0.0,3.2920544552817037,-3.2920544552817037
114,2023-07-19,49.8575,4.0,0.0,6.368827654074189,-6.368827654074189
114,2023-07-20,33.0276,2.0,0.0,4.218965897361494,-4.218965897361494
114,2023-07-21,57.855599999999995,3.0,0.0,7.3905098575551245,-7.3905098575551245
114,2023-07-22,7.88106,2.0,0.0,1.0067314420381672,-1.0067314420381672
114,2023-07-24,37.0969,2.0,0.0,4.738780777223583,-4.738780777223583
114,2023-07-25,47.03256,4.0,0.0,6.007968084438721,-6.007968084438721
114,2023-07-26,41.37095,4.0,0.0,5.284750547767549,-5.284750547767549
114,2023-07-27,43.693889999999996,4.0,0.0,5.5814843292599035,-5.5814843292599035
114,2023-07-28,46.2898,4.0,0.0,5.913087466109681,-5.913087466109681
114,2023-07-29,34.27378,4.0,0.0,4.378153695505287,-4.378153695505287
114,2023-07-31,55.927710000000005,5.0,0.0,7.144240005556668,-7.144240005556668
114,2023-08-01,55.5262,4.0,0.0,7.092950871697423,-7.092950871697423
114,2023-08-02,32.90412,3.0,0.0,4.203192486365654,-4.203192486365654
114,2023-08-03,56.25238,5.0,0.0,7.1857135506491465,-7.1857135506491465
114,2023-08-04,59.5489,4.0,0.0,7.606813038954992,-7.606813038954992
114,2023-08-05,33.90227,4.0,0.0,4.330696780060969,-4.330696780060969
114,2023-08-07,41.33034,4.0,0.0,5.279563001439876,-5.279563001439876
114,2023-08-08,34.410039999999995,4.0,0.0,4.395559631545885,-4.395559631545885
114,2023-08-09,56.38683,5.0,0.0,7.202888276178712,-7.202888276178712
114,2023-08-10,47.89902,5.0,0.0,6.1186502166986445,-6.1186502166986445
114,2023-08-11,59.36063,5.0,0.0,7.582763313589047,-7.582763313589047
114,2023-08-12,33.709241,5.0,0.0,4.306039137113803,-4.306039137113803
114,2023-08-14,94.48866,8.0,0.0,12.070039428459381,-12.070039428459381
114,2023-08-15,77.84808,7.0,0.0,9.944361524757154,-9.944361524757154
114,2023-08-16,36.9002,3.0,0.0,4.713654198483044,-4.713654198483044
114,2023-08-17,110.3138,8.0,0.0,14.09155252601934,-14.09155252601934
114,2023-08-18,54.16452,5.0,0.0,6.91900903265616,-6.91900903265616
114,2023-08-19,21.344549999999998,3.0,0.0,2.726565918944376,-2.726565918944376
114,2023-08-21,66.27817,5.0,0.0,8.466414119388864,-8.466414119388864
114,2023-08-22,57.88746,6.0,0.0,7.394579673511777,-7.394579673511777
114,2023-08-23,54.58969,5.0,0.0,6.973320509438644,-6.973320509438644
114,2023-08-24,96.46474,8.0,0.0,12.322465100638352,-12.322465100638352
114,2023-08-25,87.63619,7.0,0.0,11.194700704401543,-11.194700704401543
114,2023-08-26,33.945198000000005,4.0,0.0,4.3361804291315025,-4.3361804291315025
114,2023-08-28,78.2583,8.0,0.0,9.996763279362867,-9.996763279362867
114,2023-08-29,48.3215,4.0,0.0,6.172618071229924,-6.172618071229924
114,2023-08-30,80.786831,8.0,0.0,10.31975938139333,-10.31975938139333
114,2023-08-31,65.22962,5.0,0.0,8.332471698756471,-8.332471698756471
114,2023-09-01,78.45341,7.0,0.0,10.021686750527413,-10.021686750527413
114,2023-09-02,22.294464,3.0,0.0,2.8479085163909437,-2.8479085163909437
114,2023-09-04,8.08711,2.0,0.0,1.0330523955180246,-1.0330523955180246
114,2023-09-05,83.42135999999999,8.0,0.0,10.656295733008642,-10.656295733008642
114,2023-09-06,43.211200000000005,3.0,0.0,5.519825212369867,-5.519825212369867
114,2023-09-07,62.524100000000004,4.0,0.0,7.986866913224691,-7.986866913224691
114,2023-09-08,77.33392,6.0,0.0,9.878682410749859,-9.878682410749859
114,2023-09-09,21.61355,3.0,0.0,2.7609281440648887,-2.7609281440648887
114,2023-09-11,79.63216,7.0,0.0,10.172260999080589,-10.172260999080589
114,2023-09-12,59.27738,4.0,0.0,7.572128907487625,-7.572128907487625
114,2023-09-13,107.043167,11.0,0.0,13.673759858983736,-13.673759858983736
114,2023-09-14,66.468561,9.0,0.0,8.490734782596743,-8.490734782596743
114,2023-09-15,95.68704,5.0,0.0,12.223121225262059,-12.223121225262059
114,2023-09-16,21.521729999999998,3.0,0.0,2.749199000902935,-2.749199000902935
114,2023-09-18,25.5614,2.0,0.0,3.2652289263772145,-3.2652289263772145
114,2023-09-19,83.61132,8.0,0.0,10.68056134001196,-10.68056134001196
114,2023-09-20,107.1853,10.0,0.0,13.691916015649364,-13.691916015649364
114,2023-09-21,71.89462,6.0,0.0,9.183862889939434,-9.183862889939434
114,2023-09-22,78.94460000000001,6.0,0.0,10.084431662635016,-10.084431662635016
114,2023-09-23,51.25616,4.0,0.0,6.547493341014919,-6.547493341014919
114,2023-09-25,78.09637000000001,6.0,0.0,9.97607824176523,-9.97607824176523
114,2023-09-26,83.03902,8.0,0.0,10.607455386716534,-10.607455386716534
114,2023-09-27,52.59012,5.0,0.0,6.717894210240788,-6.717894210240788
114,2023-09-28,80.36338,7.0,0.0,10.265667490726022,-10.265667490726022
114,2023-09-29,55.52945,4.0,0.0,7.0933660286923725,-7.0933660286923725
114,2023-09-30,24.98531,4.0,0.0,3.19163883615537,-3.19163883615537
114,2023-10-02,46.7204,5.0,0.0,5.968092574425267,-5.968092574425267
114,2023-10-03,82.78879,8.0,0.0,10.57549085291763,-10.57549085291763
114,2023-10-04,96.81413,9.0,0.0,12.367096393704731,-12.367096393704731
114,2023-10-05,66.89785,6.0,0.0,8.545572422967599,-8.545572422967599
114,2023-10-06,104.79749,7.0,0.0,13.386895700537798,-13.386895700537798
114,2023-10-07,34.554157000000004,6.0,0.0,4.413969225589354,-4.413969225589354
114,2023-10-09,78.65420999999999,8.0,0.0,10.047337065784658,-10.047337065784658
114,2023-10-10,81.45586,7.0,0.0,10.405221556524005,-10.405221556524005
114,2023-10-11,66.28153999999999,6.0,0.0,8.466844605257473,-8.466844605257473
114,2023-10-12,84.41807,7.0,0.0,10.78361608022004,-10.78361608022004
114,2023-10-13,105.759372,13.0,0.0,13.509767097650693,-13.509767097650693
114,2023-10-14,42.451976,7.0,0.0,5.422841472574714,-5.422841472574714
114,2023-10-16,101.647859,8.0,0.0,12.98455990325696,-12.98455990325696
114,2023-10-17,104.76954,10.0,0.0,13.383325350381226,-13.383325350381226
114,2023-10-18,60.96831,7.0,0.0,7.788129343632712,-7.788129343632712
114,2023-10-19,94.77333,8.0,0.0,12.106403348998626,-12.106403348998626
114,2023-10-20,72.71507,6.0,0.0,9.288667676556996,-9.288667676556996
114,2023-10-21,33.846604,5.0,0.0,4.3235859710514575,-4.3235859710514575
114,2023-10-23,90.31072999999999,5.0,0.0,11.536348085716842,-11.536348085716842
114,2023-10-24,53.55112,5.0,0.0,6.840652940132284,-6.840652940132284
114,2023-10-25,64.65441,6.0,0.0,8.258994020274798,-8.258994020274798
114,2023-10-26,107.83524,7.0,0.0,13.77493975020262,-13.77493975020262
114,2023-10-27,76.82024,7.0,0.0,9.813064612237199,-9.813064612237199
114,2023-10-28,30.739539999999998,4.0,0.0,3.9266877084795606,-3.9266877084795606
114,2023-10-30,41.88734,5.0,0.0,5.350714523343688,-5.350714523343688
114,2023-10-31,101.1589,7.0,0.0,12.922099980458817,-12.922099980458817
114,2023-11-01,53.391310000000004,5.0,0.0,6.820238712635969,-6.820238712635969
114,2023-11-02,56.2567,6.0,0.0,7.186265390100896,-7.186265390100896
114,2023-11-03,81.56765,7.0,0.0,10.419501679744162,-10.419501679744162
114,2023-11-04,29.64011,5.0,0.0,3.7862458454154524,-3.7862458454154524
114,2023-11-06,90.1694,5.0,0.0,11.518294504764121,-11.518294504764121
114,2023-11-07,77.6265,6.0,0.0,9.916056759544501,-9.916056759544501
114,2023-11-08,76.59227,7.0,0.0,9.783943584502168,-9.783943584502168
114,2023-11-09,78.3083,6.0,0.0,10.003150310054412,-10.003150310054412
114,2023-11-10,78.54939,6.0,0.0,10.033947294642903,-10.033947294642903
114,2023-11-11,38.184994,4.0,0.0,4.8777745726893045,-4.8777745726893045
114,2023-11-13,63.1193,4.0,0.0,8.062898126576844,-8.062898126576844
114,2023-11-14,42.7889,3.0,0.0,5.465880351149076,-5.465880351149076
114,2023-11-15,39.89407,4.0,0.0,5.096092990012966,-5.096092990012966
114,2023-11-16,82.03421,7.0,0.0,10.479100340533106,-10.479100340533106
114,2023-11-17,65.14156,6.0,0.0,8.321222860302523,-8.321222860302523
114,2023-11-18,29.893900000000002,4.0,0.0,3.818665135799597,-3.818665135799597
114,2023-11-20,64.2191,5.0,0.0,8.203387253668069,-8.203387253668069
114,2023-11-21,21.38335,3.0,0.0,2.731522254761015,-2.731522254761015
114,2023-11-22,58.22423,5.0,0.0,7.437598880031611,-7.437598880031611
114,2023-11-23,3.94103,1.0,0.0,0.5034295913259991,-0.5034295913259991
114,2023-11-24,16.729860000000002,2.0,0.0,2.137082585705052,-2.137082585705052
114,2023-11-25,27.35692,5.0,0.0,3.494589753322875,-3.494589753322875
114,2023-11-27,77.03077,7.0,0.0,9.839957843667019,-9.839957843667019
114,2023-11-28,36.471,3.0,0.0,4.658827927026821,-4.658827927026821
114,2023-11-29,64.90917,6.0,0.0,8.29153721905436,-8.29153721905436
114,2023-11-30,54.1399,4.0,0.0,6.915864058743643,-6.915864058743643
114,2023-12-01,44.13456,5.0,0.0,5.637775785556768,-5.637775785556768
114,2023-12-02,30.003349999999998,3.0,0.0,3.8326463459833886,-3.8326463459833886
114,2023-12-04,84.04794,7.0,0.0,10.736335446822808,-10.736335446822808
114,2023-12-05,110.6341,7.0,0.0,14.132467844629378,-14.132467844629378
114,2023-12-06,52.85994,4.0,0.0,6.752361182664642,-6.752361182664642
114,2023-12-07,38.5098,2.0,0.0,4.919265490505264,-4.919265490505264
114,2023-12-08,61.8855,5.0,0.0,7.905291757232276,-7.905291757232276
114,2023-12-09,34.51087,3.0,0.0,4.408439717638456,-4.408439717638456
114,2023-12-11,54.00783,4.0,0.0,6.898993355874996,-6.898993355874996
114,2023-12-12,38.0767,2.0,0.0,4.863941030655101,-4.863941030655101
114,2023-12-13,37.2428,3.0,0.0,4.7574181327815115,-4.7574181327815115
114,2023-12-14,103.2393,5.0,0.0,13.187851553472626,-13.187851553472626
114,2023-12-15,105.187,8.0,0.0,13.436651947031073,-13.436651947031073
114,2023-12-16,43.43159,6.0,0.0,5.547977966252058,-5.547977966252058
114,2023-12-18,79.0471,5.0,0.0,10.097525075552682,-10.097525075552682
114,2023-12-19,52.2584,4.0,0.0,6.6755200938208015,-6.6755200938208015
114,2023-12-20,54.99523,4.0,0.0,7.025124437971629,-7.025124437971629
114,2023-12-21,29.40513,3.0,0.0,3.756229355977467,-3.756229355977467
114,2023-12-22,68.20519999999999,5.0,0.0,8.712574114459425,-8.712574114459425
114,2023-12-23,25.7101,4.0,0.0,3.2842239556538697,-3.2842239556538697
114,2023-12-25,8.516,1.0,0.0,1.0878390673839602,-1.0878390673839602
114,2023-12-26,36.1807,2.0,0.0,4.621744826831711,-4.621744826831711
114,2023-12-27,68.0842,5.0,0.0,8.697117500185888,-8.697117500185888
114,2023-12-28,38.8936,3.0,0.0,4.968292338093564,-4.968292338093564
114,2023-12-29,38.3969,3.0,0.0,4.904843575203755,-4.904843575203755
114,2023-12-30,30.37003,4.0,0.0,3.879486274262904,-3.879486274262904
118,2021-01-21,32.40005,4.0,7.53,3.836865809132782,3.693134190867218
118,2021-01-22,52.88312,6.0,0.0,6.262503761823392,-6.262503761823392
118,2021-01-23,49.828500000000005,3.0,6.354,5.900770769501061,0.4532292304989394
118,2021-01-25,52.98836,5.0,0.0,6.274966451163475,-6.274966451163475
118,2021-01-26,15.056799999999999,2.0,9.411,1.7830503692108643,7.627949630789136
118,2021-01-27,50.812780000000004,5.0,1.881,6.0173307834088545,-4.136330783408854
118,2021-01-28,52.51151,6.0,4.236,6.218497110496255,-1.9824971104962552
118,2021-01-29,39.23861,5.0,0.0,4.646699036171107,-4.646699036171107
118,2021-01-30,16.44855,4.0,0.0,1.9478636330749806,-1.9478636330749806
118,2021-02-01,53.22151,4.0,1.884,6.302576447549262,-4.4185764475492615
118,2021-02-02,50.573930000000004,5.0,9.648,5.989045783894614,3.6589542161053856
118,2021-02-03,52.21492,5.0,2.118,6.183374447712379,-4.065374447712379
118,2021-02-04,39.743030000000005,5.0,8.94,4.706433260391217,4.233566739608783
118,2021-02-05,50.795829999999995,4.0,0.0,6.015323537263715,-6.015323537263715
118,2021-02-06,16.53179,4.0,3.06,1.9577210471824344,1.1022789528175656
118,2021-02-08,52.40534,6.0,5.649,6.205924289066793,-0.5569242890667931
118,2021-02-09,51.5191,5.0,4.002,6.1009743289684035,-2.0989743289684037
118,2021-02-10,7.77424,3.0,0.0,0.9206379511140396,-0.9206379511140396
118,2021-02-11,51.2001,5.0,1.413,6.063197838095292,-4.650197838095291
118,2021-02-12,32.94364,3.0,5.175,3.901238607482985,1.2737613925170148
118,2021-02-13,8.25789,2.0,29.415,0.9779125586713449,28.437087441328654
118,2021-02-15,51.51751,6.0,11.529,6.100786038622045,5.4282139613779545
118,2021-02-16,38.10839,5.0,0.0,4.5128565737428685,-4.5128565737428685
118,2021-02-17,39.318749999999994,4.0,2.118,4.6561893433139625,-2.5381893433139626
118,2021-02-18,50.62781,4.0,0.0,5.995426339782523,-5.995426339782523
118,2021-02-19,51.0135,6.0,0.0,6.041100367258544,-6.041100367258544
118,2021-02-20,16.68884,4.0,0.0,1.9763191596953564,-1.9763191596953564
118,2021-02-22,51.5894,5.0,2.589,6.109299367552665,-3.520299367552665
118,2021-02-23,27.791121000000004,4.0,36.006,3.2910690558308415,32.71493094416916
118,2021-02-24,51.01567,6.0,0.0,6.041357342133762,-6.041357342133762
118,2021-02-25,50.77933,5.0,0.0,6.013369580839244,-6.013369580839244
118,2021-02-26,50.41245,6.0,0.0,5.969923063687121,-5.969923063687121
118,2021-02-27,16.414496,5.0,0.0,1.9438309038580746,-1.9438309038580746
118,2021-03-01,51.824389999999994,5.0,0.0,6.1371272596851805,-6.1371272596851805
118,2021-03-02,49.19879,6.0,36.708,5.826199502831132,30.881800497168868
118,2021-03-03,51.99658,6.0,7.296,6.157518275244557,1.1384817247554428
118,2021-03-04,52.12362,5.0,7.5329999999999995,6.172562555496972,1.3604374445030274
118,2021-03-05,39.11442,5.0,0.942,4.63199225748292,-3.6899922574829196
118,2021-03-06,16.62303,4.0,0.0,1.968525834101753,-1.968525834101753
118,2021-03-08,47.81962,5.0,0.705,5.662875982713674,-4.957875982713674
118,2021-03-09,50.93853,5.0,0.0,6.032222299795355,-6.032222299795355
118,2021-03-10,50.68263,6.0,0.0,6.001918211975828,-6.001918211975828
118,2021-03-11,50.074329999999996,5.0,0.0,5.929882351793652,-5.929882351793652
118,2021-03-12,49.90323,5.0,0.0,5.909620415779893,-5.909620415779893
118,2021-03-13,16.58309,3.0,0.0,1.9637960753385177,-1.9637960753385177
118,2021-03-16,26.379739999999998,4.0,45.650999999999996,3.12393105750801,42.52706894249199
118,2021-03-17,50.631859999999996,5.0,0.0,5.99590594726853,-5.99590594726853
118,2021-03-18,50.70786,5.0,0.0,6.004905988981246,-6.004905988981246
118,2021-03-19,50.21171,5.0,0.0,5.946151111405402,-5.946151111405402
118,2021-03-20,16.67079,2.0,0.0,1.9741816497885865,-1.9741816497885865
118,2021-03-22,52.12648,6.0,33.885,6.172901241277214,27.712098758722785
118,2021-03-23,50.93279,5.0,0.0,6.031542559802841,-6.031542559802841
118,2021-03-24,52.14244,5.0,0.0,6.174791250036884,-6.174791250036884
118,2021-03-25,50.47616,7.0,0.0,5.97746770391761,-5.97746770391761
118,2021-03-26,50.86070000000001,5.0,0.0,6.023005546551925,-6.023005546551925
118,2021-03-27,16.01474,3.0,0.0,1.8964911581355932,-1.8964911581355932
118,2021-03-29,8.37366,1.0,0.0,0.9916222274750442,-0.9916222274750442
118,2021-03-30,50.95107,6.0,42.12,6.033707306677953,36.086292693322044
118,2021-03-31,34.222914,5.0,4.002,4.0527322832986865,-0.05073228329868673
118,2021-04-01,50.39229,5.0,5.178,5.967535684201222,-0.7895356842012218
118,2021-04-02,50.85403,5.0,4.002,6.022215674470032,-2.020215674470032
118,2021-04-03,16.357689999999998,4.0,0.708,1.937103846364225,-1.229103846364225
118,2021-04-05,39.07612,5.0,0.0,4.627456710146117,-4.627456710146117
118,2021-04-06,52.70627,5.0,0.942,6.241560901601105,-5.2995609016011045
118,2021-04-07,52.3225,6.0,2.352,6.196114243599932,-3.844114243599932
118,2021-04-08,50.70377,5.0,2.589,6.00442164463118,-3.4154216446311803
118,2021-04-09,26.08381,2.0,1.884,3.0888865529811143,-1.2048865529811144
118,2021-04-10,16.29559,3.0,0.708,1.9297498649121243,-1.2217498649121243
118,2021-04-12,26.01383,3.0,4.707,3.080599409309326,1.626400590690674
118,2021-04-13,26.59939,3.0,4.941,3.149942362273775,1.7910576377262246
118,2021-04-14,25.80986,3.0,1.884,3.0564449552548165,-1.1724449552548166
118,2021-04-15,26.5661,3.0,3.0599999999999996,3.1460001071604022,-0.08600010716040263
118,2021-04-16,26.00983,3.0,3.06,3.080125722903394,-0.02012572290339376
118,2021-04-17,16.49681,4.0,0.0,1.9535786595625553,-1.9535786595625553
118,2021-04-18,0.0,0.0,2.355,0.0,2.355
118,2021-04-19,18.1405,1.0,7.295999999999999,2.1482270617043255,5.147772938295674
118,2021-04-20,25.904130000000002,4.0,2.355,3.0676085596266294,-0.7126085596266294
118,2021-04-21,25.659699999999997,3.0,5.178,3.038662767576113,2.139337232423887
118,2021-04-22,25.49734,3.0,0.0,3.0194358363593157,-3.0194358363593157
118,2021-04-23,26.193841999999997,3.0,2.355,3.1019167186355032,-0.7469167186355032
118,2021-04-24,32.90936,4.0,2.118,3.8971791149841435,-1.7791791149841436
118,2021-04-26,32.11735,4.0,0.0,3.8033880223935075,-3.8033880223935075
118,2021-04-27,50.466409999999996,5.0,4.941,5.976313093303149,-1.0353130933031496
118,2021-04-28,50.461349999999996,6.0,0.0,5.9757138799996445,-5.9757138799996445
118,2021-04-29,37.1877,5.0,10.353,4.4038269894733855,5.949173010526614
118,2021-04-30,50.07571,6.0,2.355,5.930045773603699,-3.575045773603699
118,2021-05-01,33.38557,4.0,2.5919999999999996,3.9535726658264148,-1.3615726658264151
118,2021-05-03,50.03911,5.0,7.7669999999999995,5.925711542989418,1.8412884570105819
118,2021-05-04,51.01941,6.0,1.176,6.041800238923309,-4.865800238923309
118,2021-05-05,24.2347,2.0,2.826,2.869911985462684,-0.04391198546268393
118,2021-05-06,50.25121,4.0,0.0,5.950828764663985,-5.950828764663985
118,2021-05-07,50.91911,6.0,11.295,6.029922552294553,5.265077447705447
118,2021-05-08,32.46545,4.0,3.06,3.8446105818697767,-0.7846105818697766
118,2021-05-10,32.38091,4.0,6.354,3.834599219680395,2.519400780319605
118,2021-05-11,50.258539999999996,6.0,10.59,5.951696795002856,4.638303204997144
118,2021-05-12,50.29172,6.0,4.002,5.9556260237400656,-1.9536260237400658
118,2021-05-13,26.102130000000002,2.0,2.355,3.091056036720285,-0.7360560367202851
118,2021-05-14,50.43731,4.0,8.007,5.97286702469999,2.0341329753000092
118,2021-05-15,31.70766,4.0,3.0629999999999997,3.7548718764818925,-0.6918718764818927
118,2021-05-17,46.842330000000004,5.0,5.175,5.5471437358002476,-0.37214373580024773
118,2021-05-18,49.688,4.0,5.412,5.884132534492684,-0.4721325344926841
118,2021-05-19,48.8504,4.0,5.178,5.784942601090432,-0.6069426010904317
118,2021-05-20,68.27344,6.0,4.707,8.085050103560903,-3.378050103560903
118,2021-05-21,51.5099,3.0,6.827999999999999,6.0998848502347585,0.7281151497652409
118,2021-05-22,16.41896,4.0,0.942,1.944359537887095,-1.002359537887095
118,2021-05-24,50.5048,4.0,5.412,5.980859298584087,-0.568859298584087
118,2021-05-25,50.451499999999996,4.0,5.412,5.974547427225036,-0.5625474272250361
118,2021-05-26,49.4096,4.0,4.944,5.851163960639786,-0.9071639606397861
118,2021-05-27,50.1758,4.0,1.647,5.941898591696144,-4.2948985916961435
118,2021-05-28,50.2585,4.0,4.002,5.951692058138796,-1.9496920581387966
118,2021-05-29,16.34714,4.0,6.12,1.9358544984685784,4.184145501531422
118,2021-06-01,51.1342,4.0,0.0,6.055393854557555,-6.055393854557555
118,2021-06-02,49.1666,4.0,0.0,5.822387511479391,-5.822387511479391
118,2021-06-03,51.576,4.0,0.0,6.107712518092792,-6.107712518092792
118,2021-06-04,52.3235,4.0,3.294,6.196232665201416,-2.902232665201416
118,2021-06-05,16.58893,4.0,0.0,1.9644876574911794,-1.9644876574911794
118,2021-06-06,0.0,0.0,24.705,0.0,24.705
118,2021-06-07,51.9499,4.0,0.0,6.151990354887326,-6.151990354887326
118,2021-06-08,24.8918,2.0,0.0,2.9477268197972344,-2.9477268197972344
118,2021-06-09,51.131699999999995,4.0,6.12,6.055097800553846,0.06490219944615383
118,2021-06-10,78.4541,6.0,0.0,9.290660164915924,-9.290660164915924
118,2021-06-11,37.940599999999996,2.0,15.294,4.492986613230017,10.801013386769984
118,2021-06-12,16.15731,4.0,1.176,1.9133745258590398,-0.7373745258590398
118,2021-06-13,0.307682,1.0,0.0,0.036436195187525715,-0.036436195187525715
118,2021-06-14,32.19468,4.0,4.236,3.8125455648361957,0.4234544351638041
118,2021-06-15,77.468,5.0,10.824,9.173884623693432,1.6501153763065677
118,2021-06-16,74.8242,6.0,0.0,8.86080159369239,-8.86080159369239
118,2021-06-17,74.7803,5.0,0.0,8.855602885387281,-8.855602885387281
118,2021-06-18,74.9481,4.0,0.0,8.875474030116147,-8.875474030116147
118,2021-06-19,66.092,5.0,36.705,7.826720485221591,28.878279514778406
118,2021-06-21,73.4496,6.0,0.0,8.698019260293709,-8.698019260293709
118,2021-06-22,76.3783,6.0,8.706,9.044840604557287,-0.33884060455728715
118,2021-06-23,73.5255,5.0,8.472,8.707007459846276,-0.23500745984627613
118,2021-06-24,74.937578,7.0,18.588,8.874227998025342,9.71377200197466
118,2021-06-25,75.2245,5.0,8.706,8.908205760766078,-0.20220576076607877
118,2021-06-26,63.63161,6.0,6.12,7.535357161148567,-1.4153571611485667
118,2021-06-28,72.8956,6.0,0.0,8.632413693072067,-8.632413693072067
118,2021-06-29,75.1299,5.0,0.0,8.897003077265776,-8.897003077265776
118,2021-06-30,72.6711,6.0,0.0,8.605828043539109,-8.605828043539109
118,2021-07-01,107.18173,8.0,33.648,12.69263211633011,20.955367883669894
118,2021-07-02,88.2579,6.0,16.707,10.451641861536022,6.255358138463979
118,2021-07-03,65.4671,5.0,8.001,7.752718826454797,0.24828117354520263
118,2021-07-05,74.1112,6.0,1.179,8.776366991834932,-7.597366991834932
118,2021-07-06,52.552099999999996,4.0,0.0,6.223303843300453,-6.223303843300453
118,2021-07-07,73.6949,6.0,15.294,8.727068079137515,6.566931920862485
118,2021-07-08,14.821137,3.0,9.882,1.7551427793405507,8.12685722065945
118,2021-07-09,75.5261,6.0,7.296,8.943921715773383,-1.647921715773383
118,2021-07-10,49.872,4.0,5.412,5.905922109165576,-0.49392210916557566
118,2021-07-12,72.3264,6.0,1.41,8.565008117507883,-7.155008117507883
118,2021-07-13,76.4492,5.0,0.0,9.053236696102442,-9.053236696102442
118,2021-07-14,76.1571,6.0,18.12,9.018645746309224,9.101354253690777
118,2021-07-15,73.7383,6.0,8.943,8.732207576641882,0.210792423358118
118,2021-07-16,75.2481,5.0,0.0,8.911000510561077,-8.911000510561077
118,2021-07-17,73.72,6.0,1.41,8.730040461334742,-7.320040461334742
118,2021-07-19,72.7399,5.0,0.0,8.613975449721147,-8.613975449721147
118,2021-07-20,61.361,5.0,13.884,7.266467888605006,6.617532111394994
118,2021-07-21,74.382,5.0,7.292999999999999,8.808435561516559,-1.5154355615165596
118,2021-07-22,75.2473,6.0,14.592,8.910905773279891,5.681094226720109
118,2021-07-23,49.9268,4.0,0.0,5.912411612926849,-5.912411612926849
118,2021-07-24,68.99881,6.0,8.943,8.170949580628706,0.7720504193712934
118,2021-07-26,72.5595,6.0,8.709,8.592612192813593,0.11638780718640618
118,2021-07-27,62.7902,5.0,2.355,7.435716041444664,-5.0807160414446635
118,2021-07-28,76.3095,6.0,10.119,9.03669319837525,1.0823068016247497
118,2021-07-29,75.3621,6.0,5.883,8.924500573130153,-3.041500573130153
118,2021-07-30,73.4457,5.0,7.5329999999999995,8.697557416047925,-1.1645574160479253
118,2021-07-31,65.19919999999999,5.0,7.296,7.720993679417471,-0.42499367941747046
118,2021-08-02,72.11487,6.0,6.353999999999999,8.53995839614616,-2.1859583961461606
118,2021-08-03,62.8445,5.0,4.473,7.442146334405197,-2.969146334405197
118,2021-08-04,74.62349999999999,6.0,0.0,8.837034378274728,-8.837034378274728
118,2021-08-05,73.7509,6.0,17.412,8.73369968882057,8.678300311179429
118,2021-08-06,77.14920000000001,6.0,2.118,9.136131817140617,-7.018131817140617
118,2021-08-07,66.62609,6.0,0.0,7.889968278357705,-7.889968278357705
118,2021-08-09,76.0314,6.0,16.707,9.003760151002798,7.703239848997203
118,2021-08-10,73.4468,6.0,0.0,8.697687679809556,-8.697687679809556
118,2021-08-11,60.9152,5.0,16.002,7.2136755386638365,8.788324461336163
118,2021-08-12,57.03632,6.0,0.942,6.754332357103038,-5.812332357103037
118,2021-08-13,48.9737,4.0,5.178,5.799543984553299,-0.6215439845532993
118,2021-08-14,66.56459,6.0,0.0,7.882685349866493,-7.882685349866493
118,2021-08-16,73.1538,6.0,13.881,8.662990150575006,5.218009849424995
118,2021-08-17,72.9527,6.0,7.7669999999999995,8.639175566516752,-0.8721755665167521
118,2021-08-18,77.9905,5.0,0.0,9.235759910468355,-9.235759910468355
118,2021-08-19,62.6759,5.0,13.41,7.422180452395145,5.987819547604855
118,2021-08-20,61.9455,5.0,2.355,7.335685314671883,-4.980685314671883
118,2021-08-21,68.61618,6.0,0.0,8.125637923253224,-8.125637923253224
118,2021-08-23,50.484489999999994,6.0,0.0,5.978454155857963,-5.978454155857963
118,2021-08-24,53.51599,5.0,25.413,6.337449240754007,19.075550759245992
118,2021-08-25,42.4141,3.0,0.0,5.022745647464702,-5.022745647464702
118,2021-08-26,49.59560999999999,6.0,0.0,5.873191562731658,-5.873191562731658
118,2021-08-27,51.57482,6.0,0.0,6.107572780603042,-6.107572780603042
118,2021-08-28,50.272,4.0,0.0,5.953290749758819,-5.953290749758819
118,2021-08-30,50.75132000000001,5.0,0.0,6.010052591781703,-6.010052591781703
118,2021-08-31,55.8329,6.0,0.0,6.611821433446235,-6.611821433446235
118,2021-09-01,42.61479,4.0,0.0,5.046511678666347,-5.046511678666347
118,2021-09-02,43.3217,3.0,5.175,5.130225092970771,0.04477490702922893
118,2021-09-03,70.16096,8.0,54.117000000000004,8.3085732447923,45.808426755207705
118,2021-09-04,50.9135,4.0,0.0,6.0292582071102325,-6.0292582071102325
118,2021-09-05,0.0,0.0,5.883,0.0,5.883
118,2021-09-07,51.576080000000005,5.0,4.944,6.107721991820911,-1.1637219918209114
118,2021-09-08,46.4854,4.0,0.705,5.50487551358288,-4.79987551358288
118,2021-09-09,49.972409999999996,5.0,3.768,5.917812822170494,-2.149812822170494
118,2021-09-10,50.628370000000004,5.0,1.413,5.995492655879354,-4.582492655879354
118,2021-09-11,57.78728,6.0,8.943,6.843262242952793,2.0997377570472064
118,2021-09-13,49.0583,4.0,3.996,5.8095624520387705,-1.8135624520387705
118,2021-09-14,42.1011,3.0,0.0,4.9856796862004895,-4.9856796862004895
118,2021-09-15,50.42082,5.0,0.0,5.970914252491535,-5.970914252491535
118,2021-09-16,50.06057,6.0,0.0,5.928252870557245,-5.928252870557245
118,2021-09-17,51.01964,5.0,21.18,6.04182747589165,15.138172524108349
118,2021-09-18,50.6001,4.0,0.0,5.992144877205426,-5.992144877205426
118,2021-09-20,42.42975,4.0,8.235,5.024598945527913,3.2104010544720865
118,2021-09-21,42.4968,3.0,7.295999999999999,5.032539113907355,2.263460886092644
118,2021-09-22,42.34575,4.0,0.942,5.014651531003332,-4.0726515310033315
118,2021-09-23,50.82614,5.0,9.414,6.018912896004668,3.3950871039953316
118,2021-09-24,50.74964,5.0,2.826,6.00985364349121,-3.18385364349121
118,2021-09-25,49.9133,4.0,8.472,5.910812921306827,2.5611870786931723
118,2021-09-27,50.59357,6.0,0.0,5.991371584147742,-5.991371584147742
118,2021-09-28,37.95534,5.0,4.941,4.494732147635879,0.44626785236412125
118,2021-09-29,51.08529,5.0,5.415,6.0496018540290155,-0.6346018540290155
118,2021-09-30,29.90795,3.0,0.0,3.5417473360767278,-3.5417473360767278
118,2021-10-01,51.787679999999995,6.0,2.589,6.132780002694735,-3.5437800026947355
118,2021-10-02,50.61,5.0,0.0,5.993317251060109,-5.993317251060109
118,2021-10-04,46.349630000000005,5.0,0.705,5.48879741274952,-4.78379741274952
118,2021-10-05,49.61856,5.0,16.236,5.875909338485696,10.360090661514304
118,2021-10-06,51.88395,6.0,0.0,6.1441804502695145,-6.1441804502695145
118,2021-10-07,50.289751,7.0,12.471,5.955392851606746,6.515607148393254
118,2021-10-08,49.82834,6.0,2.589,5.900751822044822,-3.311751822044822
118,2021-10-09,49.215,4.0,5.883,5.828119116991173,0.054880883008826764
118,2021-10-11,45.99865,5.0,0.939,5.447233799060978,-4.508233799060978
118,2021-10-12,49.50191,5.0,10.59,5.862095458672692,4.727904541327308
118,2021-10-13,46.92844,5.0,0.0,5.557341019903958,-5.557341019903958
118,2021-10-14,38.32307,5.0,0.0,4.538279323149262,-4.538279323149262
118,2021-10-15,0.307953,1.0,0.0,0.036468287441527636,-0.036468287441527636
118,2021-10-19,0.442307,1.0,0.0,0.05237870328718917,-0.05237870328718917
118,2021-10-20,43.164063000000006,4.0,5.412,5.1115574669777795,0.30044253302222046
118,2021-10-21,47.51433,4.0,1.176,5.626723051996896,-4.450723051996896
118,2021-10-22,32.49968,4.0,0.0,3.8486641532885435,-3.8486641532885435
118,2021-10-23,48.8112,4.0,3.06,5.780300474312294,-2.720300474312294
118,2021-10-25,60.499129999999994,6.0,7.296,7.164403862934759,0.13159613706524098
118,2021-10-26,60.990269999999995,6.0,0.0,7.222565448287173,-7.222565448287173
118,2021-10-27,36.09903,3.0,0.0,4.27490494458677,-4.27490494458677
118,2021-10-28,59.61535,7.0,20.472,7.059745219976018,13.412254780023982
118,2021-10-29,43.5801,3.0,5.181,5.1608252347940065,0.020174765205993594
118,2021-10-30,50.21152,5.0,4.944,5.94612861130112,-1.0021286113011199
118,2021-11-01,60.70136,5.0,6.588,7.188352263402689,-0.600352263402689
118,2021-11-02,61.3723,4.0,0.0,7.267806052701766,-7.267806052701766
118,2021-11-03,59.65702,5.0,0.0,7.06467984810982,-7.06467984810982
118,2021-11-04,7.25111,1.0,0.0,0.8586880587301812,-0.8586880587301812
118,2021-11-05,57.95156,5.0,10.116,6.862716543644438,3.253283456355562
118,2021-11-06,50.431020000000004,5.0,28.473,5.972122152826663,22.500877847173335
118,2021-11-08,51.10107,5.0,4.233,6.051470546900419,-1.8184705469004196
118,2021-11-09,60.43639,5.0,4.941,7.15697409165771,-2.21597409165771
118,2021-11-10,59.875550000000004,5.0,1.413,7.090558520681923,-5.677558520681923
118,2021-11-11,60.11518,6.0,18.588,7.1189358890453205,11.46906411095468
118,2021-11-12,60.5796,4.0,1.176,7.173933249206105,-5.997933249206105
118,2021-11-13,58.381727,8.0,6.822,6.913657608689621,-0.09165760868962103
118,2021-11-15,63.464659999999995,6.0,0.0,7.515586674780961,-7.515586674780961
118,2021-11-16,42.8921,3.0,14.118,5.079351172973628,9.038648827026371
118,2021-11-17,62.3412,4.0,5.883,7.382544742378749,-1.499544742378749
118,2021-11-18,60.53457,6.0,0.0,7.168600724491321,-7.168600724491321
118,2021-11-19,42.0084,3.0,11.292,4.974702003743006,6.317297996256994
118,2021-11-20,50.2828,4.0,0.0,5.954569703054837,-5.954569703054837
118,2021-11-22,41.443889999999996,5.0,0.0,4.907851825489775,-4.907851825489775
118,2021-11-23,35.790800000000004,2.0,0.0,4.238403854361632,-4.238403854361632
118,2021-11-24,60.9352,5.0,36.0,7.216043970693499,28.783956029306502
118,2021-11-26,51.10487,4.0,5.412,6.051920548986055,-0.6399205489860549
118,2021-11-27,45.573,7.0,5.883,5.396827644389693,0.48617235561030725
118,2021-11-29,52.7819,4.0,3.9960000000000004,6.250517127321272,-2.2545171273212716
118,2021-11-30,36.16757,4.0,1.413,4.283021561152422,-2.870021561152422
118,2021-12-01,17.9169,1.0,1.884,2.1217479916127022,-0.23774799161270233
118,2021-12-02,60.3005,6.0,4.233,7.14088178023217,-2.90788178023217
118,2021-12-03,48.307199999999995,3.0,4.938,5.720615987164807,-0.7826159871648075
118,2021-12-04,38.11781,4.0,0.0,4.513972105228839,-4.513972105228839
118,2021-12-06,60.55261,5.0,0.0,7.170737050182076,-7.170737050182076
118,2021-12-07,59.449799999999996,6.0,30.585,7.040140523850489,23.54485947614951
118,2021-12-08,42.12748,4.0,0.0,4.988803648047614,-4.988803648047614
118,2021-12-09,60.87431,6.0,9.645,7.208833279379192,2.4361667206208075
118,2021-12-10,61.222,4.0,2.823,7.250007285998854,-4.4270072859988545
118,2021-12-11,50.182100000000005,4.0,0.0,5.942644647785488,-5.942644647785488
118,2021-12-12,0.0,0.0,21.645,0.0,21.645
118,2021-12-13,60.15331,6.0,5.409,7.123451304709871,-1.714451304709871
118,2021-12-14,41.97771,4.0,11.529,4.9710676447934885,6.557932355206511
118,2021-12-15,60.537400000000005,4.0,8.001,7.168935857623519,0.8320641423764803
118,2021-12-16,59.83545,7.0,16.236,7.085809814462451,9.15019018553755
118,2021-12-17,61.8756,5.0,0.0,7.327407644728213,-7.327407644728213
118,2021-12-18,49.723200000000006,3.0,21.645,5.888300974864889,15.75669902513511
118,2021-12-20,60.53435,6.0,7.055999999999999,7.168574671738995,-0.11257467173899549
118,2021-12-21,60.84266,7.0,8.94,7.205085235692252,1.7349147643077476
118,2021-12-22,42.208,3.0,5.649,4.998338955399033,0.6506610446009669
118,2021-12-24,61.27644,5.0,11.529,7.256454157983595,4.272545842016405
118,2021-12-27,42.22701,4.0,5.646,5.0005901500432275,0.6454098499567724
118,2021-12-28,61.290189999999996,5.0,0.0,7.258082455003986,-7.258082455003986
118,2021-12-29,58.47235,5.0,0.0,6.924389329480825,-6.924389329480825
118,2021-12-30,61.539820000000006,5.0,39.525,7.287644039382216,32.23735596061778
118,2021-12-31,51.261610000000005,3.0,2.115,6.070481950802518,-3.9554819508025174
118,2022-01-03,60.071,4.0,23.762999999999998,7.113704022691796,16.649295977308203
118,2022-01-04,59.7381,4.0,0.0,7.07428147155807,-7.07428147155807
118,2022-01-05,61.15354,4.0,29.172,7.24190014316132,21.93009985683868
118,2022-01-06,48.09876,4.0,7.763999999999999,5.6959321885516685,2.068067811448331
118,2022-01-07,60.07861,4.0,7.997999999999999,7.114605211079082,0.883394788920917
118,2022-01-08,50.0908,4.0,0.0,5.931832755570079,-5.931832755570079
118,2022-01-10,60.01296,6.0,0.0,7.106830832941717,-7.106830832941717
118,2022-01-11,42.5435,3.0,0.0,5.038069402696617,-5.038069402696617
118,2022-01-12,17.70976,2.0,0.942,2.097218141081491,-1.1552181410814912
118,2022-01-13,34.58056,4.0,1.647,4.095085295382714,-2.4480852953827137
118,2022-01-14,50.676500000000004,4.0,9.645,6.0011922875587365,3.643807712441263
118,2022-01-15,0.0,0.0,9.645,0.0,9.645
118,2022-01-17,8.32991,2.0,0.0,0.9864412824101584,-0.9864412824101584
118,2022-01-18,57.03375,6.0,11.763,6.7540280135872255,5.008971986412774
118,2022-01-19,56.48095,4.0,19.527,6.688564552287364,12.838435447712637
118,2022-01-20,32.45398,4.0,9.882,3.843252286100766,6.038747713899234
118,2022-01-21,56.85367,6.0,5.412,6.732702651592148,-1.320702651592148
118,2022-01-22,33.01386,4.0,7.527,3.9095541723391287,3.6174458276608714
118,2022-01-24,57.37955,6.0,0.0,6.794978203380085,-6.794978203380085
118,2022-01-25,44.67693,5.0,20.469,5.290713599948724,15.178286400051277
118,2022-01-26,57.51308,6.0,11.058,6.810791039826125,4.247208960173875
118,2022-01-27,27.62946,3.0,6.117,3.2719249013134806,2.8450750986865194
118,2022-01-28,57.04791,5.0,4.707,6.755704863464227,-2.048704863464227
118,2022-01-29,32.444598,5.0,0.0,3.8421412546356515,-3.8421412546356515
118,2022-01-31,53.545379999999994,4.0,0.0,6.340929651621595,-6.340929651621595
118,2022-02-01,25.0432,1.0,36.0,2.965655850261777,33.034344149738224
118,2022-02-02,0.0,0.0,0.939,0.0,0.939
118,2022-02-07,32.59403,3.0,6.588,3.859837231388475,2.7281627686115253
118,2022-02-08,45.43296,5.0,0.0,5.380243883317998,-5.380243883317998
118,2022-02-09,58.02427,6.0,16.704,6.871326978288274,9.832673021711727
118,2022-02-10,57.922406,6.0,2.823,6.859264080274799,-4.036264080274799
118,2022-02-11,56.888206,7.0,0.0,6.736792460020968,-6.736792460020968
118,2022-02-12,28.62022,3.0,0.0,3.3892522871988846,-3.3892522871988846
118,2022-02-14,57.72136,5.0,3.294,6.835455890983026,-3.5414558909830256
118,2022-02-15,53.93686,5.0,0.0,6.387289340170203,-6.387289340170203
118,2022-02-16,64.15411,6.0,15.056999999999999,7.597232447923491,7.459767552076507
118,2022-02-17,33.74085,3.0,5.88,3.9956454924013336,1.8843545075986663
118,2022-02-18,57.78501,6.0,5.178,6.842993425917426,-1.6649934259174257
118,2022-02-19,8.03773,2.0,0.0,0.9518408588888237,-0.9518408588888237
118,2022-02-20,0.0,0.0,0.939,0.0,0.939
118,2022-02-21,49.1643,3.0,0.0,5.8221151417959796,-5.8221151417959796
118,2022-02-22,57.444630000000004,6.0,26.823,6.802685081204606,20.020314918795393
118,2022-02-23,57.12143,6.0,16.707,6.764411219605265,9.942588780394736
118,2022-02-24,57.66142,6.0,14.349,6.8283577001901286,7.520642299809872
118,2022-02-25,57.38753,6.0,0.0,6.79592320775992,-6.79592320775992
118,2022-02-26,32.37096,4.0,0.0,3.8334209247456377,-3.8334209247456377
118,2022-02-27,0.0,0.0,21.411,0.0,21.411
118,2022-02-28,57.047489999999996,6.0,4.704,6.755655126391603,-2.051655126391603
118,2022-03-01,52.51325,5.0,3.06,6.218703164082835,-3.158703164082835
118,2022-03-02,32.408853,4.0,2.589,3.837908274490638,-1.248908274490638
118,2022-03-03,68.2893,5.0,8.469000000000001,8.086928270160424,0.38207172983957705
118,2022-03-04,45.269149999999996,5.0,3.294,5.36084524077905,-2.0668452407790503
118,2022-03-05,32.34377,4.0,6.351,3.8302010414013123,2.5207989585986876
118,2022-03-07,59.732209999999995,5.0,3.294,7.073583968325334,-3.779583968325334
118,2022-03-08,64.44625,7.0,11.529,7.631828134580767,3.8971718654192333
118,2022-03-09,32.36928,4.0,13.881,3.833221976455147,10.047778023544854
118,2022-03-10,52.80959,5.0,1.881,6.253796221466339,-4.372796221466339
118,2022-03-11,58.75371,5.0,0.0,6.957708431274113,-6.957708431274113
118,2022-03-12,20.072879999999998,3.0,0.0,2.377062595978254,-2.377062595978254
118,2022-03-14,49.894999999999996,4.0,0.0,5.9086458059996865,-5.9086458059996865
118,2022-03-15,52.17828,5.0,0.0,6.179035480234038,-6.179035480234038
118,2022-03-16,43.60963,4.0,6.585,5.164322224685803,1.4206777753141973
118,2022-03-17,48.03741,5.0,9.645,5.68866702330068,3.9563329766993194
118,2022-03-21,7.476566,2.0,39.531,0.8853869193141568,38.64561308068584
118,2022-03-22,58.390356,7.0,3.531,6.914679468688819,-3.3836794686888187
118,2022-03-23,56.3109,5.0,0.0,6.668426958955161,-6.668426958955161
118,2022-03-24,12.1224,1.0,0.0,1.4355540218188316,-1.4355540218188316
118,2022-03-25,56.24657,5.0,0.0,6.660808897331752,-6.660808897331752
118,2022-03-26,32.28076,3.0,0.0,3.822739296291862,-3.822739296291862
118,2022-03-28,56.26515,5.0,0.0,6.6630091706873085,-6.6630091706873085
118,2022-03-29,42.2055,3.0,0.0,4.998042901395326,-4.998042901395326
118,2022-03-30,36.7865,2.0,0.0,4.3563162429583615,-4.3563162429583615
118,2022-03-31,51.93996,4.0,0.0,6.150813244168583,-6.150813244168583
118,2022-04-01,11.7969,1.0,0.0,1.39700779053608,-1.39700779053608
118,2022-04-02,28.769289999999998,3.0,0.0,3.4069053953319717,-3.4069053953319717
118,2022-04-04,53.30872000000001,3.0,0.0,6.3129039954146045,-6.3129039954146045
118,2022-04-05,37.7411,3.0,0.0,4.469361503734137,-4.469361503734137
118,2022-04-06,57.16243,4.0,0.0,6.7692665052660725,-6.7692665052660725
118,2022-04-07,37.696,1.0,0.0,4.464020689507249,-4.464020689507249
118,2022-04-08,52.42259,4.0,0.0,6.2079670616923766,-6.2079670616923766
118,2022-04-09,23.6913,2.0,0.0,2.8055616872167626,-2.8055616872167626
118,2022-04-11,54.323170000000005,4.0,0.0,6.433036789039143,-6.433036789039143
118,2022-04-12,44.61109,4.0,2.826,5.282916721707076,-2.4569167217070755
118,2022-04-13,53.32471,4.0,0.0,6.3147975568223185,-6.3147975568223185
118,2022-04-14,51.517647000000004,4.0,0.0,6.100802262381448,-6.100802262381448
118,2022-04-15,56.21152,6.0,13.647,6.65665822019977,6.9903417798002305
118,2022-04-16,16.0443,2.0,0.0,1.8999917006754339,-1.8999917006754339
118,2022-04-18,53.69688000000001,4.0,0.0,6.358870524246287,-6.358870524246287
118,2022-04-19,56.459469999999996,5.0,0.0,6.686020856287506,-6.686020856287506
118,2022-04-20,53.313320000000004,5.0,0.0,6.313448734781426,-6.313448734781426
118,2022-04-21,53.89298,5.0,0.705,6.382093000297124,-5.677093000297124
118,2022-04-22,57.08151,5.0,0.0,6.759683829274059,-6.759683829274059
118,2022-04-23,32.57873,5.0,0.0,3.858025380885784,-3.858025380885784
118,2022-04-24,0.0,0.0,15.294,0.0,15.294
118,2022-04-25,29.26137,3.0,0.0,3.4651782969897797,-3.4651782969897797
118,2022-04-26,36.6798,2.0,0.0,4.343680658080115,-4.343680658080115
118,2022-04-27,57.452639999999995,5.0,0.0,6.803633638232484,-6.803633638232484
118,2022-04-28,4.0116,1.0,0.0,0.47506009650963704,-0.47506009650963704
118,2022-04-29,37.6054,4.0,0.0,4.45329169241288,-4.45329169241288
118,2022-04-30,16.33257,2.0,0.0,1.9341290957349695,-1.9341290957349695
118,2022-05-02,12.2387,1.0,0.0,1.449326454071317,-1.449326454071317
118,2022-05-03,56.8272,4.0,0.0,6.7295680318008895,-6.7295680318008895
118,2022-05-04,48.5151,3.0,0.0,5.745235838113145,-5.745235838113145
118,2022-05-05,40.30705,3.0,0.0,4.773225412059719,-4.773225412059719
118,2022-05-06,37.0529,3.0,0.0,4.387863757593462,-4.387863757593462
118,2022-05-07,32.40339,3.0,0.0,3.8372613372817357,-3.8372613372817357
118,2022-05-09,40.36917,4.0,0.0,4.780581761943849,-4.780581761943849
118,2022-05-10,52.18439,5.0,0.0,6.1797590362191,-6.1797590362191
118,2022-05-11,52.92,3.0,0.0,6.2668711504860894,-6.2668711504860894
118,2022-05-12,37.8458,2.0,0.0,4.4817602454094185,-4.4817602454094185
118,2022-05-13,50.7805,4.0,0.0,6.013508134112979,-6.013508134112979
118,2022-05-14,15.96438,2.0,0.0,1.890527446284904,-1.890527446284904
118,2022-05-16,4.09329,1.0,0.0,0.48473395713479217,-0.48473395713479217
118,2022-05-17,20.69822,2.0,0.0,2.451116360249701,-2.451116360249701
118,2022-05-18,20.39518,2.0,0.0,2.4152298781362598,-2.4152298781362598
118,2022-05-19,20.446350000000002,3.0,0.0,2.421289511484151,-2.421289511484151
118,2022-05-20,19.90082,2.0,0.0,2.3566869752270705,-2.3566869752270705
118,2022-05-21,12.04026,2.0,0.0,1.4258268714730091,-1.4258268714730091
118,2022-05-23,45.0179,3.0,0.0,5.331091813406419,-5.331091813406419
118,2022-05-24,20.696830000000002,2.0,0.0,2.45095175422364,-2.45095175422364
118,2022-05-25,0.72246,2.0,0.0,0.0855548702074864,-0.0855548702074864
118,2022-05-26,20.49782,2.0,0.0,2.4273846713124865,-2.4273846713124865
118,2022-05-27,20.4278,1.0,0.0,2.4190927907766393,-2.4190927907766393
118,2022-05-28,33.2283,2.0,0.0,3.934948500561166,-3.934948500561166
118,2022-05-31,40.95378,4.0,0.0,4.84981221438689,-4.84981221438689
118,2022-06-01,8.40795,2.0,0.0,0.9956829041899,-0.9956829041899
118,2022-06-02,20.59574,2.0,0.0,2.438980514529712,-2.438980514529712
118,2022-06-03,20.396887,4.0,0.0,2.415432023809992,-2.415432023809992
118,2022-06-04,32.94581,3.0,0.0,3.901495582358203,-3.901495582358203
118,2022-06-06,20.27343,2.0,0.0,2.4008120481556916,-2.4008120481556916
118,2022-06-07,20.25809,2.0,0.0,2.3989954607889405,-2.3989954607889405
118,2022-06-08,20.82149,4.0,0.0,2.465714191064524,-2.465714191064524
118,2022-06-09,20.55001,3.0,0.0,2.43356509469389,-2.43356509469389
118,2022-06-10,36.89575,3.0,0.0,4.369253802920392,-4.369253802920392
118,2022-06-11,12.9199,1.0,0.0,1.5299952490016104,-1.5299952490016104
118,2022-06-13,32.69234,3.0,0.0,3.87147925903028,-3.87147925903028
118,2022-06-14,37.58228,3.0,0.0,4.45055378498659,-4.45055378498659
118,2022-06-15,20.469603999999997,5.0,0.0,2.4240432874050386,-2.4240432874050386
118,2022-06-16,36.457678,6.0,0.0,4.317376615115483,-4.317376615115483
118,2022-06-17,21.35459,5.0,0.0,2.528844746815169,-2.528844746815169
118,2022-06-18,12.0222,2.0,0.0,1.4236881773502241,-1.4236881773502241
118,2022-06-20,19.85668,3.0,0.0,2.3514598457376064,-2.3514598457376064
118,2022-06-21,41.0637,6.0,0.0,4.862829116821913,-4.862829116821913
118,2022-06-22,36.63821,5.0,0.0,4.338755503674432,-4.338755503674432
118,2022-06-23,16.34195,3.0,0.0,1.9352398903568813,-1.9352398903568813
118,2022-06-24,4.3975,1.0,0.0,0.5207589925219686,-0.5207589925219686
118,2022-06-25,12.2055,1.0,0.0,1.445394856902078,-1.445394856902078
118,2022-06-27,12.281320000000001,2.0,0.0,1.4543735827265272,-1.4543735827265272
118,2022-06-28,24.276149999999998,3.0,0.0,2.8748205608441584,-2.8748205608441584
118,2022-06-29,38.1303,3.0,0.0,4.515451191031363,-4.515451191031363
118,2022-06-30,41.084590000000006,5.0,0.0,4.865302944076896,-4.865302944076896
118,2022-07-01,4.20787,1.0,0.0,0.49830270423272677,-0.49830270423272677
118,2022-07-02,11.98,1.0,0.0,1.418690785767637,-1.418690785767637
118,2022-07-05,32.8957,2.0,0.0,3.895561475907884,-3.895561475907884
118,2022-07-06,37.00475,6.0,0.0,4.38216175748205,-4.38216175748205
118,2022-07-07,20.36301,2.0,0.0,2.4114202552165485,-2.4114202552165485
118,2022-07-08,37.55367,2.0,0.0,4.447165742968158,-4.447165742968158
118,2022-07-09,33.9798,2.0,0.0,4.023942334075722,-4.023942334075722
118,2022-07-11,20.59653,3.0,0.0,2.439074067594884,-2.439074067594884
118,2022-07-12,38.96865,4.0,0.0,4.614729940634726,-4.614729940634726
118,2022-07-13,36.59739,3.0,0.0,4.333921533901891,-4.333921533901891
118,2022-07-14,37.17463,3.0,0.0,4.402279219142001,-4.402279219142001
118,2022-07-15,20.66331,2.0,0.0,2.4469822621419257,-2.4469822621419257
118,2022-07-16,12.3332,1.0,0.0,1.460517295411471,-1.460517295411471
118,2022-07-18,36.295590000000004,5.0,0.0,4.29818189457429,-4.29818189457429
118,2022-07-19,41.21115,5.0,0.0,4.880290381960598,-4.880290381960598
118,2022-07-20,40.76952,5.0,0.0,4.827991850097612,-4.827991850097612
118,2022-07-21,41.14572,5.0,0.0,4.872542056575557,-4.872542056575557
118,2022-07-22,38.35076,3.0,0.0,4.541558417294329,-4.541558417294329
118,2022-07-23,24.4405,2.0,0.0,2.8942831510479077,-2.8942831510479077
118,2022-07-25,65.05005,6.0,0.0,7.7033310975562665,-7.7033310975562665
118,2022-07-26,24.78077,4.0,9.882,2.9345784693845647,6.9474215306154345
118,2022-07-27,40.19651,5.0,0.0,4.760135088231777,-4.760135088231777
118,2022-07-28,20.46462,2.0,0.0,2.423453074143247,-2.423453074143247
118,2022-07-29,20.37946,3.0,0.0,2.4133682905609457,-2.4133682905609457
118,2022-07-30,42.87314,4.0,7.059,5.077105899409508,1.981894100590492
118,2022-08-01,41.62099,6.0,0.0,4.928824291112434,-4.928824291112434
118,2022-08-02,40.88025,5.0,0.0,4.841104674029836,-4.841104674029836
118,2022-08-03,41.18769,5.0,0.0,4.877512211189804,-4.877512211189804
118,2022-08-04,40.909383,6.0,0.0,4.844554650545843,-4.844554650545843
118,2022-08-05,41.751490000000004,4.0,0.0,4.944278310105981,-4.944278310105981
118,2022-08-06,42.8846,3.0,0.0,5.078463010962505,-5.078463010962505
118,2022-08-08,40.12503,6.0,0.0,4.7516703121577635,-4.7516703121577635
118,2022-08-09,32.38521,2.0,0.0,3.8351084325667726,-3.8351084325667726
118,2022-08-10,12.233316,5.0,68.47200000000001,1.4486888721689322,67.02331112783108
118,2022-08-11,32.0464,2.0,0.0,3.7949860097682806,-3.7949860097682806
118,2022-08-12,20.0162,1.0,0.0,2.370350459606192,-2.370350459606192
118,2022-08-13,12.3534,1.0,0.0,1.4629094117614296,-1.4629094117614296
118,2022-08-15,39.4286,2.0,0.0,4.669197956236883,-4.669197956236883
118,2022-08-16,39.252700000000004,2.0,0.0,4.648367596536004,-4.648367596536004
118,2022-08-17,39.9537,2.0,0.0,4.731381139175662,-4.731381139175662
118,2022-08-18,37.4763,3.0,0.0,4.438003463661411,-4.438003463661411
118,2022-08-19,41.9745,2.0,0.0,4.970687511452728,-4.970687511452728
118,2022-08-20,0.444934,1.0,0.0,0.05268979683428529,-0.05268979683428529
118,2022-08-22,13.0871,1.0,0.0,1.5497953407695861,-1.5497953407695861
118,2022-08-23,38.558099999999996,3.0,0.0,4.566111952145836,-4.566111952145836
118,2022-08-24,37.566,2.0,0.0,4.448625881314445,-4.448625881314445
118,2022-08-25,37.4687,2.0,0.0,4.437103459490138,-4.437103459490138
118,2022-08-26,37.776,2.0,0.0,4.473494417625898,-4.473494417625898
118,2022-08-29,36.1368,2.0,0.0,4.2793777284747865,-4.2793777284747865
118,2022-08-30,39.1564,2.0,0.0,4.63696359631318,-4.63696359631318
118,2022-08-31,37.1009,2.0,0.0,4.393547994464652,-4.393547994464652
118,2022-09-01,24.4887,2.0,0.0,2.8999910722393936,-2.8999910722393936
118,2022-09-02,37.5892,2.0,0.0,4.451373262468853,-4.451373262468853
118,2022-09-06,39.1154,2.0,0.0,4.632108310652373,-4.632108310652373
118,2022-09-07,39.146300000000004,2.0,0.0,4.635767538138201,-4.635767538138201
118,2022-09-08,39.1563,2.0,0.0,4.636951754153032,-4.636951754153032
118,2022-09-09,52.103,3.0,0.0,6.1701207020743905,-6.1701207020743905
118,2022-09-10,4.29021,1.0,0.0,0.5080535388988459,-0.5080535388988459
118,2022-09-12,37.2102,2.0,0.0,4.406491475506755,-4.406491475506755
118,2022-09-13,39.175,2.0,0.0,4.639166238100766,-4.639166238100766
118,2022-09-14,37.932189,3.0,0.0,4.491990569139943,-4.491990569139943
118,2022-09-15,24.5961,2.0,0.0,2.9127095522386792,-2.9127095522386792
118,2022-09-16,37.7701,2.0,0.0,4.472795730177148,-4.472795730177148
118,2022-09-17,0.389669,1.0,0.0,0.046145227028321315,-0.046145227028321315
118,2022-09-19,39.3883,2.0,0.0,4.664425565697114,-4.664425565697114
118,2022-09-20,39.5665,2.0,0.0,4.685528295081403,-4.685528295081403
118,2022-09-21,13.0159,1.0,0.0,1.541363722743989,-1.541363722743989
118,2022-09-22,38.634100000000004,2.0,0.0,4.575111993858553,-4.575111993858553
118,2022-09-23,37.8151,2.0,0.0,4.478124702243887,-4.478124702243887
118,2022-09-26,38.9813,2.0,0.0,4.616227973893488,-4.616227973893488
118,2022-09-27,39.0666,2.0,0.0,4.626329336499998,-4.626329336499998
118,2022-09-28,39.6164,2.0,0.0,4.69143753299541,-4.69143753299541
118,2022-09-29,38.0707,3.0,0.0,4.50839326358297,-4.50839326358297
118,2022-09-30,12.581,1.0,0.0,1.489862168258985,-1.489862168258985
118,2022-10-03,12.9031,1.0,0.0,1.5280057660966944,-1.5280057660966944
118,2022-10-04,39.346199999999996,2.0,0.0,4.659440016274674,-4.659440016274674
118,2022-10-05,37.8805,2.0,0.0,4.485869474980882,-4.485869474980882
118,2022-10-06,37.7346,2.0,0.0,4.468591763324497,-4.468591763324497
118,2022-10-07,36.807900000000004,2.0,0.0,4.358850465230101,-4.358850465230101
118,2022-10-08,0.302447,1.0,0.0,0.03581625810376165,-0.03581625810376165
118,2022-10-10,37.4675,2.0,0.0,4.436961353568359,-4.436961353568359
118,2022-10-11,39.227000000000004,2.0,0.0,4.645324161377888,-4.645324161377888
118,2022-10-12,49.2659,3.0,0.0,5.834146776506664,-5.834146776506664
118,2022-10-13,37.3686,2.0,0.0,4.425249457181679,-4.425249457181679
118,2022-10-14,37.7735,2.0,0.0,4.47319836362219,-4.47319836362219
118,2022-10-17,12.9722,1.0,0.0,1.536188698759177,-1.536188698759177
118,2022-10-18,39.8851,3.0,0.0,4.7232574173139215,-4.7232574173139215
118,2022-10-19,37.0084,2.0,0.0,4.382593996327464,-4.382593996327464
118,2022-10-20,37.8468,2.0,0.0,4.481878667010902,-4.481878667010902
118,2022-10-21,37.3435,2.0,0.0,4.4222770749844535,-4.4222770749844535
118,2022-10-24,38.0467,2.0,0.0,4.5055511451473755,-4.5055511451473755
118,2022-10-25,39.0222,2.0,0.0,4.621071417394147,-4.621071417394147
118,2022-10-26,39.3244,2.0,0.0,4.656858425362342,-4.656858425362342
118,2022-10-27,39.5683,2.0,0.0,4.685741453964073,-4.685741453964073
118,2022-10-28,38.58649,3.0,0.0,4.569473941411942,-4.569473941411942
118,2022-10-29,0.360748,1.0,0.0,0.04272035589182834,-0.04272035589182834
118,2022-10-31,48.7899,4.0,4.941,5.777778094200704,-0.8367780942007039
118,2022-11-01,38.712900000000005,2.0,0.0,4.584443616055422,-4.584443616055422
118,2022-11-02,60.174,3.0,0.0,7.125901447644557,-7.125901447644557
118,2022-11-03,38.086581,3.0,0.0,4.510273917036123,-4.510273917036123
118,2022-11-04,37.3837,2.0,0.0,4.4270376233640745,-4.4270376233640745
118,2022-11-05,0.572748,2.0,0.0,0.0678257354062473,-0.0678257354062473
118,2022-11-07,26.503,3.0,0.0,3.1385277041068185,-3.1385277041068185
118,2022-11-08,39.8648,1.0,0.0,4.7208534588038145,-4.7208534588038145
118,2022-11-09,37.324200000000005,2.0,0.0,4.41999153807583,-4.41999153807583
118,2022-11-10,37.2963,2.0,0.0,4.416687575394451,-4.416687575394451
118,2022-11-11,37.4941,2.0,0.0,4.44011136816781,-4.44011136816781
118,2022-11-14,26.1297,2.0,0.0,3.094320920273174,-3.094320920273174
118,2022-11-15,39.114599999999996,3.0,0.0,4.632013573371186,-4.632013573371186
118,2022-11-16,39.0109,2.0,0.0,4.6197332532973885,-4.6197332532973885
118,2022-11-17,38.173641999999994,3.0,0.0,4.520583820082843,-4.520583820082843
118,2022-11-18,38.3491,2.0,0.0,4.5413618374358675,-4.5413618374358675
118,2022-11-21,50.5698,4.0,0.0,5.988556702680488,-5.988556702680488
118,2022-11-22,39.0124,2.0,0.0,4.619910885699613,-4.619910885699613
118,2022-11-23,37.2113,2.0,0.0,4.406621739268386,-4.406621739268386
118,2022-11-25,37.0898,2.0,0.0,4.392233514688188,-4.392233514688188
118,2022-11-28,38.8883,2.0,0.0,4.6052147649555595,-4.6052147649555595
118,2022-11-29,37.508300000000006,2.0,0.0,4.441792954908871,-4.441792954908871
118,2022-11-30,37.527699999999996,2.0,0.0,4.444090333977641,-4.444090333977641
118,2022-12-01,37.7362,3.0,0.0,4.468781237886869,-4.468781237886869
118,2022-12-02,24.3121,2.0,0.0,2.8790778174174765,-2.8790778174174765
118,2022-12-05,39.1528,2.0,0.0,4.636537278547841,-4.636537278547841
118,2022-12-06,38.672,2.0,0.0,4.579600172554763,-4.579600172554763
118,2022-12-07,37.8589,3.0,0.0,4.483311568388848,-4.483311568388848
118,2022-12-08,37.3676,3.0,2.118,4.425131035580197,-2.307131035580197
118,2022-12-09,48.8065,3.0,0.0,5.779743892785324,-5.779743892785324
118,2022-12-12,37.3921,2.0,0.0,4.4280323648165325,-4.4280323648165325
118,2022-12-13,38.77929,3.0,0.0,4.592305626177886,-4.592305626177886
118,2022-12-14,35.1611,3.0,0.0,4.163833771907718,-4.163833771907718
118,2022-12-16,25.674100000000003,2.0,0.0,3.04036803863747,-3.04036803863747
118,2022-12-19,37.4414,3.0,0.0,4.43387054976965,-4.43387054976965
118,2022-12-20,37.413,3.0,0.0,4.430507376287529,-4.430507376287529
118,2022-12-21,26.0302,2.0,0.0,3.0825379709256047,-3.0825379709256047
118,2022-12-22,13.3748,1.0,0.0,1.5838652355162766,-1.5838652355162766
118,2022-12-23,40.4539,3.0,1.413,4.790615624237513,-3.377615624237513
118,2022-12-24,12.1323,1.0,0.0,1.4367263956735146,-1.4367263956735146
118,2022-12-26,13.1407,1.0,0.0,1.556142738609081,-1.556142738609081
118,2022-12-27,49.215,4.0,1.647,5.828119116991173,-4.181119116991173
118,2022-12-28,37.0261,3.0,0.0,4.384690058673715,-4.384690058673715
118,2022-12-29,27.031100000000002,2.0,0.0,3.201066151850048,-3.201066151850048
118,2022-12-30,25.958,2.0,0.0,3.0739879312985243,-3.0739879312985243
118,2023-01-02,13.1399,1.0,0.0,1.5560480013278943,-1.5560480013278943
118,2023-01-03,39.7021,3.0,0.0,4.701586264242513,-4.701586264242513
118,2023-01-04,37.4771,3.0,14.589,4.438098200942597,10.150901799057404
118,2023-01-05,37.6241,3.0,0.0,4.455506176360614,-4.455506176360614
118,2023-01-06,35.444,3.0,0.0,4.19733524296729,-4.19733524296729
118,2023-01-07,12.474344,2.0,0.0,1.4772317939312027,-1.4772317939312027
118,2023-01-09,37.1734,3.0,0.0,4.402133560572177,-4.402133560572177
118,2023-01-10,39.0987,3.0,0.0,4.630130669907605,-4.630130669907605
118,2023-01-11,48.769400000000005,4.0,3.294,5.775350451370301,-2.4813504513703006
118,2023-01-12,37.6508,3.0,0.0,4.458668033120212,-4.458668033120212
118,2023-01-13,25.686,2.0,0.0,3.041777255695119,-3.041777255695119
118,2023-01-16,32.09624,4.0,0.0,3.800888142386199,-3.800888142386199
118,2023-01-17,54.4821,6.0,2.589,6.451857534162853,-3.862857534162853
118,2023-01-18,37.50278,5.0,8.001,4.441139267668683,3.559860732331316
118,2023-01-19,53.65908,4.0,5.415,6.354394187710225,-0.9393941877102252
118,2023-01-20,10.92299,2.0,0.0,1.2935179687839768,-1.2935179687839768
118,2023-01-21,37.7902,2.0,3.294,4.475176004366958,-1.1811760043669577
118,2023-01-23,29.72757,3.0,0.0,3.520386447601205,-3.520386447601205
118,2023-01-24,42.76879,4.0,1.176,5.064748605294747,-3.8887486052947464
118,2023-01-25,29.6553,3.0,0.0,3.5118281184620206,-3.5118281184620206
118,2023-01-26,29.55123,3.0,0.0,3.4995039823956735,-3.4995039823956735
118,2023-01-27,20.54225,3.0,8.706,2.4326461430663806,6.273353856933619
118,2023-01-28,38.6774,3.0,5.178,4.580239649202771,0.5977603507972287
118,2023-01-30,62.210629999999995,5.0,0.0,7.367082433873099,-7.367082433873099
118,2023-01-31,17.10214,2.0,0.0,2.0252628075883248,-2.0252628075883248
118,2023-02-01,33.11302,4.0,0.0,3.921296858342193,-3.921296858342193
118,2023-02-02,33.227000000000004,4.0,0.0,3.934794552479239,-3.934794552479239
118,2023-02-03,44.089439999999996,5.0,0.0,5.2211420932934125,-5.2211420932934125
118,2023-02-04,50.9019,4.0,2.118,6.027884516533028,-3.9098845165330283
118,2023-02-06,33.92026,3.0,0.0,4.016891511923418,-4.016891511923418
118,2023-02-07,29.415391,4.0,0.0,3.4834177104718096,-3.4834177104718096
118,2023-02-08,44.927459999999996,5.0,3.531,5.320381763768287,-1.789381763768287
118,2023-02-09,40.731390000000005,5.0,7.767,4.823476434433061,2.943523565566939
118,2023-02-10,20.89674,3.0,0.0,2.474625416576128,-2.474625416576128
118,2023-02-11,24.94926,3.0,0.0,2.9545313250184537,-2.9545313250184537
118,2023-02-13,33.93331,3.0,0.0,4.0184369138227725,-4.0184369138227725
118,2023-02-14,32.67061,4.0,1.884,3.868905957630052,-1.984905957630052
118,2023-02-15,45.59469,4.0,2.118,5.399396208925862,-3.281396208925862
118,2023-02-16,54.13357,6.0,0.0,6.410584053397945,-6.410584053397945
118,2023-02-17,33.5575,4.0,0.0,3.9739328917694055,-3.9739328917694055
118,2023-02-18,26.280808999999998,4.0,0.0,3.1122154900516845,-3.1122154900516845
118,2023-02-20,29.27525,3.0,0.0,3.4668219888183653,-3.4668219888183653
118,2023-02-21,55.591887,6.0,0.0,6.583280288007987,-6.583280288007987
118,2023-02-22,25.4529,2.0,0.0,3.014173180389406,-3.014173180389406
118,2023-02-23,40.31425,4.0,1.176,4.774078047590398,-3.5980780475903975
118,2023-02-24,40.39553,5.0,0.0,4.783703355358944,-4.783703355358944
118,2023-02-25,36.85258,4.0,0.0,4.364141542384366,-4.364141542384366
118,2023-02-27,41.63823,4.0,0.0,4.930865879522003,-4.930865879522003
118,2023-02-28,42.9611,4.0,1.881,5.087522263475963,-3.2065222634759625
118,2023-03-01,29.33239,3.0,0.0,3.47358859912711,-3.47358859912711
118,2023-03-02,33.24255,4.0,2.826,3.9366360083823007,-1.1106360083823006
118,2023-03-03,29.20089,3.0,0.0,3.4580161585320814,-3.4580161585320814
118,2023-03-04,37.3031,3.0,3.294,4.417492842284536,-1.1234928422845356
118,2023-03-06,29.37696,3.0,0.0,3.4788666499052123,-3.4788666499052123
118,2023-03-07,50.94711,6.0,3.294,6.03323835713608,-2.7392383571360797
118,2023-03-08,41.30081,4.0,2.589,4.890908062749572,-2.3019080627495723
118,2023-03-09,41.81982,4.0,2.826,4.952370058135321,-2.1263700581353207
118,2023-03-10,29.75402,3.0,0.0,3.523518698960433,-3.523518698960433
118,2023-03-11,34.29714,3.0,0.0,4.061522245090371,-4.061522245090371
118,2023-03-13,33.363730000000004,3.0,0.0,3.9509863380500243,-3.9509863380500243
118,2023-03-14,36.8784,3.0,0.0,4.367199188134659,-4.367199188134659
118,2023-03-15,37.27145,6.0,0.0,4.4137447985975955,-4.4137447985975955
118,2023-03-16,47.64752,5.0,0.0,5.642495625098431,-5.642495625098431
118,2023-03-17,38.76516,5.0,0.0,4.59063232894893,-4.59063232894893
118,2023-03-18,29.46947,3.0,0.0,3.4898218322584147,-3.4898218322584147
118,2023-03-20,59.78631,6.0,0.0,7.07999057696557,-7.07999057696557
118,2023-03-21,17.16447,2.0,0.0,2.0326440260087675,-2.0326440260087675
118,2023-03-22,31.85883,4.0,0.0,3.7727736699780943,-3.7727736699780943
118,2023-03-23,39.994146,6.0,0.0,4.736170819269248,-4.736170819269248
118,2023-03-24,39.283350999999996,4.0,0.0,4.651997337043062,-4.651997337043062
118,2023-03-25,25.395899999999997,2.0,0.0,3.0074231491048686,-3.0074231491048686
118,2023-03-27,15.16544,3.0,0.0,1.7959156919959893,-1.7959156919959893
118,2023-03-28,20.7974,3.0,0.0,2.4628614146847956,-2.4628614146847956
118,2023-03-29,16.09847,2.0,0.0,1.9064065988277739,-1.9064065988277739
118,2023-04-01,39.083644,4.0,0.0,4.628347714275676,-4.628347714275676
118,2023-04-03,29.75043,3.0,0.0,3.523093565411109,-3.523093565411109
118,2023-04-04,34.28822,4.0,0.0,4.060465924405142,-4.060465924405142
118,2023-04-05,32.713,4.0,0.0,3.8739258493169206,-3.8739258493169206
118,2023-04-06,44.62179,5.0,0.0,5.284183832842945,-5.284183832842945
118,2023-04-07,34.37729,4.0,0.0,4.071013736449243,-4.071013736449243
118,2023-04-08,12.133,1.0,0.0,1.4368092907945524,-1.4368092907945524
118,2023-04-10,28.940440000000002,3.0,0.0,3.427173252425806,-3.427173252425806
118,2023-04-11,29.37817,3.0,0.0,3.4790099400430066,-3.4790099400430066
118,2023-04-12,41.89846,4.0,0.0,4.9616827328759525,-4.9616827328759525
118,2023-04-13,29.55703,3.0,0.0,3.5001908276842757,-3.5001908276842757
118,2023-04-14,25.1308,2.0,0.0,2.976029582551697,-2.976029582551697
118,2023-04-15,25.4193,2.0,0.0,3.010194214579574,-3.010194214579574
118,2023-04-17,29.54262,3.0,0.0,3.498484372406904,-3.498484372406904
118,2023-04-18,29.09758,3.0,0.0,3.4457820228828613,-3.4457820228828613
118,2023-04-19,29.13066,3.0,0.0,3.4496994094599223,-3.4496994094599223
118,2023-04-20,25.1585,2.0,0.0,2.979309860912779,-2.979309860912779
118,2023-04-21,41.84678,4.0,0.0,4.955562704511306,-4.955562704511306
118,2023-04-22,39.1702,3.0,0.0,4.6385978144136475,-4.6385978144136475
118,2023-04-24,29.878420000000002,3.0,0.0,3.538250346184932,-3.538250346184932
118,2023-04-25,29.35955,3.0,0.0,3.476804929823391,-3.476804929823391
118,2023-04-26,25.3784,2.0,0.0,3.0053507710789145,-3.0053507710789145
118,2023-04-27,29.38809,3.0,0.0,3.480184682329719,-3.480184682329719
118,2023-04-28,44.63256,5.0,0.0,5.2854592334909185,-5.2854592334909185
118,2023-04-29,27.295792,3.0,0.0,3.2324114023898147,-3.2324114023898147
118,2023-05-01,25.083,2.0,0.0,2.9703690300008043,-2.9703690300008043
118,2023-05-02,29.86602,3.0,0.0,3.536781918326541,-3.536781918326541
118,2023-05-03,36.90651,5.0,0.0,4.370528019352349,-4.370528019352349
118,2023-05-04,29.82235,3.0,0.0,3.5316104469897738,-3.5316104469897738
118,2023-05-05,56.214150000000004,5.0,0.0,6.656969669011671,-6.656969669011671
118,2023-05-06,24.9653,2.0,0.0,2.9564308075062424,-2.9564308075062424
118,2023-05-08,59.32034,5.0,7.296,7.024809663322487,0.27119033667751324
118,2023-05-09,33.99611,4.0,0.0,4.025873790395912,-4.025873790395912
118,2023-05-10,33.43154,4.0,0.0,3.9590165068465932,-3.9590165068465932
118,2023-05-11,29.24984,3.0,0.0,3.4638128959246792,-3.4638128959246792
118,2023-05-12,12.281,1.0,0.0,1.4543356878140528,-1.4543356878140528
118,2023-05-13,37.351,3.0,2.118,4.423165236995577,-2.305165236995577
118,2023-05-15,38.018244,5.0,0.0,4.502181340055572,-4.502181340055572
118,2023-05-16,35.7479,3.0,0.0,4.233323567658006,-4.233323567658006
118,2023-05-17,47.7562,4.0,0.0,5.655365684747615,-5.655365684747615
118,2023-05-18,50.5229,4.0,0.0,5.983002729570931,-5.983002729570931
118,2023-05-19,38.518100000000004,3.0,0.0,4.561375088086513,-4.561375088086513
118,2023-05-20,0.688611,1.0,0.0,0.08154641741888466,-0.08154641741888466
118,2023-05-22,36.274065,4.0,0.0,4.295632869602366,-4.295632869602366
118,2023-05-23,24.195500000000003,2.0,0.0,2.865269858684546,-2.865269858684546
118,2023-05-24,37.0299,3.0,0.0,4.38514006075935,-4.38514006075935
118,2023-05-25,50.3281,4.0,0.0,5.959934201602021,-5.959934201602021
118,2023-05-26,52.06678,5.0,0.0,6.165831471668672,-6.165831471668672
118,2023-05-27,0.702121,1.0,0.0,0.08314629325492146,-0.08314629325492146
118,2023-05-29,7.95407,2.0,0.0,0.941933707708747,-0.941933707708747
118,2023-05-30,33.79981,3.0,0.0,4.002627630024778,-4.002627630024778
118,2023-05-31,37.539699999999996,3.0,0.0,4.445511393195439,-4.445511393195439
118,2023-06-01,25.176000000000002,2.0,0.0,2.9813822389387337,-2.9813822389387337
118,2023-06-02,37.6338,3.0,0.0,4.456654865895,-4.456654865895
118,2023-06-05,51.73814,5.0,0.0,6.1269133965572635,-6.1269133965572635
118,2023-06-06,60.4282,5.0,0.0,7.156004218741562,-7.156004218741562
118,2023-06-07,29.612000000000002,3.0,0.0,3.5067004631178023,-3.5067004631178023
118,2023-06-08,25.333,2.0,0.0,2.9999744303715814,-2.9999744303715814
118,2023-06-09,24.8747,2.0,0.0,2.9457018104118733,-2.9457018104118733
118,2023-06-10,24.154529999999998,4.0,0.0,2.860418125671783,-2.860418125671783
118,2023-06-11,7.78589,2.0,0.0,0.9220175627713179,-0.9220175627713179
118,2023-06-12,50.1384,4.0,0.0,5.937469623800675,-5.937469623800675
118,2023-06-13,37.7575,3.0,0.0,4.47130361799846,-4.47130361799846
118,2023-06-14,48.296499999999995,4.0,1.647,5.7193488760289375,-4.072348876028937
118,2023-06-15,24.8947,2.0,0.0,2.9480702424415353,-2.9480702424415353
118,2023-06-16,37.8654,3.0,0.0,4.484081308798488,-4.484081308798488
118,2023-06-19,36.6292,3.0,0.0,4.337688525045069,-4.337688525045069
118,2023-06-20,37.2999,3.0,0.0,4.41711389315979,-4.41711389315979
118,2023-06-21,36.9492,3.0,0.0,4.375583437519664,-4.375583437519664
118,2023-06-22,13.4192,1.0,0.0,1.5891231546221265,-1.5891231546221265
118,2023-06-23,37.9076,3.0,0.0,4.489078700381075,-4.489078700381075
118,2023-06-26,49.9373,4.0,0.0,5.913655039742422,-5.913655039742422
118,2023-06-27,49.9983,4.0,0.0,5.920878757432892,-5.920878757432892
118,2023-06-28,37.0169,3.0,0.0,4.383600579940071,-4.383600579940071
118,2023-06-29,38.1876,3.0,0.0,4.522236748796345,-4.522236748796345
118,2023-06-30,50.887299999999996,4.0,0.0,6.026155561151374,-6.026155561151374
118,2023-07-19,72.8506,6.0,0.0,8.627084721005327,-8.627084721005327
118,2023-07-20,36.6957,3.0,0.0,4.345563561543696,-4.345563561543696
118,2023-07-21,61.897582,6.0,0.0,7.330010788372015,-7.330010788372015
118,2023-07-22,24.174799999999998,2.0,0.0,2.8628185315338452,-2.8628185315338452
118,2023-07-24,36.00168,3.0,0.0,4.263376601682389,-4.263376601682389
118,2023-07-25,47.06843,4.0,0.0,5.573918859895578,-5.573918859895578
118,2023-07-26,35.81852,3.0,0.0,4.241686501154743,-4.241686501154743
118,2023-07-27,49.41722,5.0,0.0,5.852066333243087,-5.852066333243087
118,2023-07-28,24.648,2.0,0.0,2.9188556333556526,-2.9188556333556526
118,2023-07-29,26.2327,1.0,0.0,3.1065183452259344,-3.1065183452259344
118,2023-07-31,48.39101,4.0,0.0,5.7305409015851065,-5.7305409015851065
118,2023-08-01,70.0783,5.0,0.0,8.298784515213706,-8.298784515213706
118,2023-08-02,49.66444,5.0,0.0,5.881342521561741,-5.881342521561741
118,2023-08-03,50.399,4.0,0.0,5.968330293147173,-5.968330293147173
118,2023-08-04,49.91781,4.0,0.0,5.911347002729517,-5.911347002729517
118,2023-08-07,39.3652,3.0,0.0,4.661690026702853,-4.661690026702853
118,2023-08-08,35.70475,4.0,0.0,4.228213675554009,-4.228213675554009
118,2023-08-09,64.25278,5.0,0.0,7.608917107341829,-7.608917107341829
118,2023-08-10,62.2199,6.0,0.0,7.3681802021188485,-7.3681802021188485
118,2023-08-11,37.18586,3.0,0.0,4.403609093726656,-4.403609093726656
118,2023-08-14,53.8918,2.0,0.0,6.381953262807374,-6.381953262807374
118,2023-08-15,51.63290000000001,3.0,0.0,6.114450707217181,-6.114450707217181
118,2023-08-16,38.58059,4.0,0.0,4.568775253963192,-4.568775253963192
118,2023-08-17,50.084500000000006,3.0,0.0,5.931086699480736,-5.931086699480736
118,2023-08-18,51.7598,3.0,0.0,6.129478408445387,-6.129478408445387
118,2023-08-19,8.17775,2.0,0.0,0.9684222515284886,-0.9684222515284886
118,2023-08-21,36.3724,3.0,0.0,4.307277857784207,-4.307277857784207
118,2023-08-22,49.1327,3.0,0.0,5.818373019189114,-5.818373019189114
118,2023-08-23,38.94231,4.0,0.0,4.611610715651661,-4.611610715651661
118,2023-08-24,51.01874,5.0,0.0,6.041720896450315,-6.041720896450315
118,2023-08-25,49.184200000000004,2.0,0.0,5.8244717316654935,-5.8244717316654935
118,2023-08-26,8.28527,2.0,0.0,0.9811549421199525,-0.9811549421199525
118,2023-08-28,49.6059,2.0,0.0,5.87441012101092,-5.87441012101092
118,2023-08-29,49.166044,5.0,0.0,5.822321669068966,-5.822321669068966
118,2023-08-30,36.784521,4.0,0.0,4.356081886609027,-4.356081886609027
118,2023-08-31,49.3968,3.0,0.0,5.8496481641408025,-5.8496481641408025
118,2023-09-01,51.688,2.0,0.0,6.1209757374589,-6.1209757374589
118,2023-09-02,7.7002299999999995,2.0,0.0,0.9118735683882747,-0.9118735683882747
118,2023-09-04,7.901819999999999,2.0,0.0,0.9357461790312545,-0.9357461790312545
118,2023-09-05,37.804,3.0,0.0,4.476810222467425,-4.476810222467425
118,2023-09-06,38.9949,3.0,0.0,4.6178385076736586,-4.6178385076736586
118,2023-09-07,52.046699999999994,2.0,0.0,6.16345356591089,-6.16345356591089
118,2023-09-08,49.8246,3.0,0.0,5.900308925255276,-5.900308925255276
118,2023-09-09,7.601839999999999,2.0,0.0,0.9002220670183516,-0.9002220670183516
118,2023-09-11,24.2663,2.0,0.0,2.8736541080695504,-2.8736541080695504
118,2023-09-12,51.1438,4.0,0.0,6.056530701931792,-6.056530701931792
118,2023-09-13,51.2105,3.0,0.0,6.064429422750716,-6.064429422750716
118,2023-09-14,48.9543,3.0,0.0,5.797246605484527,-5.797246605484527
118,2023-09-15,43.862646,5.0,0.0,5.194284784606652,-5.194284784606652
118,2023-09-16,7.80438,2.0,0.0,0.9242071781827405,-0.9242071781827405
118,2023-09-18,51.6796,3.0,0.0,6.119980996006442,-6.119980996006442
118,2023-09-19,37.364,2.0,0.0,4.424704717814857,-4.424704717814857
157,2021-03-10,24.11122,2.0,0.0,4.9358078090965245,-4.9358078090965245
157,2021-03-16,36.8043,5.0,0.0,7.534208196363817,-7.534208196363817
157,2021-03-17,42.615120000000005,4.0,0.0,8.723741149621857,-8.723741149621857
157,2021-03-24,0.660548,1.0,0.0,0.1352207800635178,-0.1352207800635178
157,2021-03-31,1.235668,2.0,3.1,0.2529535943784961,2.847046405621504
157,2021-04-05,0.0,0.0,35.34,0.0,35.34
157,2021-04-06,65.6324,2.0,3.1,13.435608503001786,-10.335608503001787
157,2021-04-08,3.71526,2.0,0.0,0.7605508688827837,-0.7605508688827837
157,2021-04-13,34.7626,1.0,19.22,7.116251792505682,12.103748207494316
157,2021-04-14,70.03479999999999,2.0,0.0,14.336823800227165,-14.336823800227165
157,2021-04-15,34.5928,1.0,23.56,7.081492034766977,16.47850796523302
157,2021-04-16,70.4836,2.0,0.0,14.42869764753653,-14.42869764753653
157,2021-04-20,10.1998,1.0,14.88,2.0880010423040694,12.791998957695931
157,2021-04-21,116.3819,2.0,30.38,23.82453856990608,6.555461430093921
157,2021-04-22,65.4499,2.0,0.0,13.398248928282625,-13.398248928282625
157,2021-04-23,65.0584,2.0,0.0,13.318104963885085,-13.318104963885085
157,2021-04-24,57.32915,5.0,0.0,11.735850208279215,-11.735850208279215
157,2021-04-27,36.36731,3.0,38.44,7.444751974136279,30.995248025863717
157,2021-04-28,159.25889999999998,6.0,24.18,32.60188917392494,-8.421889173924939
157,2021-04-29,36.4208,1.0,0.0,7.455701911953965,-7.455701911953965
157,2021-05-05,16.9632,1.0,0.0,3.472536645896233,-3.472536645896233
157,2021-05-07,63.656369999999995,2.0,0.0,13.031095404742592,-13.031095404742592
157,2021-05-12,0.752538,1.0,35.34,0.15405205282195925,35.18594794717804
157,2021-05-19,90.94130000000001,2.0,0.0,18.616593383055267,-18.616593383055267
157,2021-05-20,0.0,0.0,14.26,0.0,14.26
157,2021-05-31,3.58373,1.0,0.0,0.7336253627851883,-0.7336253627851883
157,2021-06-01,69.54296000000001,4.0,0.0,14.236139234584035,-14.236139234584035
157,2021-06-02,67.636829,4.0,0.0,13.845935160507278,-13.845935160507278
157,2021-06-03,30.5323,1.0,0.0,6.250267086015465,-6.250267086015465
157,2021-06-09,0.0,0.0,27.28,0.0,27.28
157,2021-06-10,12.02572,2.0,0.0,2.461785122694258,-2.461785122694258
157,2021-06-23,1.66205,1.0,0.0,0.34023825294235954,-0.34023825294235954
157,2021-06-24,5.70687,1.0,0.0,1.168253348918001,-1.168253348918001
157,2021-07-02,67.33196,2.0,0.0,13.783525427986422,-13.783525427986422
157,2021-07-03,34.43898,4.0,18.6,7.050003542803683,11.549996457196318
157,2021-07-05,46.991134,4.0,15.5,9.61955496882784,5.88044503117216
157,2021-07-06,3.57702,4.0,34.72,0.732251758695514,33.98774824130449
157,2021-07-08,133.35858,9.0,0.0,27.299834706581564,-27.299834706581564
157,2021-07-09,0.522975,2.0,62.0,0.10705821144522154,61.89294178855478
157,2021-07-10,30.159841,7.0,0.0,6.174021004698623,-6.174021004698623
157,2021-07-11,18.78454,2.0,38.44,3.845383154493469,34.59461684550653
157,2021-07-12,0.330781,1.0,0.0,0.06771417800097869,-0.06771417800097869
157,2021-07-13,68.327477,4.0,18.6,13.987317711524476,4.612682288475526
157,2021-07-14,94.00733,8.0,25.42,19.244240379637112,6.175759620362889
157,2021-07-15,72.18119999999999,3.0,21.08,14.776213340924183,6.303786659075815
157,2021-07-16,200.84635600000001,7.0,38.44,41.11525722768821,-2.6752572276882134
157,2021-07-17,125.394355,11.0,31.62,25.66947821908729,5.950521780912712
157,2021-07-18,24.18868,2.0,0.0,4.951664645577326,-4.951664645577326
157,2021-07-19,51.3255,3.0,28.52,10.506843026017915,18.013156973982085
157,2021-07-20,71.280201,5.0,47.12,14.591769837020687,32.52823016297931
157,2021-07-21,50.723894,5.0,24.8,10.383688262683695,14.416311737316306
157,2021-07-22,47.192254,4.0,38.44,9.660726243718347,28.77927375628165
157,2021-07-23,111.40326,6.0,0.0,22.80536118316744,-22.80536118316744
157,2021-07-24,117.701605,7.0,51.459999999999994,24.094695378425254,27.36530462157474
157,2021-07-25,69.44843300000001,3.0,5.58,14.216788612559498,-8.636788612559497
157,2021-07-26,186.426471,6.0,34.72,38.163362591528205,-3.4433625915282065
157,2021-07-27,93.63740200000001,5.0,53.94,19.16851241932638,34.77148758067362
157,2021-07-28,92.10839899999999,5.0,38.44,18.855510217549277,19.58448978245072
157,2021-07-29,108.39104,6.0,38.44,22.188729631602786,16.25127036839721
157,2021-07-30,172.10764600000002,8.0,0.0,35.232155947812686,-35.232155947812686
157,2021-07-31,104.85651700000001,5.0,0.0,21.46517743371188,-21.46517743371188
157,2021-08-01,34.914868,4.0,39.68,7.147422574551364,32.532577425448636
157,2021-08-02,111.143557,6.0,54.56,22.752197382437085,31.807802617562917
157,2021-08-03,35.90063,2.0,42.16,7.349217912054428,34.81078208794557
157,2021-08-04,147.18019,6.0,0.0,30.129256468412226,-30.129256468412226
157,2021-08-05,90.07920000000001,4.0,38.44,18.440112893381908,19.99988710661809
157,2021-08-06,127.609244,6.0,0.0,26.122888142868913,-26.122888142868913
157,2021-08-07,33.115965,4.0,35.34,6.779169144189601,28.5608308558104
157,2021-08-08,61.666976,4.0,45.879999999999995,12.623846562063965,33.25615343793603
157,2021-08-09,97.257243,6.0,52.7,19.909530064865997,32.790469935134006
157,2021-08-10,34.17544,5.0,40.92,6.996054269809231,33.92394573019077
157,2021-08-11,178.007671,12.0,38.44,36.43995005648345,2.000049943516551
157,2021-08-12,170.10186,6.0,0.0,34.821551498839284,-34.821551498839284
157,2021-08-13,199.50005,5.0,0.0,40.83965492849997,-40.83965492849997
157,2021-08-14,0.0,0.0,48.98,0.0,48.98
157,2021-08-15,66.72927,5.0,14.88,13.660148759013872,1.219851240986129
157,2021-08-16,30.5446,1.0,39.68,6.252785018996537,33.42721498100346
157,2021-08-17,81.55406,5.0,32.24,16.69493149710079,15.545068502899213
157,2021-08-18,165.7722,6.0,0.0,33.935226806901966,-33.935226806901966
157,2021-08-19,47.858919,5.0,38.44,9.797199234842452,28.642800765157546
157,2021-08-20,15.652825,3.0,38.44,3.204289781662699,35.235710218337296
157,2021-08-21,95.691176,8.0,0.0,19.588940491705934,-19.588940491705934
157,2021-08-22,30.543628000000002,2.0,29.76,6.252586040878033,23.50741395912197
157,2021-08-23,77.80819,4.0,31.0,15.928114455165108,15.071885544834892
157,2021-08-24,57.84407,4.0,50.22,11.841259480686833,38.37874051931317
157,2021-08-25,105.881012,8.0,0.0,21.674901803585335,-21.674901803585335
157,2021-08-26,270.957865,13.0,0.0,55.46778412718734,-55.46778412718734
157,2021-08-27,64.957705,4.0,0.0,13.29749169059004,-13.29749169059004
157,2021-08-28,164.72465,6.0,4.34,33.72078284801398,-29.380782848013983
157,2021-08-29,94.683835,4.0,3.72,19.382727717146075,-15.662727717146074
157,2021-08-30,11.055068,3.0,19.84,2.263082953267943,17.576917046732056
157,2021-08-31,35.152766,5.0,64.48,7.1961226737652755,57.28387732623473
157,2021-09-01,0.463874,1.0,28.52,0.09495964582616895,28.42504035417383
157,2021-09-02,124.055097,7.0,0.0,25.3953187159682,-25.3953187159682
157,2021-09-03,74.05779,4.0,32.24,15.1603700769364,17.0796299230636
157,2021-09-04,129.113436,9.0,25.42,26.430811284874192,-1.0108112848741904
157,2021-09-05,133.56990000000002,5.0,37.82,27.34309402345638,10.47690597654362
157,2021-09-06,59.276271,4.0,11.16,12.134445345192896,-0.9744453451928958
157,2021-09-07,47.22501,3.0,42.16,9.66743172442794,32.492568275572054
157,2021-09-08,81.312386,7.0,38.44,16.64545841293269,21.794541587067307
157,2021-09-09,100.760186,8.0,38.44,20.626617521005503,17.813382478994495
157,2021-09-10,116.45119,5.0,38.44,23.83872292569945,14.601277074300548
157,2021-09-11,84.580642,5.0,4.96,17.314503093663344,-12.354503093663343
157,2021-09-12,136.63206,7.0,50.839999999999996,27.96994879234418,22.870051207655816
157,2021-09-13,166.943473,7.0,35.959999999999994,34.17499810092956,1.785001899070437
157,2021-09-14,65.09813700000001,4.0,13.64,13.326239525093937,0.3137604749060632
157,2021-09-15,157.95508999999998,13.0,38.44,32.3349862308313,6.1050137691687
157,2021-09-16,134.641013,8.0,38.44,27.562361564038095,10.877638435961902
157,2021-09-17,90.095436,3.0,38.44,18.443436564916922,19.996563435083075
157,2021-09-18,65.933871,5.0,32.24,13.497322630947867,18.742677369052135
157,2021-09-19,0.873396,1.0,8.68,0.17879289381597727,8.501207106184022
157,2021-09-20,126.89453,5.0,48.980000000000004,25.97657904102875,23.003420958971255
157,2021-09-21,30.7372,1.0,6.82,6.292212164700156,0.5277878352998444
157,2021-09-22,29.836313,6.0,14.88,6.107791588316483,8.772208411683518
157,2021-09-23,1.3802539999999999,2.0,0.0,0.2825517942160004,-0.2825517942160004
157,2021-09-24,161.60553,8.0,0.0,33.08226779761383,-33.08226779761383
157,2021-09-25,72.24902900000001,6.0,38.44,14.790098615409809,23.649901384590187
157,2021-09-26,96.69682,4.0,27.28,19.7948058733984,7.485194126601602
157,2021-09-27,176.492,4.0,14.88,36.12967704840583,-21.24967704840583
157,2021-09-28,72.936549,5.0,44.64,14.93084083355182,29.70915916644818
157,2021-09-29,80.321694,7.0,33.48,16.44265385513721,17.037346144862788
157,2021-09-30,70.712772,6.0,38.44,14.475611447303871,23.96438855269613
157,2021-10-01,169.869588,10.0,0.0,34.77400309807671,-34.77400309807671
157,2021-10-02,45.751378,5.0,19.84,9.365764519975635,10.474235480024365
157,2021-10-03,71.77972,3.0,27.28,14.694026370742002,12.585973629258
157,2021-10-04,126.425496,5.0,28.519999999999996,25.88056309161052,2.6394369083894773
157,2021-10-05,30.4812,1.0,0.0,6.239806405094101,-6.239806405094101
157,2021-10-06,176.71345,7.0,38.44,36.175010077565055,2.2649899224349426
157,2021-10-07,168.35297,7.0,38.44,34.463536229630556,3.976463770369442
157,2021-10-08,120.091183,12.0,0.0,24.58386588712806,-24.58386588712806
157,2021-10-09,93.6231,2.0,52.08,19.165584656928385,32.91441534307161
157,2021-10-10,31.2885,1.0,0.0,6.405068786851789,-6.405068786851789
157,2021-10-11,104.86491,3.0,9.92,21.466895564728958,-11.546895564728958
157,2021-10-12,40.392506,2.0,19.22,8.268749841102117,10.951250158897881
157,2021-10-13,84.925156,6.0,11.16,17.385028554073187,-6.225028554073187
157,2021-10-14,169.246626,8.0,0.0,34.64647654801536,-34.64647654801536
157,2021-10-15,182.51573,13.0,0.0,37.36279480743624,-37.36279480743624
157,2021-10-16,39.727818,4.0,13.64,8.13268156164497,5.50731843835503
157,2021-10-17,112.2741,4.0,38.44,22.983630838227352,15.456369161772646
157,2021-10-18,30.2669,1.0,13.02,6.195937052423876,6.824062947576124
157,2021-10-19,38.641215,3.0,13.64,7.910243063187087,5.7297569368129135
157,2021-10-20,94.019587,6.0,38.44,19.246749510088254,19.193250489911744
157,2021-10-21,71.85418,5.0,38.44,14.70926907722742,23.73073092277258
157,2021-10-22,198.80964,9.0,0.0,40.69832109846241,-40.69832109846241
157,2021-10-23,58.66566,5.0,24.18,12.009447168322533,12.170552831677467
157,2021-10-24,120.468406,6.0,54.56,24.66108720687757,29.89891279312243
157,2021-10-25,60.14807,6.0,44.019999999999996,12.31291131714133,31.707088682858668
157,2021-10-26,74.929167,3.0,11.16,15.338749661265487,-4.178749661265487
157,2021-10-27,69.17147299999999,5.0,13.02,14.160092131385692,-1.1400921313856927
157,2021-10-28,214.53445,7.0,0.0,43.91734692936433,-43.91734692936433
157,2021-10-29,41.67939,2.0,38.44,8.5321878627618,29.907812137238196
157,2021-10-30,162.23669999999998,4.0,57.66,33.21147460734256,24.448525392657437
157,2021-10-31,33.4091,1.0,14.88,6.839176809588511,8.04082319041149
157,2021-11-01,176.60165,9.0,8.68,36.1521234997371,-27.4721234997371
157,2021-11-02,201.08346799999998,8.0,24.18,41.163796424843326,-16.983796424843327
157,2021-11-03,39.3527,2.0,0.0,8.05589115644222,-8.05589115644222
157,2021-11-04,198.752164,5.0,38.44,40.68655518659085,-2.2465551865908537
157,2021-11-05,128.384072,8.0,0.0,26.281503181556573,-26.281503181556573
157,2021-11-06,145.266432,5.0,4.96,29.737491071177207,-24.777491071177206
157,2021-11-07,50.23307,4.0,0.0,10.283211682398996,-10.283211682398996
157,2021-11-08,66.10199,5.0,48.36,13.53173827117916,34.82826172882084
157,2021-11-09,127.2846,4.0,52.08,26.05643027012849,26.023569729871507
157,2021-11-10,43.8679,5.0,38.44,8.980197741494019,29.45980225850598
157,2021-11-11,109.6186,6.0,28.52,22.44002343731376,6.079976562686241
157,2021-11-12,247.944623,11.0,63.86,50.75674339278119,13.10325660721881
157,2021-11-13,154.32764,5.0,57.66,31.592410946913393,26.067589053086603
157,2021-11-14,208.1251,6.0,58.9,42.60528890072734,16.29471109927266
157,2021-11-15,93.30030000000001,3.0,47.739999999999995,19.099504269425125,28.64049573057487
157,2021-11-16,9.389040000000001,2.0,11.780000000000001,1.9220303639517053,9.857969636048296
157,2021-11-17,59.091519999999996,4.0,19.84,12.096624968267198,7.743375031732802
157,2021-11-18,107.300684,9.0,34.72,21.96552285652068,12.75447714347932
157,2021-11-19,157.21786,7.0,4.34,32.184067878665786,-27.844067878665786
157,2021-11-21,30.615,1.0,6.82,6.267196602888203,0.5528033971117976
157,2021-11-22,31.203862,2.0,7.44,6.387742542002035,1.0522574579979658
157,2021-11-23,75.855614,12.0,48.36,15.528402625209825,32.83159737479018
157,2021-11-24,139.06182,7.0,38.44,28.467344958205153,9.972655041794845
157,2021-11-26,50.402177,6.0,17.98,10.317829576108767,7.662170423891233
157,2021-11-28,163.83819,9.0,0.0,33.53931562277811,-33.53931562277811
157,2021-11-30,179.401691,12.0,32.86,36.725319888538266,-3.8653198885382665
157,2021-12-01,93.46172,6.0,0.0,19.132548557376722,-19.132548557376722
157,2021-12-02,13.9756,1.0,39.68000000000001,2.8609450544936914,36.819054945506316
157,2021-12-03,81.978774,3.0,42.160000000000004,16.78187469938722,25.378125300612783
157,2021-12-04,85.6199,3.0,0.0,17.527249597244083,-17.527249597244083
157,2021-12-06,58.255545,4.0,0.0,11.925492527303636,-11.925492527303636
157,2021-12-07,57.147749000000005,3.0,34.1,11.698715609848366,22.401284390151638
157,2021-12-08,47.276880000000006,6.0,7.44,9.678050032048121,-2.238050032048121
157,2021-12-09,179.862524,7.0,10.54,36.81965701125912,-26.27965701125912
157,2021-12-10,18.49156,3.0,37.82,3.7854072191443207,34.03459278085568
157,2021-12-11,45.730000000000004,3.0,0.0,9.361388229628533,-9.361388229628533
157,2021-12-12,28.606,2.0,38.44,5.8559342159797465,32.584065784020254
157,2021-12-14,148.14945,10.0,38.44,30.327673681520682,8.112326318479315
157,2021-12-15,154.0525,9.0,13.64,31.53608703793679,-17.89608703793679
157,2021-12-16,94.86934,5.0,34.1,19.420702445410612,14.67929755458939
157,2021-12-17,25.23364,3.0,0.0,5.165578405569292,-5.165578405569292
157,2021-12-18,71.12403599999999,7.0,16.74,14.559801300110998,2.180198699889001
157,2021-12-19,45.821799999999996,3.0,20.46,9.380180607487265,11.079819392512736
157,2021-12-20,42.0879,1.0,19.84,8.615813944233166,11.224186055766834
157,2021-12-21,162.2509,11.0,54.56,33.21438148932071,21.345618510679294
157,2021-12-22,34.89887,4.0,0.0,7.144147623995983,-7.144147623995983
157,2021-12-23,47.89881,7.0,9.3,9.805365321391065,-0.5053653213910643
157,2021-12-24,127.28593,6.0,26.04,26.056702534426442,-0.016702534426443094
157,2021-12-26,42.3163,2.0,38.44,8.662569707881694,29.777430292118304
157,2021-12-28,74.846282,4.0,48.980000000000004,15.321782273043032,33.65821772695697
157,2021-12-29,29.986161000000003,3.0,0.0,6.13846697216589,-6.13846697216589
157,2021-12-30,28.139,2.0,0.0,5.760334646698388,-5.760334646698388
157,2021-12-31,120.99279999999999,3.0,22.94,24.768435901810605,-1.8284359018106038
157,2022-01-02,61.864399999999996,4.0,35.96,12.66426122880016,23.29573877119984
157,2022-01-04,22.88292,4.0,0.0,4.684362517986689,-4.684362517986689
157,2022-01-05,57.069,1.0,0.0,11.682594902179549,-11.682594902179549
157,2022-01-06,13.9997,1.0,59.519999999999996,2.8658785654566055,56.65412143454339
157,2022-01-07,103.2596,2.0,0.0,21.138272557099288,-21.138272557099288
157,2022-01-08,121.32670999999999,5.0,31.62,24.83679061739677,6.783209382603232
157,2022-01-09,27.5304,2.0,32.24,5.63574814163493,26.60425185836507
157,2022-01-10,75.006114,9.0,0.0,15.354501481517074,-15.354501481517074
157,2022-01-11,158.560239,2.0,3.1,32.45886628169007,-29.35886628169007
157,2022-01-12,71.22495,5.0,0.0,14.58045940489571,-14.58045940489571
157,2022-01-13,185.52679999999998,3.0,0.0,37.97919094250266,-37.97919094250266
157,2022-01-14,99.69342,5.0,0.0,20.40823985478709,-20.40823985478709
157,2022-01-15,156.92647,7.0,0.0,32.12441743221419,-32.12441743221419
157,2022-01-16,27.2329,2.0,0.0,5.574846917092737,-5.574846917092737
157,2022-01-17,29.86516,3.0,0.0,6.113696857642092,-6.113696857642092
157,2022-01-18,68.80881000000001,5.0,12.4,14.08585138921378,-1.685851389213779
157,2022-01-19,14.1235,1.0,28.52,2.891221663266096,25.6287783367339
157,2022-01-20,23.4871,1.0,0.0,4.80804420485695,-4.80804420485695
157,2022-01-21,170.551625,7.0,56.42,34.913622891297166,21.506377108702836
157,2022-01-22,156.45161,7.0,35.34,32.027208842344926,3.3127911576550773
157,2022-01-23,52.7997,2.0,0.0,10.808626505749347,-10.808626505749347
157,2022-01-26,65.97763,5.0,24.8,13.50628053577053,11.29371946422947
157,2022-01-27,164.43092,12.0,53.94,33.66065338016599,20.27934661983401
157,2022-01-28,123.14029,5.0,47.12,25.208048576405947,21.91195142359405
157,2022-01-29,199.423672,7.0,13.64,40.824019588237505,-27.184019588237504
157,2022-01-30,29.610619999999997,3.0,32.86,6.061589974633789,26.79841002536621
157,2022-01-31,53.4059,4.0,0.0,10.932721706816498,-10.932721706816498
157,2022-02-01,44.641729999999995,3.0,0.0,9.138608479603212,-9.138608479603212
157,2022-02-02,7.98034,1.0,0.0,1.6336553891194787,-1.6336553891194787
157,2022-02-03,0.0,0.0,38.44,0.0,38.44
157,2022-02-04,195.418319,7.0,14.26,40.00408378177113,-25.74408378177113
157,2022-02-05,220.54976,10.0,21.7,45.14874103020769,-23.44874103020769
157,2022-02-06,20.74365,3.0,28.52,4.2464325595786985,24.273567440421303
157,2022-02-09,39.15171,5.0,6.2,8.014746493851513,-1.814746493851513
157,2022-02-10,132.97628,8.0,21.08,27.221574074169865,-6.141574074169867
157,2022-02-11,140.45329999999998,3.0,42.78,28.752194826863875,14.027805173136127
157,2022-02-12,109.6528,2.0,29.14,22.44702451926113,6.69297548073887
157,2022-02-13,27.9784,2.0,16.12,5.727458220945526,10.392541779054476
157,2022-02-14,61.55088000000001,5.0,0.0,12.600080550082621,-12.600080550082621
157,2022-02-15,29.612056000000003,4.0,21.080000000000002,6.06188393819158,15.01811606180842
157,2022-02-17,140.74540000000002,4.0,33.48,28.811990617414384,4.668009382585613
157,2022-02-18,187.48141999999999,9.0,59.519999999999996,38.3793211996948,21.140678800305196
157,2022-02-19,103.63234,6.0,13.02,21.214576161925695,-8.194576161925696
157,2022-02-20,28.800600000000003,2.0,16.74,5.895770781680287,10.844229218319711
157,2022-02-22,35.459,3.0,0.0,7.258811835434029,-7.258811835434029
157,2022-02-23,59.4755,3.0,7.4399999999999995,12.175229513476312,-4.7352295134763125
157,2022-02-24,178.0775,7.0,0.0,36.45424475096599,-36.45424475096599
157,2022-02-25,120.97580000000002,4.0,55.8,24.764955831836772,31.035044168163225
157,2022-02-26,120.43003999999999,10.0,0.0,24.653233303076608,-24.653233303076608
157,2022-02-27,28.1446,2.0,32.24,5.76148102268977,26.47851897731023
157,2022-03-01,28.378300000000003,2.0,7.44,5.809321749330143,1.6306782506698578
157,2022-03-02,36.295776000000004,5.0,0.0,7.430108249106359,-7.430108249106359
157,2022-03-03,125.794449,8.0,38.44,25.751381461211604,12.688618538788393
157,2022-03-04,254.36117,11.0,0.0,52.0702747192771,-52.0702747192771
157,2022-03-05,132.01939,6.0,0.0,27.02568912374237,-27.02568912374237
157,2022-03-06,84.31867,6.0,34.1,17.26087480594648,16.839125194053523
157,2022-03-08,0.0,0.0,38.44,0.0,38.44
157,2022-03-09,98.7012,2.0,8.68,20.205122500113966,-11.525122500113966
157,2022-03-11,110.91486,4.0,29.14,22.705380819919014,6.434619180080986
157,2022-03-12,120.8224,5.0,29.14,24.733553318072826,4.406446681927175
157,2022-03-13,44.747,1.0,24.18,9.160158301141218,15.019841698858782
157,2022-03-14,52.131056,3.0,4.34,10.671748393538287,-6.3317483935382874
157,2022-03-25,10.231,1.0,0.0,2.0943879942560577,-2.0943879942560577
157,2022-03-26,154.27093,22.0,0.0,31.58080184290066,-31.58080184290066
157,2022-03-28,95.0453,11.0,0.0,19.456723216739835,-19.456723216739835
157,2022-03-29,200.45255,21.0,36.58,41.034641202034216,-4.454641202034217
157,2022-03-31,173.10398,23.0,0.0,35.436115479419485,-35.436115479419485
157,2022-04-04,119.09038,16.0,0.0,24.37899150653814,-24.37899150653814
157,2022-04-05,116.02267,15.0,0.0,23.75100059715888,-23.75100059715888
157,2022-04-06,142.019848,19.0,0.0,29.0728828655332,-29.0728828655332
157,2022-04-07,149.42685,16.0,0.0,30.58917023355496,-30.58917023355496
157,2022-04-08,112.03443,16.0,0.0,22.934567992896167,-22.934567992896167
157,2022-04-09,104.160639,21.0,0.0,21.322724249402725,-21.322724249402725
157,2022-04-14,127.24786999999999,16.0,0.0,26.04891127188501,-26.04891127188501
157,2022-04-15,141.042746,19.0,0.0,28.87286031661681,-28.87286031661681
157,2022-04-16,110.758069,23.0,38.44,22.673284134550293,15.766715865449704
157,2022-04-17,158.390265,19.0,0.0,32.424070904411636,-32.424070904411636
157,2022-04-18,0.0,0.0,30.38,0.0,30.38
157,2022-04-20,144.864027,24.0,0.0,29.655114744246443,-29.655114744246443
157,2022-04-21,53.04987,4.0,0.0,10.859838806064372,-10.859838806064372
157,2022-04-22,124.480674,19.0,3.1,25.482438582983303,-22.3824385829833
157,2022-04-23,84.9004,9.0,0.0,17.379960753351284,-17.379960753351284
157,2022-04-25,50.02357,5.0,0.0,10.240324937721386,-10.240324937721386
157,2022-04-26,83.2651,9.0,26.04,17.045198492867762,8.994801507132237
157,2022-04-27,119.2911,23.0,0.0,24.420080897429262,-24.420080897429262
157,2022-04-28,126.86613,18.0,0.0,25.970765277072452,-25.970765277072452
157,2022-04-29,128.35748,22.0,8.68,26.276059533277493,-17.596059533277494
157,2022-04-30,109.39672,14.0,19.84,22.3946023828552,-2.554602382855201
157,2022-05-01,144.419835,17.0,0.0,29.56418420060999,-29.56418420060999
157,2022-05-02,58.74795,4.0,13.02,12.026292754095902,0.9937072459040976
157,2022-05-04,89.56433,8.0,20.46,18.33471385647421,2.1252861435257913
157,2022-05-05,31.1104,1.0,0.0,6.368609936125858,-6.368609936125858
157,2022-05-06,113.61366,21.0,0.0,23.25785216376597,-23.25785216376597
157,2022-05-07,128.649391,18.0,0.0,26.335816633638288,-26.335816633638288
157,2022-05-08,136.65869,16.0,0.0,27.975400219603202,-27.975400219603202
157,2022-05-09,2.31344,1.0,0.0,0.47358429883997005,-0.47358429883997005
157,2022-05-10,173.6746,19.0,0.0,35.552927098741385,-35.552927098741385
157,2022-05-11,81.32317,9.0,0.0,16.647666005556093,-16.647666005556093
157,2022-05-12,133.15708,18.0,0.0,27.258585641891646,-27.258585641891646
157,2022-05-13,194.72705,20.0,35.96,39.862574105844885,-3.9025741058448844
157,2022-05-14,193.85546,20.0,4.96,39.68415091828613,-34.72415091828613
157,2022-05-15,0.0,0.0,27.28,0.0,27.28
157,2022-05-16,112.29640500000001,16.0,0.0,22.98819689474303,-22.98819689474303
157,2022-05-17,164.43958,11.0,0.0,33.66242616875267,-33.66242616875267
157,2022-05-18,215.214234,16.0,0.0,44.056505510958246,-44.056505510958246
157,2022-05-19,178.822306,23.0,0.0,36.60671398607985,-36.60671398607985
157,2022-05-20,188.79817,20.0,0.0,38.64887309016852,-38.64887309016852
157,2022-05-21,105.44199,13.0,0.0,21.585029610640923,-21.585029610640923
157,2022-05-22,139.40407,17.0,0.0,28.53740695517848,-28.53740695517848
157,2022-05-24,153.36160999999998,12.0,0.0,31.394654947099962,-31.394654947099962
157,2022-05-25,164.32663,12.0,30.38,33.63930417442648,-3.259304174426479
157,2022-05-26,163.77793,12.0,0.0,33.526979798270844,-33.526979798270844
157,2022-05-27,242.2948,13.0,0.0,49.6001681351454,-49.6001681351454
157,2022-05-28,0.0,0.0,38.44,0.0,38.44
157,2022-05-29,58.394,7.0,0.0,11.953835650140576,-11.953835650140576
157,2022-05-31,186.11835,18.0,0.0,38.100287142092355,-38.100287142092355
157,2022-06-01,149.59679,13.0,0.0,30.623958650693446,-30.623958650693446
157,2022-06-02,223.654576,18.0,0.0,45.784327908789855,-45.784327908789855
157,2022-06-03,251.25492,21.0,0.0,51.43439428655715,-51.43439428655715
157,2022-06-04,105.069619,16.0,0.0,21.508801543803944,-21.508801543803944
157,2022-06-05,140.097,16.0,0.0,28.67925665441217,-28.67925665441217
157,2022-06-06,37.79074,5.0,26.66,7.736142327245838,18.923857672754163
157,2022-06-07,174.67346,15.0,0.0,35.757403727804295,-35.757403727804295
157,2022-06-08,192.31062,17.0,0.0,39.3679067242634,-39.3679067242634
157,2022-06-09,151.26467,20.0,32.24,30.965390362926833,1.2746096370731692
157,2022-06-10,120.766745,10.0,0.0,24.72216018310847,-24.72216018310847
157,2022-06-11,189.16825,15.0,0.0,38.724632166399026,-38.724632166399026
157,2022-06-12,175.037646,26.0,0.0,35.831956243303864,-35.831956243303864
157,2022-06-13,164.30784,22.0,0.0,33.63545767355539,-33.63545767355539
157,2022-06-14,7.7024,1.0,0.0,1.5767582921471859,-1.5767582921471859
157,2022-06-15,211.865415,26.0,0.0,43.37096877862157,-43.37096877862157
157,2022-06-16,110.54535,14.0,0.0,22.629738428387633,-22.629738428387633
157,2022-06-17,176.207925,25.0,0.0,36.07152405559298,-36.07152405559298
157,2022-06-18,189.31476,23.0,0.0,38.75462422827357,-38.75462422827357
157,2022-06-19,197.106648,29.0,0.0,40.34970160876305,-40.34970160876305
157,2022-06-20,229.21339,18.0,0.0,46.92227271417569,-46.92227271417569
157,2022-06-21,176.135593,19.0,37.82,36.056716971984294,1.7632830280157066
157,2022-06-22,166.254324,16.0,0.0,34.03392241020005,-34.03392241020005
157,2022-06-23,148.05261000000002,21.0,0.0,30.307849565269706,-30.307849565269706
157,2022-06-24,184.317027,28.0,0.0,37.731538313534315,-37.731538313534315
157,2022-06-25,213.442614,27.0,38.44,43.6938371834845,-5.2538371834844995
157,2022-06-26,172.875821,25.0,0.0,35.38940905088058,-35.38940905088058
157,2022-06-27,264.99711,20.0,0.0,54.24755798031003,-54.24755798031003
157,2022-06-29,70.16275,10.0,0.0,14.363016444530272,-14.363016444530272
157,2022-06-30,131.792877,18.0,0.0,26.979319647860944,-26.979319647860944
157,2022-07-01,180.297273,23.0,0.0,36.9086544783801,-36.9086544783801
157,2022-07-02,78.58931,9.0,0.0,16.088017529163086,-16.088017529163086
157,2022-07-07,27.80484,5.0,0.0,5.691928753612609,-5.691928753612609
157,2022-07-08,185.4025,19.0,38.44,37.953745489693944,0.48625451030605404
157,2022-07-09,24.300919999999998,4.0,0.0,4.974641295804605,-4.974641295804605
157,2022-07-10,37.78132,8.0,13.64,7.734213959060334,5.905786040939667
157,2022-07-11,161.22323799999998,21.0,0.0,33.00400880288212,-33.00400880288212
157,2022-07-12,0.0,0.0,30.38,0.0,30.38
157,2022-07-13,20.45417,4.0,0.0,4.187173109224164,-4.187173109224164
157,2022-07-14,85.82017,12.0,0.0,17.5682468686359,-17.5682468686359
157,2022-07-15,112.430576,21.0,0.0,23.01566303994656,-23.01566303994656
157,2022-07-16,56.27207,11.0,26.04,11.5194553631059,14.5205446368941
157,2022-07-17,178.74092,15.0,0.0,36.59005345814509,-36.59005345814509
157,2022-07-18,144.509435,21.0,31.62,29.582526216472107,2.0374737835278935
157,2022-07-20,115.55897,15.0,0.0,23.65607657087244,-23.65607657087244
157,2022-07-21,209.61825,20.0,38.44,42.91095163492961,-4.470951634929612
157,2022-07-22,204.44848100000002,22.0,38.44,41.8526482308951,-3.412648230895101
157,2022-07-23,158.97773,19.0,0.0,32.54433086365762,-32.54433086365762
157,2022-07-24,4.30626,2.0,0.0,0.8815344779733252,-0.8815344779733252
157,2022-07-25,182.06401,17.0,37.2,37.270323206931366,-0.07032320693136285
157,2022-07-26,231.40246,25.0,0.0,47.370397230507045,-47.370397230507045
157,2022-07-27,236.303303,33.0,38.44,48.3736487934954,-9.9336487934954
157,2022-07-28,209.34386,23.0,0.0,42.85478125845186,-42.85478125845186
157,2022-08-01,11.8179,2.0,0.0,2.4192422908140614,-2.4192422908140614
157,2022-08-02,5.31684,2.0,0.0,1.0884103082181973,-1.0884103082181973
157,2022-08-04,186.76627,25.0,0.0,38.23292284429531,-38.23292284429531
157,2022-08-05,172.94755,21.0,38.44,35.4040926943602,3.035907305639796
157,2022-08-06,211.86748,24.0,0.0,43.37139150476839,-43.37139150476839
157,2022-08-07,182.364416,27.0,0.0,37.33181931872909,-37.33181931872909
157,2022-08-08,93.33294000000001,13.0,6.2,19.106186003774898,-12.906186003774899
157,2022-08-09,177.094681,21.0,27.9,36.2530518749884,-8.353051874988402
157,2022-08-10,124.51365,13.0,27.28,25.489189099892556,1.790810900107445
157,2022-08-11,184.70400999999998,27.0,27.28,37.810757602868804,-10.530757602868803
157,2022-08-12,136.290363,22.0,27.9,27.900000000000002,-3.552713678800501e-15
157,2022-08-13,153.26089,18.0,0.0,31.374036556054957,-31.374036556054957
157,2022-08-14,186.13943,17.0,0.0,38.10460242885992,-38.10460242885992
157,2022-08-15,142.12436,19.0,0.0,29.094277516892372,-29.094277516892372
157,2022-08-16,177.955505,20.0,0.0,36.42927115470373,-36.42927115470373
157,2022-08-17,109.7462,11.0,27.9,22.466144433117403,5.433855566882595
157,2022-08-18,149.88235,18.0,0.0,30.682415637854014,-30.682415637854014
157,2022-08-19,193.56458,25.0,38.44,39.62460487393375,-1.1846048739337505
157,2022-08-20,204.309338,29.0,0.0,41.824164267579214,-41.824164267579214
157,2022-08-21,237.917397,25.0,0.0,48.70406997375156,-48.70406997375156
157,2022-08-22,136.15138,14.0,26.66,27.87154879028387,-1.2115487902838709
157,2022-08-23,194.000715,24.0,38.44,39.71388606911261,-1.2738860691126135
157,2022-08-24,190.154862,19.0,38.44,38.92660150740078,-0.4866015074007848
157,2022-08-25,145.624432,20.0,29.76,29.8107772506263,-0.05077725062629668
157,2022-08-26,159.35618,18.0,35.34,32.621803362575235,2.718196637424768
157,2022-08-27,144.276486,17.0,28.52,29.53483922704058,-1.0148392270405822
157,2022-08-28,152.45772,20.0,27.9,31.20961962659091,-3.309619626590912
157,2022-08-29,175.7694,16.0,0.0,35.9817536035178,-35.9817536035178
157,2022-08-30,30.17917,7.0,26.04,6.177977844258878,19.862022155741123
157,2022-08-31,131.92744,11.0,0.0,27.00686603938387,-27.00686603938387
157,2022-09-01,172.31455,22.0,0.0,35.27451126533429,-35.27451126533429
157,2022-09-02,210.71708999999998,23.0,0.0,43.13589516963866,-43.13589516963866
157,2022-09-03,20.47829,2.0,39.68,4.192110714387048,35.48788928561295
157,2022-09-04,11.5715,1.0,0.0,2.3688017471932334,-2.3688017471932334
157,2022-09-05,154.78024,15.0,37.2,31.68506269221691,5.514937307783093
157,2022-09-07,87.6783,11.0,0.0,17.948624658076522,-17.948624658076522
157,2022-09-08,196.39784,14.0,0.0,40.204601524173796,-40.204601524173796
157,2022-09-09,137.213601,20.0,0.0,28.08899604955928,-28.08899604955928
157,2022-09-10,147.614577,18.0,31.62,30.21817983051377,1.401820169486232
157,2022-09-11,107.533354,17.0,0.0,22.013152731862633,-22.013152731862633
157,2022-09-12,16.94022,3.0,0.0,3.4678324101315954,-3.4678324101315954
157,2022-09-13,126.55686,13.0,0.0,25.90745461584837,-25.90745461584837
157,2022-09-14,122.43077600000001,17.0,0.0,25.062803966557784,-25.062803966557784
157,2022-09-15,149.02004399999998,19.0,0.0,30.50589297792097,-30.50589297792097
157,2022-09-16,115.61859000000001,7.0,19.84,23.668281380980694,-3.8282813809806946
157,2022-09-17,179.50167,18.0,34.72,36.74578658947441,-2.0257865894744143
157,2022-09-18,112.58243,15.0,0.0,23.04674907205288,-23.04674907205288
157,2022-09-19,142.60335,10.0,0.0,29.19233155905528,-29.19233155905528
157,2022-09-21,75.9952,11.0,0.0,15.556977275055022,-15.556977275055022
157,2022-09-22,132.13138,10.0,26.66,27.04861459647004,-0.38861459647003826
157,2022-09-23,192.82952,23.0,0.0,39.474130742464894,-39.474130742464894
157,2022-09-24,123.80073999999999,16.0,0.0,25.343249294889617,-25.343249294889617
157,2022-09-25,138.18694,16.0,32.24,28.288248274751457,3.9517517252485455
157,2022-09-28,171.94436,13.0,0.0,35.19872967100395,-35.19872967100395
157,2022-09-29,150.625491,24.0,31.0,30.834544030820435,0.16545596917956473
157,2022-09-30,170.850983,22.0,0.0,34.9749044670165,-34.9749044670165
157,2022-10-01,199.230667,22.0,38.44,40.784509534984515,-2.3445095349845175
157,2022-10-02,168.810293,22.0,0.0,34.557154820256805,-34.557154820256805
157,2022-10-03,9.13681,1.0,0.0,1.8703963610398486,-1.8703963610398486
157,2022-10-05,106.949296,13.0,0.0,21.89359021958141,-21.89359021958141
157,2022-10-06,119.15294800000001,13.0,38.44,24.39179980172186,14.048200198278138
157,2022-10-07,183.954644,29.0,0.0,37.65735489016197,-37.65735489016197
157,2022-10-08,180.68318,22.0,35.96,36.98765349975625,-1.0276534997562479
157,2022-10-09,94.81684,14.0,17.36,19.4099551704914,-2.049955170491401
157,2022-10-13,161.452462,24.0,0.0,33.05093324756938,-33.05093324756938
157,2022-10-14,158.393514,27.0,34.72,32.424736007196636,2.2952639928033634
157,2022-10-15,197.16965000000002,21.0,38.44,40.3625987480861,-1.9225987480861022
157,2022-10-16,146.792126,22.0,0.0,30.049815887569395,-30.049815887569395
157,2022-10-17,156.79443,11.0,32.86,32.09738752401738,0.7626124759826212
157,2022-10-19,122.872533,17.0,0.0,25.153236041347988,-25.153236041347988
157,2022-10-20,164.29396400000002,20.0,37.2,33.632617117616746,3.5673828823832565
157,2022-10-21,201.235346,32.0,0.0,41.194887369989615,-41.194887369989615
157,2022-10-22,185.11371,30.0,0.0,37.89462728923834,-37.89462728923834
157,2022-10-23,160.07141099999998,25.0,31.0,32.76821829948461,-1.7682182994846087
157,2022-10-26,91.23672,8.0,0.0,18.67706881080066,-18.67706881080066
157,2022-10-27,152.771947,23.0,0.0,31.273945035277368,-31.273945035277368
157,2022-10-28,170.75889999999998,21.0,0.0,34.9560541562282,-34.9560541562282
157,2022-10-29,196.84367,24.0,38.44,40.29586738278773,-1.8558673827877357
157,2022-10-30,182.867497,21.0,35.34,37.43480502946492,-2.094805029464915
157,2022-10-31,23.18694,3.0,0.0,4.7465984517188495,-4.7465984517188495
157,2022-11-02,145.238358,16.0,31.62,29.731744042680408,1.8882559573195934
157,2022-11-03,6.113020000000001,2.0,0.0,1.2513963147929983,-1.2513963147929983
157,2022-11-04,96.979508,15.0,0.0,19.852674933443385,-19.852674933443385
157,2022-11-05,163.96898,22.0,37.2,33.56608964347684,3.6339103565231596
157,2022-11-06,182.09511,21.0,38.44,37.27668968788351,1.1633103121164865
157,2022-11-09,112.008001,13.0,0.0,22.929157712346836,-22.929157712346836
157,2022-11-10,150.554596,28.0,33.48,30.82003111547953,2.6599688845204668
157,2022-11-11,188.171271,26.0,0.0,38.520540596843226,-38.520540596843226
157,2022-11-12,180.269112,25.0,38.44,36.90288964011344,1.5371103598865545
157,2022-11-13,176.30321,27.0,38.44,36.09102984779636,2.3489701522036412
157,2022-11-14,241.65287999999998,24.0,0.0,49.468760692933216,-49.468760692933216
157,2022-11-15,46.68319,5.0,0.0,9.556515753061719,-9.556515753061719
157,2022-11-17,114.15686,18.0,0.0,23.369050634930073,-23.369050634930073
157,2022-11-18,168.36855,29.0,0.0,34.46672561140658,-34.46672561140658
157,2022-11-19,171.55069,22.0,0.0,35.11814148590976,-35.11814148590976
157,2022-11-20,191.31849,25.0,0.0,39.16480779349014,-39.16480779349014
157,2022-11-21,169.058482,23.0,0.0,34.60796159006488,-34.60796159006488
157,2022-11-22,123.32064,8.0,0.0,25.244968024628417,-25.244968024628417
157,2022-11-23,120.909784,24.0,30.38,24.751441696578357,5.6285583034216415
157,2022-11-24,116.618886,16.0,0.0,23.87305197360139,-23.87305197360139
157,2022-11-25,108.511493,24.0,0.0,22.213387565047427,-22.213387565047427
157,2022-11-26,163.79541,23.0,0.0,33.530558129043946,-33.530558129043946
157,2022-11-27,152.27536,20.0,35.34,31.172288711271538,4.167711288728466
157,2022-11-28,13.87105,2.0,0.0,2.839542624154578,-2.839542624154578
157,2022-11-30,92.86234,4.0,23.56,19.009849478499078,4.550150521500921
157,2022-12-01,196.899874,26.0,38.44,40.30737290354124,-1.867372903541245
157,2022-12-02,195.46616,22.0,0.0,40.01387731280751,-40.01387731280751
157,2022-12-03,162.01134,26.0,35.96,33.165341162089355,2.794658837910646
157,2022-12-04,94.417,12.0,23.56,19.328103924706696,4.231896075293303
157,2022-12-05,111.76257,13.0,0.0,22.87891553271452,-22.87891553271452
157,2022-12-06,118.89831000000001,12.0,0.0,24.33967285713371,-24.33967285713371
157,2022-12-07,148.19393,20.0,0.0,30.336779182252233,-30.336779182252233
157,2022-12-08,194.64356,26.0,38.44,39.84548286807337,-1.4054828680733706
157,2022-12-09,172.578611,22.0,38.44,35.32856719223794,3.111432807762057
157,2022-12-10,183.8927,30.0,38.44,37.64467433401729,0.795325665982709
157,2022-12-11,184.821066,20.0,0.0,37.83472013644868,-37.83472013644868
157,2022-12-12,194.16389999999998,17.0,38.44,39.74729167021148,-1.3072916702114838
157,2022-12-13,143.08906,12.0,0.0,29.291761252407845,-29.291761252407845
157,2022-12-14,129.42776,27.0,7.44,26.495156550430497,-19.055156550430496
157,2022-12-15,167.467083,23.0,38.44,34.2821863032238,4.157813696776195
157,2022-12-16,154.687813,28.0,0.0,31.666141961189144,-31.666141961189144
157,2022-12-17,156.458935,28.0,0.0,32.02870834308366,-32.02870834308366
157,2022-12-23,73.783101,13.0,29.76,15.104138492169106,14.655861507830895
157,2022-12-24,113.145478,21.0,0.0,23.162010627266433,-23.162010627266433
157,2022-12-26,177.623912,17.0,0.0,36.36139075218399,-36.36139075218399
157,2022-12-27,171.53592,23.0,0.0,35.11511791923249,-35.11511791923249
157,2022-12-28,12.87394,2.0,0.0,2.6354242375889774,-2.6354242375889774
157,2022-12-30,146.692168,27.0,0.0,30.02935348554322,-30.02935348554322
157,2022-12-31,63.180462,14.0,0.0,12.933672278794942,-12.933672278794942
157,2023-01-02,102.32286,14.0,56.42,20.94651251314079,35.47348748685921
157,2023-01-03,38.07862,6.0,0.0,7.795074241602834,-7.795074241602834
157,2023-01-05,172.32572,25.0,0.0,35.2767978760171,-35.2767978760171
157,2023-01-06,153.946633,24.0,0.0,31.514415004529702,-31.514415004529702
157,2023-01-07,194.47834,24.0,0.0,39.811660682127616,-39.811660682127616
157,2023-01-08,174.400124,26.0,0.0,35.701449115664914,-35.701449115664914
157,2023-01-09,95.00236000000001,19.0,20.46,19.447932969405915,1.0120670305940855
157,2023-01-10,89.469836,18.0,0.0,18.31536998987962,-18.31536998987962
157,2023-01-11,166.93643,24.0,9.92,34.1735563284104,-24.253556328410397
157,2023-01-12,158.890942,21.0,0.0,32.52656449231117,-32.52656449231117
157,2023-01-13,181.457848,23.0,38.44,37.14623578484416,1.2937642151558393
157,2023-01-14,51.494077,11.0,9.3,10.5413524234285,-1.2413524234284985
157,2023-01-15,70.67434,8.0,0.0,14.467744032643013,-14.467744032643013
157,2023-01-16,8.7546,2.0,0.0,1.7921541525280111,-1.7921541525280111
157,2023-01-19,143.4732,21.0,38.44,29.370398551216713,9.069601448783285
157,2023-01-20,159.070567,28.0,0.0,32.56333552578476,-32.56333552578476
157,2023-01-21,56.11672,12.0,73.78,11.487653664844961,62.29234633515504
157,2023-01-22,164.054602,26.0,38.44,33.58361732296508,4.856382677034915
157,2023-01-23,163.29488,18.0,38.44,33.428094633514185,5.011905366485813
157,2023-01-24,9.56522,3.0,0.0,1.9580961714805911,-1.9580961714805911
157,2023-01-25,2.19138,1.0,0.0,0.4485973964278017,-0.4485973964278017
157,2023-01-26,9.601282999999999,2.0,0.0,1.9654786281550953,-1.9654786281550953
157,2023-01-27,170.780469,29.0,0.0,34.96046954618501,-34.96046954618501
157,2023-01-28,173.649386,21.0,0.0,35.54776554084018,-35.54776554084018
157,2023-01-29,118.442197,22.0,0.0,24.246301965605593,-24.246301965605593
157,2023-01-30,53.208405,9.0,0.0,10.892292505670412,-10.892292505670412
157,2023-01-31,33.221244,5.0,0.0,6.800720808117592,-6.800720808117592
157,2023-02-01,148.40101,9.0,0.0,30.37917052873357,-30.37917052873357
157,2023-02-02,135.74055,26.0,0.0,27.78744778161608,-27.78744778161608
157,2023-02-03,158.045037,34.0,38.44,32.35339928106289,6.086600718937106
157,2023-02-04,181.149268,24.0,0.0,37.08306637351902,-37.08306637351902
157,2023-02-05,171.87401,22.0,38.44,35.18432832261222,3.255671677387781
157,2023-02-06,91.19794999999999,7.0,0.0,18.669132204160316,-18.669132204160316
157,2023-02-07,134.51553,9.0,0.0,27.5366739393012,-27.5366739393012
157,2023-02-08,154.0851,15.0,29.14,31.542760583886626,-2.402760583886625
157,2023-02-09,142.473087,28.0,38.44,29.165665420525734,9.274334579474264
157,2023-02-10,190.944014,28.0,38.44,39.088148812106404,-0.6481488121064061
157,2023-02-11,157.298566,25.0,37.82,32.20058920380159,5.619410796198409
157,2023-02-12,169.74446,27.0,38.44,34.74838814538927,3.691611854610727
157,2023-02-13,178.09139,8.0,0.0,36.45708817284462,-36.45708817284462
157,2023-02-14,150.969536,24.0,31.0,30.904973482241,0.09502651775899906
157,2023-02-15,78.90066,4.0,0.0,16.151753987183966,-16.151753987183966
157,2023-02-16,176.655044,27.0,0.0,36.163053785394936,-36.163053785394936
157,2023-02-17,97.51880000000001,9.0,17.98,19.963073397933503,-1.9830733979335022
157,2023-02-18,63.844820000000006,7.0,0.0,13.0696730039526,-13.0696730039526
157,2023-02-19,173.898576,21.0,0.0,35.59877722535672,-35.59877722535672
157,2023-02-21,65.5802,2.0,0.0,13.424922641082114,-13.424922641082114
157,2023-02-22,103.9678,4.0,0.0,21.283248178009476,-21.283248178009476
157,2023-02-23,141.22961800000002,25.0,0.0,28.911114883449248,-28.911114883449248
157,2023-02-24,130.286117,28.0,38.44,26.670870810579615,11.769129189420383
157,2023-02-25,166.300101,27.0,38.44,34.04329341979961,4.396706580200387
157,2023-02-26,170.50707,21.0,37.82,34.90450203731573,2.9154979626842703
157,2023-02-27,26.85019,5.0,3.72,5.496502353581669,-1.776502353581669
157,2023-02-28,8.41701,1.0,0.0,1.7230461041475102,-1.7230461041475102
157,2023-03-02,160.8029,19.0,38.44,32.91796141154896,5.522038588451039
157,2023-03-03,156.487023,30.0,0.0,32.03445823752043,-32.03445823752043
157,2023-03-04,189.291505,28.0,0.0,38.74986369725936,-38.74986369725936
157,2023-03-05,174.921189,26.0,38.44,35.808116331013075,2.631883668986923
157,2023-03-07,5.31611,2.0,0.0,1.0882608699193208,-1.0882608699193208
157,2023-03-08,111.93785,7.0,0.0,22.914797101244787,-22.914797101244787
157,2023-03-09,191.133495,26.0,0.0,39.12693746732482,-39.12693746732482
157,2023-03-10,170.47222,23.0,21.7,34.89736789386936,-13.197367893869359
157,2023-03-11,173.41356,20.0,14.26,35.49948960074308,-21.239489600743084
157,2023-03-12,199.25269,27.0,0.0,40.78901786328062,-40.78901786328062
157,2023-03-13,157.63883,6.0,0.0,32.270244646717984,-32.270244646717984
157,2023-03-14,125.55365,8.0,0.0,25.70208749829216,-25.70208749829216
157,2023-03-15,142.64317,9.0,0.0,29.200483111194004,-29.200483111194004
157,2023-03-16,159.276657,25.0,0.0,32.605524209367616,-32.605524209367616
157,2023-03-17,183.5041,27.0,0.0,37.56512402861529,-37.56512402861529
157,2023-03-18,162.64101,24.0,0.0,33.29424090682039,-33.29424090682039
157,2023-03-19,79.10835,8.0,0.0,16.19427020676436,-16.19427020676436
157,2023-03-20,156.36948,12.0,0.0,32.01039601017131,-32.01039601017131
157,2023-03-21,121.26783,8.0,0.0,24.824737292687377,-24.824737292687377
157,2023-03-22,118.16803,8.0,0.0,24.190177239457498,-24.190177239457498
157,2023-03-23,92.18988,7.0,0.0,18.872190192933893,-18.872190192933893
157,2023-03-24,185.035434,22.0,0.0,37.8786034093988,-37.8786034093988
157,2023-03-25,176.664022,25.0,38.44,36.16489167176112,2.275108328238879
157,2023-03-26,165.515062,22.0,38.44,33.882588087317664,4.557411912682333
157,2023-03-27,135.58205,9.0,0.0,27.755001246859987,-27.755001246859987
157,2023-03-28,77.5584,5.0,0.0,15.876979944649499,-15.876979944649499
157,2023-03-29,139.51148,9.0,0.0,28.559394856113194,-28.559394856113194
157,2023-03-30,147.953287,24.0,0.0,30.287517154092544,-30.287517154092544
157,2023-03-31,169.69674,25.0,38.44,34.738619384262705,3.7013806157372926
157,2023-04-01,180.17782,22.0,21.08,36.88420125493392,-15.804201254933922
157,2023-04-02,163.889625,20.0,53.94,33.549844881548964,20.390155118451034
157,2023-04-03,144.91591,7.0,0.0,29.665735713096602,-29.665735713096602
157,2023-04-04,143.29155,13.0,0.0,29.333212979996244,-29.333212979996244
157,2023-04-05,148.22247,22.0,0.0,30.34262160560831,-30.34262160560831
157,2023-04-06,98.438369,14.0,22.32,20.151318366508423,2.168681633491577
157,2023-04-07,140.336204,23.0,0.0,28.728224104884074,-28.728224104884074
157,2023-04-08,167.007224,23.0,31.62,34.18804856804146,-2.5680485680414584
157,2023-04-09,156.50146,22.0,33.48,32.03741363576822,1.4425863642317793
157,2023-04-10,130.61772,8.0,21.7,26.738753260199328,-5.038753260199329
157,2023-04-11,123.02785,10.0,1.24,25.185030984178976,-23.945030984178977
157,2023-04-12,118.83736,7.0,0.0,24.3271957827275,-24.3271957827275
157,2023-04-13,127.204957,18.0,0.0,26.04012655172105,-26.04012655172105
157,2023-04-14,174.42207,24.0,0.0,35.70594168129114,-35.70594168129114
157,2023-04-15,163.439271,27.0,0.0,33.457652914901985,-33.457652914901985
157,2023-04-16,130.520005,15.0,28.52,26.718750022699698,1.8012499773003015
157,2023-04-17,107.42086,9.0,0.0,21.990124085295747,-21.990124085295747
157,2023-04-18,150.10957,17.0,29.14,30.728929843704353,-1.5889298437043529
157,2023-04-19,125.34716999999999,7.0,0.0,25.6598189778099,-25.6598189778099
157,2023-04-20,146.617751,23.0,0.0,30.01411958158773,-30.01411958158773
157,2023-04-21,142.49549,22.0,0.0,29.170251538621258,-29.170251538621258
157,2023-04-22,178.69761,24.0,0.0,36.58118746811174,-36.58118746811174
157,2023-04-23,179.40132,26.0,0.0,36.72524394112884,-36.72524394112884
157,2023-04-24,91.237001,9.0,0.0,18.677126334310227,-18.677126334310227
157,2023-04-25,139.3136,9.0,0.0,28.518886841617704,-28.518886841617704
157,2023-04-26,132.32835,9.0,24.8,27.088936324866932,-2.288936324866931
157,2023-04-27,82.16393,14.0,0.0,16.81977798386229,-16.81977798386229
157,2023-04-28,212.079526,22.0,38.44,43.41479944110208,-4.9747994411020855
157,2023-04-29,165.77197,23.0,0.0,33.935179723602324,-33.935179723602324
157,2023-04-30,132.52621,19.0,26.66,27.129440245162453,-0.46944024516245264
157,2023-05-01,93.23828,7.0,0.0,19.086808155320565,-19.086808155320565
157,2023-05-02,171.550289,27.0,0.0,35.11805939720037,-35.11805939720037
157,2023-05-03,15.6049,1.0,0.0,3.1944790549864486,-3.1944790549864486
157,2023-05-04,151.19909,21.0,29.14,30.951965481227756,-1.8119654812277552
157,2023-05-05,118.8389,16.0,0.0,24.327511036125127,-24.327511036125127
157,2023-05-06,188.60005999999998,19.0,0.0,38.60831799237338,-38.60831799237338
157,2023-05-07,182.425584,22.0,38.44,37.34434101991496,1.095658980085041
157,2023-05-08,165.78895,13.0,27.9,33.93865569937619,-6.038655699376193
157,2023-05-09,118.546666,18.0,0.0,24.267687814434833,-24.267687814434833
157,2023-05-10,110.89270599999999,9.0,0.0,22.700845674613102,-22.700845674613102
157,2023-05-11,169.46509,18.0,0.0,34.69119831311917,-34.69119831311917
157,2023-05-12,184.86625,27.0,0.0,37.84396975301915,-37.84396975301915
157,2023-05-13,111.19169199999999,20.0,0.0,22.76205109821301,-22.76205109821301
157,2023-05-14,170.43847,21.0,28.52,34.89045893142129,-6.370458931421293
157,2023-05-15,139.375131,9.0,0.0,28.531482852533017,-28.531482852533017
157,2023-05-16,98.85229,14.0,19.22,20.23605213378146,-1.0160521337814608
157,2023-05-17,148.75381,24.0,9.3,30.451392216190662,-21.15139221619066
157,2023-05-18,153.14748,16.0,0.0,31.350820395129478,-31.350820395129478
157,2023-05-19,197.907164,20.0,0.0,40.513575237891175,-40.513575237891175
157,2023-05-20,194.284033,18.0,0.0,39.771884096456624,-39.771884096456624
157,2023-05-21,158.75789,24.0,34.72,32.499327417595914,2.2206725824040845
157,2023-05-22,79.71742,6.0,0.0,16.318952925527096,-16.318952925527096
157,2023-05-23,98.69021,9.0,0.0,20.202872737230877,-20.202872737230877
157,2023-05-25,148.230674,24.0,36.58,30.34430104643569,6.2356989535643095
157,2023-05-26,189.56814,26.0,38.44,38.80649364768366,-0.36649364768366155
157,2023-05-27,182.931511,27.0,0.0,37.44790933530641,-37.44790933530641
157,2023-05-28,158.683105,19.0,0.0,32.484018180361,-32.484018180361
157,2023-05-29,156.42663,12.0,0.0,32.022095186583364,-32.022095186583364
157,2023-05-30,154.8057,13.0,29.14,31.69027460877773,-2.5502746087777304
157,2023-05-31,151.38,5.0,0.0,30.98899956704936,-30.98899956704936
157,2023-06-01,90.54254999999999,10.0,16.74,18.53496527116888,-1.7949652711688806
157,2023-06-02,168.66201999999998,23.0,0.0,34.52680185465498,-34.52680185465498
157,2023-06-03,227.93923,20.0,38.44,46.66143942253643,-8.221439422536434
157,2023-06-04,170.08799,26.0,38.44,34.81871217116063,3.621287828839371
157,2023-06-05,193.45615,20.0,0.0,39.60240816880061,-39.60240816880061
157,2023-06-06,145.660149,18.0,29.14,29.818088877641333,-0.6780888776413327
157,2023-06-07,96.42517799999999,9.0,0.0,19.739198039996413,-19.739198039996413
157,2023-06-08,6.08572,2.0,0.0,1.2458077318350087,-1.2458077318350087
157,2023-06-09,182.76743,31.0,38.44,37.41432031404891,1.02567968595109
157,2023-06-10,81.826381,13.0,17.36,16.75067832859173,0.6093216714082708
157,2023-06-11,186.162154,28.0,38.44,38.10925425886495,0.33074574113504696
157,2023-06-12,1.09611,1.0,0.0,0.22438467641325452,-0.22438467641325452
157,2023-06-13,0.659929,1.0,0.0,0.13509406457447032,-0.13509406457447032
157,2023-06-14,6.231,3.0,0.0,1.275548000411445,-1.275548000411445
157,2023-06-15,236.97103,22.0,0.0,48.51033918663787,-48.51033918663787
157,2023-06-16,178.659599,24.0,0.0,36.57340623636023,-36.57340623636023
157,2023-06-17,183.788524,24.0,38.44,37.6233484652176,0.8166515347823946
157,2023-06-18,113.62634,12.0,22.94,23.260447886546462,-0.32044788654646084
157,2023-06-19,138.70651,7.0,0.0,28.39460944865192,-28.39460944865192
157,2023-06-20,152.548739,22.0,28.519999999999996,31.228252125940852,-2.708252125940856
157,2023-06-21,99.275665,6.0,0.0,20.322721229379955,-20.322721229379955
157,2023-06-22,195.364295,25.0,38.44,39.99302452881427,-1.5530245288142694
157,2023-06-23,170.631222,20.0,0.0,34.92991719304468,-34.92991719304468
157,2023-06-24,166.631828,23.0,0.0,34.111201253459136,-34.111201253459136
157,2023-06-25,182.03913,19.0,0.0,37.26523002216965,-37.26523002216965
157,2023-06-26,185.400871,21.0,0.0,37.953412017106444,-37.953412017106444
157,2023-06-27,143.437365,19.0,0.0,29.36306276842186,-29.36306276842186
157,2023-06-29,171.653376,20.0,0.0,35.13916233681174,-35.13916233681174
157,2023-06-30,120.512699,17.0,0.0,24.67015442683941,-24.67015442683941
157,2023-07-01,0.0,0.0,38.44,0.0,38.44
157,2023-07-02,0.0,0.0,29.14,0.0,29.14
157,2023-07-03,0.0,0.0,29.76,0.0,29.76
157,2023-07-04,0.0,0.0,19.22,0.0,19.22
157,2023-07-08,0.0,0.0,38.44,0.0,38.44
157,2023-07-09,0.0,0.0,36.58,0.0,36.58
157,2023-07-10,0.0,0.0,21.7,0.0,21.7
157,2023-07-11,0.0,0.0,8.06,0.0,8.06
157,2023-07-13,0.0,0.0,38.44,0.0,38.44
157,2023-07-15,0.0,0.0,38.44,0.0,38.44
157,2023-07-19,142.337223,10.0,0.0,29.137852701294808,-29.137852701294808
157,2023-07-20,122.33573100000001,17.0,3.72,25.043347304754043,-21.323347304754044
157,2023-07-21,168.989863,16.0,38.44,34.59391459468048,3.8460854053195206
157,2023-07-22,129.50387,20.0,0.0,26.510737028413374,-26.510737028413374
157,2023-07-23,77.119349,12.0,0.0,15.78710181511513,-15.78710181511513
157,2023-07-24,85.187099,5.0,25.42,17.4386509052001,7.981349094799903
157,2023-07-25,60.779196,9.0,0.0,12.442109119630123,-12.442109119630123
157,2023-07-26,130.791569,7.0,0.0,26.774341888721803,-26.774341888721803
157,2023-07-27,25.73038,5.0,6.2,5.267266050204885,0.9327339497951153
157,2023-07-28,199.782344,19.0,0.0,40.897443332805565,-40.897443332805565
157,2023-07-29,182.10302,17.0,38.44,37.27830894397133,1.1616910560286655
157,2023-07-30,93.75135,13.0,19.84,19.19183871423103,0.6481612857689711
157,2023-07-31,73.158804,5.0,14.88,14.976338654259804,-0.09633865425980304
157,2023-08-01,52.869749999999996,8.0,0.0,10.82296644114155,-10.82296644114155
157,2023-08-02,165.284764,8.0,0.0,33.83544378409206,-33.83544378409206
157,2023-08-03,137.181271,18.0,0.0,28.08237777530903,-28.08237777530903
157,2023-08-04,117.371126,14.0,0.0,24.02704302284381,-24.02704302284381
157,2023-08-05,145.901872,17.0,0.0,29.86757199259936,-29.86757199259936
157,2023-08-07,99.78444999999999,9.0,24.18,20.42687460594701,3.75312539405299
157,2023-08-08,45.253547000000005,6.0,11.16,9.263853536731721,1.8961464632682787
157,2023-08-09,5.894026,3.0,0.0,1.2065660533899965,-1.2065660533899965
157,2023-08-10,72.400841,12.0,0.0,14.821176049696192,-14.821176049696192
157,2023-08-11,0.825776,1.0,0.0,0.16904460368925717,-0.16904460368925717
157,2023-08-14,24.2229,2.0,0.0,4.958669821724666,-4.958669821724666
157,2023-10-25,12.1991,1.0,0.0,2.497277742227453,-2.497277742227453
324,2020-07-27,60.692359999999994,7.0,0.0,10.220648474518695,-10.220648474518695
324,2020-07-28,66.45895,5.0,0.0,11.191747461057938,-11.191747461057938
324,2020-07-29,35.339456,9.0,0.0,5.951196444770323,-5.951196444770323
324,2020-07-30,128.619706,20.0,0.0,21.659675153873458,-21.659675153873458
324,2020-08-03,57.6095,8.0,0.0,9.701492054235242,-9.701492054235242
324,2020-08-04,66.679908,13.0,0.0,11.22895698867612,-11.22895698867612
324,2020-08-05,24.0258,4.0,0.0,4.0459665124093265,-4.0459665124093265
324,2020-08-06,71.034596,10.0,0.0,11.962290397760967,-11.962290397760967
324,2020-08-07,96.80342999999999,8.0,0.0,16.301785416775314,-16.301785416775314
324,2020-08-10,21.538297999999998,6.0,0.0,3.627068919340574,-3.627068919340574
324,2020-08-31,49.262676,5.0,0.0,8.295879321715432,-8.295879321715432
324,2020-09-01,64.19864,5.0,0.0,10.811109206861868,-10.811109206861868
324,2020-09-02,55.759207,10.0,9.648,9.389901034741808,0.258098965258192
324,2020-09-03,72.98053,3.0,11.058,12.289987448404807,-1.2319874484048068
324,2020-09-04,59.577281,7.0,3.999,10.032868159495226,-6.033868159495226
324,2020-09-08,65.10351200000001,4.0,0.0,10.963490472418764,-10.963490472418764
324,2020-09-09,35.243074,5.0,10.824,5.934965628547803,4.889034371452197
324,2020-09-10,64.274644,9.0,16.704,10.823908349400686,5.880091650599315
324,2020-09-11,55.8084,6.0,0.0,9.398185180561923,-9.398185180561923
324,2020-09-14,20.988229,2.0,3.294,3.5344368008048965,-0.2404368008048965
324,2020-09-15,73.511306,11.0,9.882,12.379370608240924,-2.4973706082409244
324,2020-09-16,20.684959999999997,4.0,0.0,3.48336602612718,-3.48336602612718
324,2020-09-17,60.467265,4.0,0.0,10.182742272348081,-10.182742272348081
324,2020-09-18,107.25782699999999,11.0,16.233,18.06231535415232,-1.829315354152321
324,2020-09-21,24.344573,4.0,0.0,4.099648174749821,-4.099648174749821
324,2020-09-22,68.90639999999999,2.0,0.0,11.603900260997843,-11.603900260997843
324,2020-09-23,32.35885,7.0,0.0,5.4492596908355395,-5.4492596908355395
324,2020-09-24,91.83777,7.0,0.0,15.465563768713212,-15.465563768713212
324,2020-09-25,55.768033,11.0,0.0,9.39138734114736,-9.39138734114736
324,2020-09-28,21.5865,2.0,23.529,3.635186179861812,19.893813820138188
324,2020-09-29,66.259,3.0,0.0,11.158075699694892,-11.158075699694892
324,2020-09-30,91.780495,6.0,14.115,15.455918606762381,-1.340918606762381
324,2020-10-01,65.51995600000001,9.0,0.0,11.033620019750957,-11.033620019750957
324,2020-10-02,55.194724,8.0,26.115,9.294841585532026,16.820158414467972
324,2020-10-06,65.25015,5.0,0.705,10.988184444625587,-10.283184444625586
324,2020-10-07,20.746172,3.0,23.292,3.493674182449035,19.798325817550968
324,2020-10-08,66.19154,6.0,17.646,11.14671537450584,6.499284625494161
324,2020-10-09,24.307768,6.0,3.528,4.09345017936614,-0.5654501793661404
324,2020-10-12,20.645449999999997,3.0,1.41,3.4767125062899513,-2.066712506289951
324,2020-10-13,112.699955,9.0,0.0,18.978774645590907,-18.978774645590907
324,2020-10-14,88.29926999999999,5.0,2.589,14.869677159145144,-12.280677159145144
324,2020-10-15,45.43507,3.0,18.351,7.651306999516088,10.699693000483911
324,2020-10-16,70.92562,7.0,18.117,11.94393874051516,6.173061259484841
324,2020-10-19,20.632399999999997,2.0,4.47,3.4745148744530536,0.9954851255469461
324,2020-10-20,100.141935,7.0,14.586,16.86399268693952,-2.277992686939518
324,2020-10-21,56.450595,5.0,10.356,9.50633140105975,0.8496685989402497
324,2020-10-22,65.59156,4.0,0.0,11.04567819829879,-11.04567819829879
324,2020-10-23,24.39279,3.0,0.0,4.107767961284664,-4.107767961284664
324,2020-10-26,20.62709,5.0,6.825,3.473620665636661,3.3513793343633393
324,2020-10-27,63.513025,12.0,8.94,10.695651018980277,-1.7556510189802772
324,2020-10-28,27.449914,6.0,7.764,4.622590415824486,3.1414095841755145
324,2020-10-29,108.90196,6.0,22.116,18.339188842649982,3.776811157350018
324,2020-10-30,30.30427,5.0,2.118,5.103266555245218,-2.9852665552452184
324,2020-11-02,25.509,1.0,3.765,4.295738737733998,-0.5307387377339983
324,2020-11-03,69.56903,7.0,13.176,11.715487754031074,1.4605122459689266
324,2020-11-04,20.655751,3.0,0.0,3.478447204033391,-3.478447204033391
324,2020-11-05,64.7418,1.0,9.882,10.902577843530793,-1.020577843530793
324,2020-11-06,60.415929000000006,8.0,8.943,10.174097243384175,-1.2310972433841751
324,2020-11-09,20.807544999999998,3.0,0.0,3.504009451316922,-3.504009451316922
324,2020-11-10,97.549946,7.0,24.234,16.42749938829667,7.806500611703331
324,2020-11-12,71.717587,9.0,16.236,12.07730670166248,4.158693298337521
324,2020-11-13,61.149122,10.0,6.351,10.297567609621007,-3.946567609621007
324,2020-11-16,1.8184,1.0,0.0,0.30622020936514577,-0.30622020936514577
324,2020-11-17,15.872695,6.0,0.0,2.672976235200782,-2.672976235200782
324,2020-11-18,36.478075,9.0,5.88,6.142940917145561,-0.2629409171455608
324,2020-11-19,75.347984,11.0,11.058,12.688668849384982,-1.630668849384982
324,2020-11-20,60.331700000000005,4.0,6.822,10.159913003384935,-3.3379130033849345
324,2020-11-23,40.2284,3.0,21.18,6.774499048847795,14.405500951152206
324,2020-11-24,101.749115,13.0,27.528,17.134643256719254,10.393356743280744
324,2020-11-25,64.915681,8.0,6.822,10.931859561648162,-4.109859561648162
324,2020-12-01,16.688537,2.0,0.0,2.8103647680037294,-2.8103647680037294
324,2020-12-03,68.582807,5.0,24.0,11.549406906285407,12.450593093714593
324,2020-12-04,19.686259,7.0,12.0,3.315183871863443,8.684816128136557
324,2020-12-07,20.6734,2.0,5.883,3.4814193116417753,2.4015806883582247
324,2020-12-08,102.538613,6.0,22.823999999999998,17.267595436027086,5.556404563972912
324,2020-12-09,61.573039,15.0,4.941,10.368955616931524,-5.427955616931524
324,2020-12-10,102.19385,15.0,0.0,17.20953703411257,-17.20953703411257
324,2020-12-11,42.459462,6.0,30.822000000000003,7.1502119133147,23.671788086685304
324,2020-12-14,30.98509,5.0,4.233,5.217917260777543,-0.9849172607775429
324,2020-12-15,107.95693200000001,10.0,37.413000000000004,18.18004527026991,19.232954729730093
324,2020-12-16,25.7521,3.0,8.001,4.336676998235905,3.664323001764094
324,2020-12-17,33.58256,2.0,0.0,5.6553335647918885,-5.6553335647918885
324,2020-12-18,71.617087,19.0,16.941,12.060382410504761,4.8806175894952375
324,2020-12-21,27.813250000000004,6.0,5.883,4.6837765277854935,1.1992234722145065
324,2020-12-22,106.11751000000001,7.0,24.234,17.870284937036928,6.363715062963074
324,2020-12-23,20.08869,6.0,5.175,3.3829536172852563,1.7920463827147435
324,2020-12-28,67.8182,6.0,14.118,11.420646393954756,2.697353606045244
324,2020-12-29,102.460929,17.0,22.823999999999998,17.254513379964436,5.569486620035562
324,2020-12-30,25.676563,8.0,6.117,4.323956498920675,1.7930435010793246
324,2020-12-31,72.673102,12.0,19.29,12.238216294354704,7.051783705645295
324,2021-01-04,30.932740000000003,4.0,0.0,5.209101473293895,-5.209101473293895
324,2021-01-05,103.621092,17.0,33.645,17.449885881480988,16.195114118519015
324,2021-01-06,56.569154,8.0,13.176,9.526296844197741,3.649703155802259
324,2021-01-07,72.886381,9.0,20.001,12.274132671407711,7.72686732859229
324,2021-01-08,71.380978,8.0,24.939,12.020621440743986,12.918378559256015
324,2021-01-11,52.775491,12.0,10.119,8.887440553986123,1.2315594460138772
324,2021-01-12,102.623887,12.0,0.0,17.281955654974187,-17.281955654974187
324,2021-01-13,59.216311000000005,8.0,37.176,9.972080484080282,27.203919515919722
324,2021-01-14,92.396668,8.0,0.0,15.559682698857163,-15.559682698857163
324,2021-01-15,51.521989000000005,6.0,18.822,8.676349680207181,10.145650319792818
324,2021-01-19,98.581182,13.0,24.705,16.60116046607102,8.10383953392898
324,2021-01-20,97.93862,10.0,16.233,16.492952442440306,-0.259952442440305
324,2021-01-21,64.73313,3.0,16.704,10.90111780766674,5.802882192333261
324,2021-01-22,20.639248,6.0,5.883,3.4756680838644773,2.4073319161355227
324,2021-01-25,67.308792,11.0,14.589,11.334861624700311,3.2541383752996893
324,2021-01-26,40.88235,4.0,27.06,6.884624822007901,20.1753751779921
324,2021-01-27,34.904203,9.0,11.529,5.8778994447775785,5.651100555222421
324,2021-01-28,95.447066,7.0,20.943,16.07337248889622,4.869627511103783
324,2021-01-29,51.885169,15.0,10.824,8.737509521626688,2.086490478373312
324,2021-02-01,20.350725,4.0,4.707,3.4270805489620026,1.2799194510379972
324,2021-02-02,103.62917,19.0,17.88,17.451246224008074,0.4287537759919253
324,2021-02-03,108.269136,10.0,18.117,18.232620707052046,-0.11562070705204519
324,2021-02-04,64.6877,6.0,13.176,10.893467354459823,2.2825326455401775
324,2021-02-05,63.533249999999995,5.0,5.883,10.6990569273252,-4.8160569273252
324,2021-02-08,99.312608,13.0,32.469,16.72433326790511,15.744666732094892
324,2021-02-09,91.285968,11.0,25.179,15.372639811405628,9.80636018859437
324,2021-02-10,55.635766000000004,8.0,26.589,9.369113458375637,17.219886541624362
324,2021-02-11,63.54835,6.0,0.0,10.701599781021535,-10.701599781021535
324,2021-04-08,27.269043,5.0,5.175,4.592131575366895,0.5828684246331051
324,2021-04-09,54.746003,7.0,15.059999999999999,9.21927656212324,5.840723437876759
324,2021-04-12,20.5743,2.0,2.823,3.464730781753915,-0.6417307817539148
324,2021-04-13,115.798018,22.0,23.529,19.50049126486412,4.02850873513588
324,2021-04-14,84.705187,11.0,15.999,14.264430321960965,1.7345696780390352
324,2021-04-15,100.085021,14.0,31.527,16.85440831771613,14.672591682283873
324,2021-04-16,27.758770000000002,4.0,9.648,4.674602046369846,4.973397953630154
324,2021-04-19,75.453815,9.0,15.998999999999999,12.706490885778145,3.292509114221854
324,2021-04-20,109.57703599999999,10.0,22.587,18.452872253372256,4.134127746627744
324,2021-04-21,25.967,2.0,7.293,4.372866353159227,2.920133646840773
324,2021-04-22,116.699483,8.0,27.293999999999997,19.652298788530725,7.641701211469272
324,2021-04-23,31.528837,5.0,8.001,5.309484748778901,2.691515251221098
324,2021-04-26,51.297113,9.0,7.059,8.638480357835208,-1.579480357835208
324,2021-04-27,99.83948699999999,10.0,17.883,16.81306016940648,1.069939830593519
324,2021-04-28,84.596068,7.0,16.47,14.246054583385453,2.223945416614546
324,2021-04-29,99.714177,14.0,18.12,16.791957851745053,1.3280421482549478
324,2021-04-30,34.60495,4.0,0.0,5.827504968142543,-5.827504968142543
324,2021-05-03,57.763827,10.0,12.705,9.72748086101631,2.9775191389836895
324,2021-05-04,104.76541,9.0,16.47,17.64259007062546,-1.1725900706254606
324,2021-05-05,28.84485,4.0,3.999,4.857498903490005,-0.858498903490005
324,2021-05-06,109.174129,13.0,16.002,18.385022349118692,-2.3830223491186935
324,2021-05-07,61.99318,3.0,8.235,10.439707742417053,-2.204707742417053
324,2021-05-10,31.330460000000002,4.0,5.649,5.2760778820426335,0.3729221179573665
324,2021-05-11,98.132421,9.0,20.709,16.52558870662595,4.18341129337405
324,2021-05-12,20.18784,3.0,3.531,3.3996505672184694,0.13134943278153077
324,2021-05-13,98.134777,7.0,8.469,16.52598545916294,-8.05698545916294
324,2021-05-14,68.38879,7.0,14.355,11.516734267503843,2.8382657324961578
324,2021-05-17,31.23025,5.0,3.999,5.259202427147956,-1.2602024271479562
324,2021-05-18,97.40037,8.0,18.117,16.402310654224955,1.7146893457750458
324,2021-05-19,20.94755,2.0,0.0,3.5275864203073355,-3.5275864203073355
324,2021-05-20,131.83954,8.0,18.588,22.20189811999808,-3.6138981199980797
324,2021-05-21,73.083495,16.0,10.353,12.307326847798384,-1.9543268477983844
324,2021-05-24,31.056469999999997,6.0,3.765,5.2299377175221995,-1.4649377175221994
324,2021-05-25,103.108228,11.0,13.881,17.36351911869181,-3.4825191186918083
324,2021-05-26,34.19122,5.0,3.999,5.757832460872063,-1.7588324608720627
324,2021-05-27,97.468547,7.0,13.175999999999998,16.41379172286436,-3.237791722864362
324,2021-05-28,22.2453,1.0,2.355,3.7461286974210717,-1.3911286974210717
324,2021-06-01,68.456712,6.0,0.0,11.528172393911946,-11.528172393911946
324,2021-06-02,33.469974,6.0,9.411,5.636373980271659,3.7746260197283403
324,2021-06-03,99.28844,7.0,0.0,16.720263354783718,-16.720263354783718
324,2021-06-04,97.061673,6.0,15.999,16.345273772212558,-0.34627377221255706
324,2021-06-07,101.58733,8.0,20.939999999999998,17.107398515973465,3.832601484026533
324,2021-06-08,73.320729,8.0,11.529,12.347277268579584,-0.8182772685795836
324,2021-06-09,33.605254,6.0,4.704,5.659155254976299,-0.9551552549762992
324,2021-06-10,133.645489,13.0,18.588,22.506021569669645,-3.9180215696696443
324,2021-06-11,84.75328999999999,6.0,12.0,14.272530910792407,-2.2725309107924065
324,2021-06-14,34.46582,5.0,4.473,5.8040753499457916,-1.3310753499457917
324,2021-06-15,97.99678800000001,10.0,13.881,16.502747986401126,-2.6217479864011253
324,2021-06-16,30.975037,7.0,3.765,5.2162243264590495,-1.4512243264590494
324,2021-06-17,98.690899,12.0,13.413,16.619636908388944,-3.206636908388944
324,2021-06-18,34.723645,9.0,4.236,5.847493313803891,-1.6114933138038916
324,2021-06-21,33.948848,9.0,4.473,5.7170167962304825,-1.2440167962304827
324,2021-06-22,100.664001,11.0,13.881,16.951909074875296,-3.0709090748752956
324,2021-06-23,34.080098,9.0,4.707,5.739119415279744,-1.0321194152797437
324,2021-06-24,90.29894000000002,13.0,8.235,15.206423400929795,-6.971423400929796
324,2021-06-25,62.04109,7.0,0.0,10.447775829873432,-10.447775829873432
324,2021-06-28,33.793692,7.0,4.236,5.690888385097477,-1.454888385097477
324,2021-06-29,136.923059,9.0,19.53,23.057967330563244,-3.527967330563243
324,2021-06-30,35.18213,6.0,4.47,5.9247026036690364,-1.4547026036690367
324,2021-07-01,94.53019,5.0,12.705,15.918969738851192,-3.2139697388511923
324,2021-07-02,35.918147,9.0,6.117,6.048648534067357,0.06835146593264341
324,2021-07-06,97.259441,9.0,13.881,16.378578082796437,-2.497578082796437
324,2021-07-07,34.33984,6.0,4.47,5.782860203676643,-1.3128602036766432
324,2021-07-08,129.941026,9.0,19.53,21.88218664036617,-2.3521866403661704
324,2021-07-09,30.4448,6.0,3.531,5.126931934711829,-1.5959319347118286
324,2021-07-12,30.63102,6.0,3.999,5.158291551621187,-1.159291551621187
324,2021-07-13,98.566743,11.0,13.41,16.59872892537424,-3.188728925374239
324,2021-07-14,30.78565,6.0,3.528,5.1843313838770895,-1.6563313838770894
324,2021-07-15,130.031168,9.0,17.883,21.89736663492875,-4.014366634928752
324,2021-07-16,32.35156,7.0,0.0,5.4480320482232045,-5.4480320482232045
324,2021-07-19,34.05403,8.0,4.47,5.734729540434972,-1.2647295404349723
324,2021-07-20,136.762132,13.0,18.12,23.0308670777957,-4.9108670777957
324,2021-07-21,30.67298,6.0,3.531,5.165357653680669,-1.6343576536806688
324,2021-07-22,95.202569,8.0,12.942,16.032198972327173,-3.0901989723271726
324,2021-07-23,33.41445,5.0,7.764,5.62702368830906,2.1369763116909404
324,2021-07-26,62.872339999999994,8.0,8.706,10.587759083852083,-1.8817590838520832
324,2021-07-27,94.61694,12.0,12.942,15.933578517537084,-2.991578517537084
324,2021-07-28,34.448170000000005,6.0,4.707,5.801103073936502,-1.0941030739365019
324,2021-07-29,101.447337,11.0,14.355,17.08382356779394,-2.7288235677939383
324,2021-07-30,40.699246,12.0,5.88,6.853789942324886,-0.9737899423248857
324,2021-08-02,30.051448999999998,9.0,3.528,5.0606912695259565,-1.5326912695259565
324,2021-08-03,96.35943,9.0,12.942,16.227015414048672,-3.2850154140486723
324,2021-08-04,34.205470999999996,7.0,4.002,5.760232342198317,-1.7582323421983173
324,2021-08-05,145.921367,12.0,20.469,24.573290559606395,-4.104290559606394
324,2021-08-06,39.830473,10.0,6.590999999999999,6.707487781111298,-0.11648778111129854
324,2021-08-09,31.520099000000002,7.0,3.999,5.308013261653168,-1.3090132616531682
324,2021-08-10,91.30983,12.0,12.705,15.376658193849465,-2.6716581938494652
324,2021-08-11,30.785890000000002,5.0,0.0,5.184371800094779,-5.184371800094779
324,2021-08-12,126.70249,10.0,0.0,21.33681424047805,-21.33681424047805
324,2021-08-13,2.02595,1.0,0.0,0.3411718176217097,-0.3411718176217097
324,2021-08-17,123.403443,13.0,0.0,20.78125173330391,-20.78125173330391
324,2021-08-18,30.85971,5.0,0.0,5.196803155052619,-5.196803155052619
324,2021-08-19,94.289355,9.0,0.0,15.878412906403735,-15.878412906403735
324,2021-08-20,32.705921000000004,7.0,0.0,5.50770676204351,-5.50770676204351
324,2021-08-23,30.981282999999998,6.0,0.0,5.217276158524434,-5.217276158524434
324,2021-08-24,95.81289000000001,8.0,0.0,16.134977582313947,-16.134977582313947
324,2021-08-25,41.70028,8.0,0.0,7.022364975904751,-7.022364975904751
324,2021-08-26,99.70058,9.0,0.0,16.789668104612,-16.789668104612
324,2021-08-27,37.13848,7.0,0.0,6.254153718160624,-6.254153718160624
324,2021-08-30,77.59121999999999,4.0,0.0,13.066431826494217,-13.066431826494217
324,2021-08-31,65.59293,5.0,0.0,11.045908907541437,-11.045908907541437
324,2021-09-01,34.79358,5.0,0.0,5.8592704312378725,-5.8592704312378725
324,2021-09-02,102.223309,11.0,0.0,17.21449795643312,-17.21449795643312
324,2021-09-03,65.43287699999999,10.0,0.0,11.018955837166645,-11.018955837166645
324,2021-09-07,105.933789,6.0,0.0,17.839346153994267,-17.839346153994267
324,2021-09-08,32.732051,8.0,0.0,5.512107077744516,-5.512107077744516
324,2021-09-09,97.13806,8.0,0.0,16.358137412298774,-16.358137412298774
324,2021-09-10,35.62693,6.0,0.0,5.9996073271213115,-5.9996073271213115
324,2021-09-13,34.07205,6.0,0.0,5.7377641247798685,-5.7377641247798685
324,2021-09-14,134.584364,13.0,0.0,22.66412897126869,-22.66412897126869
324,2021-09-15,36.158873,6.0,0.0,6.089187010815945,-6.089187010815945
324,2021-09-16,108.74100999999999,13.0,0.0,18.312084716661573,-18.312084716661573
324,2021-09-17,35.717517,7.0,0.0,6.014862260087524,-6.014862260087524
324,2021-09-20,31.92949,7.0,0.0,5.3769550773879935,-5.3769550773879935
324,2021-09-21,95.273709,9.0,0.0,16.04417901285414,-16.04417901285414
324,2021-09-22,31.915640000000003,7.0,0.0,5.374622724825462,-5.374622724825462
324,2021-09-23,95.842117,10.0,0.0,16.139899435624063,-16.139899435624063
324,2021-09-24,30.914732,7.0,0.0,5.206068909759883,-5.206068909759883
324,2021-09-27,31.053179999999998,5.0,13.413,5.229383678538031,8.183616321461969
324,2021-09-28,96.05951999999999,6.0,0.0,16.17651029801771,-16.17651029801771
324,2021-09-29,31.214169999999996,5.0,0.0,5.25649454056272,-5.25649454056272
324,2021-09-30,126.97563,6.0,29.88,21.3828112642275,8.4971887357725
324,2021-10-01,32.272509,6.0,0.0,5.434719788120629,-5.434719788120629
324,2021-10-05,114.05572000000001,5.0,17.649,19.207086701326684,-1.5580867013266833
324,2021-10-06,30.72471,5.0,23.763,5.174069032601951,18.58893096739805
324,2021-10-07,64.67393,6.0,0.0,10.891148473969853,-10.891148473969853
324,2021-10-08,29.74955,5.0,0.0,5.0098512040908885,-5.0098512040908885
324,2021-10-11,30.72277,6.0,0.0,5.17374233484229,-5.17374233484229
324,2021-10-12,95.37412,9.0,16.236,16.061088316331134,0.1749116836688671
324,2021-10-13,34.597152,8.0,14.352,5.82619177786943,8.525808222130571
324,2021-10-14,98.3829,8.0,12.0,16.56776959742092,-4.56776959742092
324,2021-10-15,35.988277,6.0,0.0,6.0604584896782105,-6.0604584896782105
324,2021-10-18,34.839473,8.0,24.705,5.86699885406475,18.838001145935248
324,2021-10-19,98.604149,10.0,13.884,16.60502812970305,-2.7210281297030505
324,2021-10-20,20.46414,5.0,0.0,3.4461797378341696,-3.4461797378341696
324,2021-10-21,97.20511,6.0,0.0,16.36942869311594,-16.36942869311594
324,2021-10-22,30.03138,5.0,0.0,5.057311631722531,-5.057311631722531
324,2021-10-25,31.781959999999998,6.0,20.472,5.35211089157209,15.119889108427913
324,2021-10-26,95.33599000000001,8.0,15.765,16.054667189745626,-0.2896671897456251
324,2021-10-27,40.30927,10.0,13.881,6.788117630200279,7.092882369799721
324,2021-10-28,104.121704,11.0,12.705,17.53418939635709,-4.829189396357089
324,2021-10-29,65.009468,8.0,0.0,10.947653377516906,-10.947653377516906
324,2021-11-01,69.86979000000001,9.0,0.0,11.766136010833023,-11.766136010833023
324,2021-11-02,105.585105,20.0,42.117000000000004,17.780627452123237,24.336372547876767
324,2021-11-03,64.510109,19.0,42.825,10.863560868977329,31.961439131022672
324,2021-11-04,109.04749,8.0,0.0,18.3636962266518,-18.3636962266518
324,2021-11-05,34.078829999999996,5.0,0.0,5.738905882929614,-5.738905882929614
324,2021-11-08,30.694211,6.0,24.468,5.1689329733380776,19.299067026661923
324,2021-11-09,95.14098999999999,10.0,20.94,16.021829012872434,4.918170987127567
324,2021-11-10,34.49843,6.0,11.529,5.809566903524431,5.719433096475569
324,2021-11-12,18.175235999999998,4.0,0.0,3.0607262281021415,-3.0607262281021415
324,2021-11-15,31.51563,4.0,18.117,5.307260677999598,12.809739322000404
324,2021-11-16,100.10706,8.0,10.116,16.85811970530643,-6.742119705306429
324,2021-11-17,43.642012,10.0,14.118,7.349354405937199,6.768645594062801
324,2021-11-18,84.354726,8.0,0.0,14.205412371678126,-14.205412371678126
324,2021-11-19,30.9803,3.0,0.0,5.217110620432812,-5.217110620432812
324,2021-11-22,35.99452,6.0,27.999,6.061509816540875,21.937490183459126
324,2021-11-23,99.69096000000002,6.0,11.529,16.78804808788626,-5.25904808788626
324,2021-11-24,30.58626,6.0,11.763,5.150753927021988,6.612246072978012
324,2021-11-29,35.61931,5.0,0.0,5.998324112209651,-5.998324112209651
324,2021-11-30,99.835177,7.0,17.646,16.812334361497133,0.8336656385028682
324,2021-12-01,64.88335,4.0,0.0,10.926414991922584,-10.926414991922584
324,2021-12-02,100.92181500000001,9.0,34.821,16.99532518632342,17.825674813676578
324,2021-12-03,95.572343,16.0,0.0,16.09446924932772,-16.09446924932772
324,2021-12-06,30.87133,5.0,24.705,5.198759973592447,19.506240026407554
324,2021-12-07,99.489968,11.0,18.12,16.754200852778077,1.3657991472219244
324,2021-12-08,31.05655,6.0,20.469,5.229951189594764,15.239048810405237
324,2021-12-09,94.868289,10.0,12.0,15.975905917121182,-3.9759059171211817
324,2021-12-10,64.99964,6.0,24.471,10.945998333402498,13.525001666597502
324,2021-12-13,33.39847,5.0,0.0,5.624332641814529,-5.624332641814529
324,2021-12-14,99.91438500000001,9.0,20.235,16.825673060542115,3.409326939457884
324,2021-12-15,30.75103,6.0,17.883,5.178501344475296,12.704498655524702
324,2021-12-16,114.663155,8.0,15.531,19.30937930629573,-3.778379306295731
324,2021-12-17,54.048441,13.0,0.0,9.101806488605217,-9.101806488605217
324,2021-12-20,31.25444,6.0,0.0,5.2632760450893015,-5.2632760450893015
324,2021-12-21,100.387649,8.0,24.705,16.90537114741243,7.799628852587567
324,2021-12-22,64.77157,8.0,20.235,10.907591138533432,9.327408861466568
324,2021-12-23,59.53312,5.0,3.765,10.025431407039346,-6.260431407039345
324,2021-12-27,28.83891,8.0,0.0,4.856498602102175,-4.856498602102175
324,2021-12-28,85.50834900000001,15.0,35.529,14.399683531262623,21.12931646873738
324,2021-12-29,64.403389,6.0,0.0,10.845589124177808,-10.845589124177808
324,2021-12-30,31.454938000000002,5.0,11.763,5.297040090149406,6.465959909850594
324,2022-01-07,45.922290000000004,4.0,0.0,7.733355289445083,-7.733355289445083
324,2022-01-11,33.5256,4.0,7.764,5.645741449126776,2.1182585508732243
324,2022-01-12,16.175477,4.0,10.353,2.7239649986367684,7.629035001363231
324,2022-01-13,99.014,10.0,20.472,16.674047409855113,3.797952590144888
324,2022-01-14,32.759778,7.0,0.0,5.516776329694069,-5.516776329694069
324,2022-01-18,99.79329,9.0,27.999,16.805280552703863,11.193719447296136
324,2022-01-19,33.575908,10.0,10.824,5.654213361958244,5.169786638041756
324,2022-01-20,102.11476,12.0,25.647,17.19621820637462,8.450781793625378
324,2022-01-21,30.589206,7.0,0.0,5.151250036094134,-5.151250036094134
324,2022-01-24,22.921706,6.0,0.0,3.8600360813497128,-3.8600360813497128
324,2022-01-25,18.98985,3.0,0.0,3.1979079645912414,-3.1979079645912414
324,2022-01-26,96.18011200000001,10.0,0.0,16.19681810019972,-16.19681810019972
324,2022-01-27,91.329432,8.0,11.061,15.379959188429302,-4.318959188429302
324,2022-01-28,43.983735,12.0,0.0,7.406900869094308,-7.406900869094308
324,2022-01-31,10.069037,4.0,0.0,1.6956349638393087,-1.6956349638393087
324,2022-02-01,80.76884,7.0,0.0,13.60154591672897,-13.60154591672897
324,2022-02-03,50.76098,4.0,0.0,8.548195074340066,-8.548195074340066
324,2022-02-04,32.826403,7.0,0.0,5.527996040125742,-5.527996040125742
324,2022-02-07,21.1523,2.0,0.0,3.562066506024182,-3.562066506024182
324,2022-02-08,101.882064,11.0,0.0,17.15703198890958,-17.15703198890958
324,2022-02-09,30.294125,11.0,9.648,5.101558128043278,4.546441871956722
324,2022-02-10,101.673037,12.0,0.0,17.121831652513315,-17.121831652513315
324,2022-02-11,28.96874,5.0,0.0,4.878362091863436,-4.878362091863436
324,2022-02-14,21.099695,5.0,0.0,3.5532077763092382,-3.5532077763092382
324,2022-02-15,94.58143,9.0,13.647,15.927598601328024,-2.2805986013280233
324,2022-02-24,6.61554,1.0,0.0,1.1140629365725343,-1.1140629365725343
324,2022-02-28,10.24269,2.0,0.0,1.7248782865498706,-1.7248782865498706
324,2022-03-01,80.657095,6.0,0.0,13.582727957371564,-13.582727957371564
324,2022-03-02,32.465455,8.0,0.0,5.467212069530751,-5.467212069530751
324,2022-03-03,85.5864,7.0,0.0,14.412827390458155,-14.412827390458155
324,2022-03-04,33.10803,5.0,0.0,5.575422282373255,-5.575422282373255
324,2022-03-07,20.46528,3.0,0.0,3.446371714868197,-3.446371714868197
324,2022-03-08,99.873348,8.0,15.765,16.81876239251983,-1.053762392519829
324,2022-03-09,33.767093,8.0,18.351,5.686409089371067,12.664590910628931
324,2022-03-10,63.276639,9.0,17.883,10.655843402168252,7.227156597831748
324,2022-03-11,77.68831,7.0,0.0,13.082781870558923,-13.082781870558923
324,2022-03-14,39.273286999999996,6.0,0.0,6.613657153320203,-6.613657153320203
324,2022-03-15,101.440652,15.0,10.587,17.082697807730362,-6.495697807730362
324,2022-03-16,34.555565,8.0,23.529,5.819188489348275,17.709811510651726
324,2022-03-17,94.99907999999999,8.0,45.414,15.997931240154108,29.416068759845892
324,2022-03-18,69.29975,7.0,0.0,11.670140757782809,-11.670140757782809
324,2022-03-21,53.810558,5.0,23.763,9.06174677563535,14.701253224364653
324,2022-03-22,95.263665,13.0,24.0,16.04248759414381,7.957512405856189
324,2022-03-23,34.14159,7.0,7.53,5.7494747238555695,1.7805252761444308
324,2022-03-24,98.688962,13.0,0.0,16.619310715832004,-16.619310715832004
324,2022-03-25,71.10978,11.0,0.0,11.974951451556013,-11.974951451556013
324,2022-03-28,32.696512999999996,7.0,15.057,5.506122446310058,9.550877553689944
324,2022-03-29,99.119844,9.0,19.53,16.691871635460068,2.8381283645399336
324,2022-03-30,30.714657000000003,6.0,0.0,5.172376098283459,-5.172376098283459
324,2022-03-31,104.849516,9.0,0.0,17.65675359731313,-17.65675359731313
324,2022-04-01,42.576228,7.0,22.353,7.1698754136263645,15.183124586373637
324,2022-04-04,18.875320000000002,3.0,24.0,3.178621008707723,20.821378991292278
324,2022-04-05,100.462997,10.0,24.234,16.91805981895623,7.315940181043771
324,2022-04-06,30.74594,6.0,6.354,5.177644183858452,1.1763558161415482
324,2022-04-07,104.09097,9.0,27.999000000000002,17.529013762880062,10.46998623711994
324,2022-04-08,75.02318,23.0,0.0,12.633971561174118,-12.633971561174118
324,2022-04-12,99.906187,9.0,39.762,16.824292509906183,22.937707490093818
324,2022-04-13,35.189504,7.0,7.53,5.925944391957564,1.6040556080424366
324,2022-04-14,83.21854,7.0,0.0,14.014077618709722,-14.014077618709722
324,2022-04-15,34.78814,11.0,0.0,5.858354330303564,-5.858354330303564
324,2022-04-18,31.565201,6.0,8.703,5.3156084793625755,3.387391520637424
324,2022-04-19,97.13518,5.0,18.825,16.357652417686495,2.4673475823135043
324,2022-04-20,35.419290000000004,5.0,11.766,5.964640562783114,5.801359437216886
324,2022-04-21,105.14558,10.0,16.704,17.70661104345561,-1.0026110434556088
324,2022-04-22,31.38862,5.0,0.0,5.285872078796195,-5.285872078796195
324,2022-04-25,20.31867,4.0,0.0,3.421682457886772,-3.421682457886772
324,2022-04-26,102.184049,8.0,25.644,17.207886536822652,8.436113463177346
324,2022-04-27,31.33334,4.0,5.412,5.276562876654914,0.13543712334508573
324,2022-04-28,107.660596,21.0,0.0,18.130142019080715,-18.130142019080715
324,2022-04-29,34.83152,4.0,22.353,5.865659561651046,16.487340438348955
324,2022-05-02,34.67557,6.0,0.0,5.839397440197848,-5.839397440197848
324,2022-05-03,99.893742,12.0,21.648,16.822196760618045,4.825803239381955
324,2022-05-04,35.509100000000004,6.0,15.294,5.979764648244554,9.314235351755446
324,2022-05-05,62.60067,7.0,0.0,10.542009609435986,-10.542009609435986
324,2022-05-06,32.39349,4.0,0.0,5.455093098255475,-5.455093098255475
324,2022-05-09,31.693784,6.0,20.235,5.3372619731927555,14.897738026807243
324,2022-05-10,38.02855,5.0,0.0,6.404042313491484,-6.404042313491484
324,2022-05-11,67.839393,7.0,0.0,11.424215314377697,-11.424215314377697
324,2022-05-12,60.683972,9.0,0.0,10.219235927710427,-10.219235927710427
324,2022-05-13,31.49552,3.0,0.0,5.303874135758983,-5.303874135758983
324,2022-05-16,20.7464,2.0,33.644999999999996,3.4937125778558404,30.151287422144154
324,2022-05-17,95.246946,9.0,8.001,16.039672099378976,-8.038672099378976
324,2022-05-18,30.667720000000003,3.0,5.412,5.164471864909628,0.24752813509037175
324,2022-05-19,96.53446,8.0,0.0,16.25649062480823,-16.25649062480823
324,2022-05-20,21.80619,3.0,0.0,3.672182175129866,-3.672182175129866
324,2022-05-23,35.34494,5.0,12.0,5.952119955344542,6.047880044655458
324,2022-05-24,96.02566,6.0,23.997,16.17080824330527,7.82619175669473
324,2022-05-25,31.5647,5.0,0.0,5.315524110508147,-5.315524110508147
324,2022-05-26,100.356154,10.0,25.647,16.900067360845146,8.746932639154853
324,2022-05-27,32.66042,3.0,0.0,5.500044352372192,-5.500044352372192
324,2022-05-31,94.132926,9.0,0.0,15.852070120916064,-15.852070120916064
324,2022-06-01,36.64004,6.0,12.705,6.170215970054617,6.534784029945383
324,2022-06-02,64.969213,6.0,0.0,10.940874399003931,-10.940874399003931
324,2022-06-06,22.537967000000002,6.0,0.0,3.795414085682329,-3.795414085682329
324,2022-06-07,99.436052,9.0,26.823,16.745121349474,10.077878650526
324,2022-06-08,31.400645,6.0,0.0,5.287897099703375,-5.287897099703375
324,2022-06-09,95.74059,6.0,18.825,16.12280219673481,2.7021978032651894
324,2022-06-10,33.87801,6.0,0.0,5.705087612777443,-5.705087612777443
324,2022-06-13,23.876559999999998,4.0,4.707,4.02083436104238,0.6861656389576201
324,2022-06-14,97.742958,10.0,12.0,16.460002784166658,-4.460002784166658
324,2022-06-15,34.73804,6.0,0.0,5.84991744486076,-5.84991744486076
324,2022-06-16,84.20787,7.0,9.648,14.180681688073568,-4.532681688073568
324,2022-06-17,32.64728,4.0,0.0,5.49783156445366,-5.49783156445366
324,2022-06-21,98.45779999999999,8.0,21.177,16.580382825358363,4.596617174641636
324,2022-06-22,34.36225,6.0,0.0,5.786634068003454,-5.786634068003454
324,2022-06-23,97.91342,9.0,18.117,16.488708739582847,1.6282912604171536
324,2022-06-24,33.845509,5.0,0.0,5.699614414897671,-5.699614414897671
324,2022-06-27,21.46781,3.0,0.0,3.6151986762049986,-3.6151986762049986
324,2022-06-28,61.71237,3.0,5.883,10.39241908371059,-4.509419083710591
324,2022-06-29,34.658201999999996,5.0,17.175,5.836472653244342,11.338527346755658
324,2022-06-30,98.412982,10.0,13.881,16.572835433506555,-2.6918354335065544
324,2022-07-01,9.64325,3.0,0.0,1.623932046832623,-1.623932046832623
324,2022-07-05,97.74574700000001,16.0,15.294,16.460472454296397,-1.1664724542963967
324,2022-07-06,44.74944,11.0,0.0,7.535846285620891,-7.535846285620891
324,2022-07-07,78.23842,9.0,0.0,13.175420893531792,-13.175420893531792
324,2022-07-08,41.285396000000006,7.0,0.0,6.952498133987546,-6.952498133987546
324,2022-07-11,19.502373,6.0,0.0,3.2842173026711206,-3.2842173026711206
324,2022-07-12,104.594771,14.0,25.644000000000002,17.613854308248722,8.03014569175128
324,2022-07-13,34.02181,5.0,0.0,5.72930366321008,-5.72930366321008
324,2022-07-14,97.27025,9.0,17.178,16.380398328200656,0.7976016717993453
324,2022-07-15,78.24827,7.0,0.0,13.177079642466154,-13.177079642466154
324,2022-07-18,21.016426000000003,5.0,0.0,3.53918520118076,-3.53918520118076
324,2022-07-19,99.61641,9.0,16.47,16.77549380026628,-0.30549380026628015
324,2022-07-20,4.557333,2.0,0.0,0.7674590108923712,-0.7674590108923712
324,2022-07-21,7.851034,2.0,0.0,1.3221212468174648,-1.3221212468174648
324,2022-07-22,15.3218,1.0,0.0,2.5802050175158877,-2.5802050175158877
324,2022-07-26,17.03867,2.0,0.0,2.8693274827890605,-2.8693274827890605
324,2022-07-28,16.6952,2.0,0.0,2.81148682324735,-2.81148682324735
324,2022-08-11,0.306597,1.0,0.0,0.05163121289635152,-0.05163121289635152
324,2022-08-12,16.958378,6.0,48.942,2.8558062371608455,46.08619376283915
324,2022-08-15,34.757220000000004,4.0,0.0,5.853147374257827,-5.853147374257827
324,2022-08-16,21.149929999999998,3.0,0.0,3.561667395874492,-3.561667395874492
324,2022-08-17,68.82169999999999,2.0,0.0,11.589636704171387,-11.589636704171387
324,2022-08-18,15.2623,1.0,0.0,2.5701851635468898,-2.5701851635468898
324,2022-08-19,72.21332,6.0,0.0,12.160788588513125,-12.160788588513125
324,2022-08-22,31.12222,5.0,0.0,5.24101007716021,-5.24101007716021
324,2022-08-23,112.84818999999999,8.0,0.0,19.003737554046275,-19.003737554046275
324,2022-08-24,82.16568,7.0,9.885,13.836775039721495,-3.951775039721495
324,2022-08-25,96.73170999999999,10.0,36.942,16.28970770372226,20.65229229627774
324,2022-08-26,48.70103,9.0,0.0,8.20129762587893,-8.20129762587893
324,2022-08-29,35.349264000000005,4.0,0.0,5.952848120866592,-5.952848120866592
324,2022-08-30,100.308564,5.0,24.233999999999998,16.892053161679016,7.3419468383209825
324,2022-08-31,43.38868,5.0,0.0,7.3066930673544395,-7.3066930673544395
324,2022-09-01,100.26089999999999,6.0,12.942,16.884026500845764,-3.9420265008457633
324,2022-09-02,35.58938,3.0,0.0,5.993283873061884,-5.993283873061884
324,2022-09-06,107.359966,8.0,13.881,18.079515654396683,-4.198515654396683
324,2022-09-07,42.35529,8.0,14.121,7.132669254026322,6.988330745973679
324,2022-09-08,98.23591,5.0,11.295,16.543016348094817,-5.248016348094817
324,2022-09-09,43.90111,7.0,0.0,7.392986744149964,-7.392986744149964
324,2022-09-12,20.88231,3.0,0.0,3.5165999451319165,-3.5165999451319165
324,2022-09-13,99.49765,6.0,14.589,16.75549450854597,-2.166494508545968
324,2022-09-14,23.2771,2.0,0.0,3.919884753306992,-3.919884753306992
324,2022-09-15,103.07095,6.0,19.059,17.357241469679096,1.7017585303209053
324,2022-09-16,31.994239999999998,4.0,0.0,5.387859036118962,-5.387859036118962
324,2022-09-19,22.548364,5.0,0.0,3.797164949912844,-3.797164949912844
324,2022-09-20,8.36946,1.0,4.473,1.4094246554516128,3.0635753445483873
324,2022-10-11,26.3536,2.0,0.0,4.437970143821659,-4.437970143821659
324,2022-10-12,40.34626,8.0,0.0,6.794346779751763,-6.794346779751763
324,2022-10-13,81.568477,11.0,0.0,13.736205512833301,-13.736205512833301
324,2022-10-14,55.983929,9.0,0.0,9.427744423374095,-9.427744423374095
324,2022-10-17,20.672505,5.0,20.235,3.4812685928299727,16.753731407170026
324,2022-10-18,93.6887,9.0,0.0,15.777262059584432,-15.777262059584432
324,2022-10-19,31.426769999999998,6.0,0.0,5.292296573399846,-5.292296573399846
324,2022-10-20,105.266628,15.0,0.0,17.726995636451228,-17.726995636451228
324,2022-10-21,31.623532,3.0,0.0,5.325431472671242,-5.325431472671242
324,2022-10-24,65.975911,9.0,20.235,11.110403255321284,9.124596744678716
324,2022-10-25,80.809033,10.0,0.0,13.608314454385708,-13.608314454385708
324,2022-10-26,31.30232,5.0,10.824,5.271339080518472,5.552660919481528
324,2022-10-27,62.206751,6.0,0.0,10.475673292534914,-10.475673292534914
324,2022-10-28,33.86186,5.0,0.0,5.702367938128715,-5.702367938128715
324,2022-10-31,31.285199999999996,2.0,0.0,5.268456056989913,-5.268456056989913
324,2022-11-01,62.439608,4.0,0.0,10.51488662254599,-10.51488662254599
324,2022-11-02,30.692083,5.0,0.0,5.168574616207892,-5.168574616207892
324,2022-11-03,51.69334,3.0,0.0,8.705205344029732,-8.705205344029732
324,2022-11-04,32.89179,6.0,0.0,5.539007270234496,-5.539007270234496
324,2022-11-07,11.94077,2.0,0.0,2.010836498779725,-2.010836498779725
324,2022-11-08,103.63883,15.0,0.0,17.4528729767701,-17.4528729767701
324,2022-12-01,59.82447,4.0,0.0,10.074495011306027,-10.074495011306027
324,2022-12-02,8.700939,6.0,0.0,1.465246019716983,-1.465246019716983
324,2022-12-05,6.62398,1.0,0.0,1.1154842402279688,-1.1154842402279688
324,2022-12-08,6.5530289999999995,3.0,0.0,1.1035360274724326,-1.1035360274724326
324,2022-12-09,8.79283,2.0,0.0,1.4807205474659781,-1.4807205474659781
324,2022-12-12,29.754825,7.0,0.0,5.0107395188755355,-5.0107395188755355
324,2022-12-13,65.85949,8.0,20.706,11.090797853322547,9.615202146677452
324,2022-12-14,33.56501,9.0,0.0,5.652378128873301,-5.652378128873301
324,2022-12-15,91.787882,11.0,0.0,15.457162584262699,-15.457162584262699
324,2022-12-16,31.237969,7.0,0.0,5.260502313749413,-5.260502313749413
324,2022-12-19,20.639639000000003,3.0,3.765,3.4757339286191313,0.2892660713808688
324,2022-12-20,80.25144,8.0,0.0,13.514415287425447,-13.514415287425447
324,2022-12-21,120.552057,13.0,6.354,20.301075744577094,-13.947075744577095
324,2022-12-23,16.00978,2.0,0.0,2.6960614735426325,-2.6960614735426325
324,2022-12-27,91.56615500000001,12.0,29.883,15.419823556347003,14.463176443652996
324,2022-12-28,69.40103,5.0,0.0,11.687196401648022,-11.687196401648022
324,2022-12-29,81.917007,9.0,6.588,13.794898280964645,-7.206898280964645
324,2022-12-30,27.15864,3.0,0.0,4.573539610026739,-4.573539610026739
324,2023-01-03,97.7846,9.0,0.0,16.4670153347377,-16.4670153347377
324,2023-01-04,31.9455,9.0,0.0,5.379651175909736,-5.379651175909736
324,2023-01-05,99.150915,11.0,18.825,16.69710402004277,2.1278959799572306
324,2023-01-06,32.87902,2.0,0.0,5.536856790651569,-5.536856790651569
324,2023-01-09,19.27693,4.0,0.0,3.2462524969848543,-3.2462524969848543
324,2023-01-10,71.579434,8.0,0.0,12.054041611151911,-12.054041611151911
324,2023-01-11,31.85288,7.0,0.0,5.364053883899507,-5.364053883899507
324,2023-01-12,95.06509,10.0,0.0,16.009047384027948,-16.009047384027948
324,2023-01-13,52.6109,3.0,0.0,8.859723280295176,-8.859723280295176
324,2023-01-17,87.775802,11.0,6.587999999999999,14.781524673137692,-8.193524673137693
324,2023-01-19,99.30292299999999,11.0,19.764,16.722702305120407,3.0412976948795922
324,2023-01-20,21.4278,2.0,0.0,3.608460955914249,-3.608460955914249
324,2023-01-23,24.844247000000003,5.0,0.0,4.183793729575118,-4.183793729575118
324,2023-01-24,100.824597,14.0,16.236,16.978953586942612,-0.7429535869426118
324,2023-01-25,30.38982,7.0,0.0,5.1176732528426605,-5.1176732528426605
324,2023-01-26,92.94901999999999,12.0,25.413,15.652699276663615,9.760300723336385
324,2023-01-27,34.9046,4.0,0.0,5.8779662999376745,-5.8779662999376745
324,2023-01-30,29.387393,6.0,19.061999999999998,4.948863636799285,14.113136363200713
324,2023-01-31,74.756959,7.0,0.0,12.589139703300493,-12.589139703300493
324,2023-02-01,28.81913,5.0,0.0,4.853167632160885,-4.853167632160885
324,2023-02-02,96.107691,14.0,0.0,16.18462233811083,-16.18462233811083
324,2023-02-03,33.44231,5.0,0.0,5.63171533757925,-5.63171533757925
324,2023-02-06,19.81078,4.0,13.884,3.3361533212092183,10.547846678790782
324,2023-02-07,66.86038,5.0,0.0,11.259348637171803,-11.259348637171803
324,2023-02-08,58.61736,7.0,0.0,9.871216592406578,-9.871216592406578
324,2023-02-09,26.879800000000003,3.0,0.0,4.526582701107152,-4.526582701107152
324,2023-02-10,65.082893,11.0,13.413,10.960018214116465,2.4529817858835354
324,2023-02-13,20.693945999999997,5.0,0.0,3.4848792766778596,-3.4848792766778596
324,2023-02-14,97.858583,12.0,21.648,16.479474139043386,5.168525860956613
324,2023-02-15,31.144092,6.0,0.0,5.2446933417990325,-5.2446933417990325
324,2023-02-16,95.809279,9.0,28.707,16.13436948663862,12.572630513361382
324,2023-02-17,39.740011,4.0,0.0,6.692253898258467,-6.692253898258467
324,2023-02-21,96.55718,9.0,24.471,16.260316693416225,8.210683306583775
324,2023-02-22,31.33938,4.0,0.0,5.277580018133447,-5.277580018133447
324,2023-02-23,45.337332,6.0,0.0,7.634847831663619,-7.634847831663619
324,2023-02-24,66.29169,7.0,0.0,11.163580725346096,-11.163580725346096
324,2023-02-27,23.73404,5.0,12.233999999999998,3.996833863770757,8.237166136229241
324,2023-02-28,97.039097,10.0,0.0,16.341471953335176,-16.341471953335176
324,2023-03-01,34.182840999999996,6.0,7.764,5.756421429671957,2.007578570328043
324,2023-03-02,98.12668,9.0,0.0,16.52462191701862,-16.52462191701862
324,2023-03-03,10.8561,1.0,0.0,1.8281770869384946,-1.8281770869384946
324,2023-03-06,7.46633,3.0,0.0,1.257336744274785,-1.257336744274785
324,2023-03-08,32.83061,7.0,0.0,5.528704502741667,-5.528704502741667
324,2023-03-09,97.66296100000001,13.0,14.586,16.44653121680602,-1.8605312168060184
324,2023-03-10,34.256728,8.0,0.0,5.768864067490569,-5.768864067490569
324,2023-03-13,21.070300000000003,2.0,0.0,3.54825763164674,-3.54825763164674
324,2023-03-14,131.072253,15.0,0.0,22.072686293236554,-22.072686293236554
324,2023-03-15,34.271860000000004,7.0,0.0,5.771412310015929,-5.771412310015929
324,2023-03-16,95.22090200000001,10.0,46.116,16.03528626615598,30.08071373384402
324,2023-03-17,33.013627,6.0,0.0,5.55952473154577,-5.55952473154577
324,2023-03-20,21.5316,3.0,0.0,3.625940970065207,-3.625940970065207
324,2023-03-21,95.88944599999999,10.0,0.0,16.147869682153452,-16.147869682153452
324,2023-03-22,30.84806,6.0,0.0,5.194841284485579,-5.194841284485579
324,2023-03-23,125.075312,12.0,5.649,21.062795989359287,-15.413795989359286
324,2023-03-24,31.259770000000003,5.0,3.5309999999999997,5.2641736219238355,-1.7331736219238358
324,2023-03-27,25.130689,4.0,28.941,4.232030822190038,24.708969177809962
324,2023-03-28,101.728948,11.0,0.0,17.131247115626937,-17.131247115626937
324,2023-03-29,31.90368,6.0,24.471,5.3726086499772405,19.09839135002276
324,2023-03-30,94.456722,10.0,0.0,15.906597661012631,-15.906597661012631
324,2023-03-31,32.351625999999996,5.0,0.0,5.448043162683068,-5.448043162683068
324,2023-04-03,65.48843000000001,3.0,0.0,11.028311012755552,-11.028311012755552
324,2023-04-04,30.23933,3.0,0.0,5.092330600341912,-5.092330600341912
324,2023-04-05,62.137,3.0,0.0,10.46392716086783,-10.46392716086783
324,2023-04-06,50.18707,6.0,13.41,8.4515481097796,4.958451890220401
324,2023-04-07,58.382290000000005,3.0,14.586,9.831630591188219,4.754369408811781
324,2023-04-10,20.9821,1.0,28.236,3.533404671645636,24.702595328354363
324,2023-04-11,102.96668,8.0,0.0,17.33968230710183,-17.33968230710183
324,2023-04-12,46.3423,7.0,19.059,7.804085354411788,11.254914645588213
324,2023-04-13,105.655383,9.0,0.0,17.792462331068336,-17.792462331068336
324,2023-04-14,34.00423,5.0,9.882,5.726343175264282,4.1556568247357175
324,2023-04-17,54.84236,4.0,0.0,9.235503168323083,-9.235503168323083
324,2023-04-18,78.62709,6.0,0.0,13.240873274071797,-13.240873274071797
324,2023-04-19,71.00341,6.0,0.0,11.957038647073958,-11.957038647073958
324,2023-04-20,97.725558,7.0,0.0,16.457072608384127,-16.457072608384127
324,2023-04-21,21.10273,2.0,0.0,3.553718873062111,-3.553718873062111
324,2023-04-24,20.9018,2.0,0.0,3.519882078810165,-3.519882078810165
324,2023-04-25,96.00231099999999,7.0,6.117,16.166876250526744,-10.049876250526744
324,2023-04-26,32.93032,5.0,0.0,5.545495757182824,-5.545495757182824
324,2023-04-27,100.61913,8.0,0.0,16.944352757775416,-16.944352757775416
324,2023-04-28,32.63753,5.0,0.0,5.49618965561,-5.49618965561
324,2023-05-01,20.9087,2.0,7.296,3.5210440450687543,3.774955954931246
324,2023-05-02,99.807778,10.0,0.0,16.807720345045087,-16.807720345045087
324,2023-05-03,50.36189,6.0,16.002,8.480987956348681,7.521012043651318
324,2023-05-04,86.745161,7.0,0.0,14.607963793903032,-14.607963793903032
324,2023-05-05,36.434432,7.0,5.175,6.135591396359528,-0.9605913963595283
324,2023-05-08,21.149990000000003,3.0,0.0,3.5616774999289156,-3.5616774999289156
324,2023-05-09,97.1679,5.0,7.53,16.363162495364907,-8.833162495364906
324,2023-05-10,33.58883,3.0,0.0,5.656389438479041,-5.656389438479041
324,2023-05-11,38.1214,2.0,0.0,6.419678337710332,-6.419678337710332
324,2023-05-12,49.7519,1.0,0.0,8.37826508706214,-8.37826508706214
324,2023-05-15,23.9648,2.0,0.0,4.035694057079765,-4.035694057079765
324,2023-05-16,99.789827,8.0,8.94,16.80469738036278,-7.864697380362779
324,2023-05-17,33.97632,4.0,0.0,5.721643105948741,-5.721643105948741
324,2023-05-18,96.80313699999999,6.0,22.116,16.30173607530955,5.814263924690451
324,2023-05-19,31.562730000000002,4.0,0.0,5.315192360721276,-5.315192360721276
324,2023-05-22,20.7657,1.0,0.0,3.49696271536175,-3.49696271536175
324,2023-05-23,98.35068000000001,5.0,0.0,16.56234372019603,-16.56234372019603
324,2023-05-24,63.882580000000004,6.0,0.0,10.75788441618218,-10.75788441618218
324,2023-05-25,96.252657,8.0,0.0,16.20903474400108,-16.20903474400108
324,2023-05-26,33.77903,5.0,11.055,5.688419290998427,5.366580709001573
324,2023-05-30,96.86406,6.0,0.0,16.31199556376927,-16.31199556376927
324,2023-05-31,32.08853,3.0,9.411,5.403737557643951,4.007262442356049
324,2023-06-01,97.89394999999999,8.0,0.0,16.485429973922738,-16.485429973922738
324,2023-06-02,65.097835,9.0,0.0,10.962534460469486,-10.962534460469486
324,2023-06-05,29.68611,3.0,0.0,4.999167850548145,-4.999167850548145
324,2023-06-06,99.945757,7.0,0.0,16.830956133797834,-16.830956133797834
324,2023-06-07,34.756189,4.0,0.0,5.852973752922666,-5.852973752922666
324,2023-06-08,96.02844,6.0,25.413,16.171276397826848,9.241723602173153
324,2023-06-09,31.48929,5.0,12.0,5.302824998108112,6.697175001891888
324,2023-06-12,20.904776,3.0,0.0,3.5203832399095214,-3.5203832399095214
324,2023-06-13,97.36117,7.0,0.0,16.39570933866891,-16.39570933866891
324,2023-06-14,31.750959,5.0,0.0,5.346890295052881,-5.346890295052881
324,2023-06-15,98.97293300000001,6.0,29.649,16.667131689805625,12.981868310194375
324,2023-06-16,56.350629999999995,3.0,0.0,9.489497204387298,-9.489497204387298
324,2023-06-20,96.45658,6.0,0.0,16.243375562167802,-16.243375562167802
324,2023-06-21,33.402754,8.0,7.293,5.625054071300297,1.6679459286997034
324,2023-06-22,80.269164,8.0,0.0,13.51740002510186,-13.51740002510186
324,2023-06-23,32.346426,4.0,0.0,5.447167477966451,-5.447167477966451
324,2023-06-26,20.966486,3.0,0.0,3.5307752598830824,-3.5307752598830824
324,2023-06-27,84.202169,7.0,0.0,14.17972163450252,-14.17972163450252
324,2023-06-28,34.92213,4.0,22.59,5.88091836783812,16.70908163216188
324,2023-06-29,110.47577000000001,8.0,0.0,18.604219874161732,-18.604219874161732
324,2023-06-30,62.439589999999995,5.0,0.0,10.514883591329664,-10.514883591329664
324,2023-07-06,0.0,0.0,9.414,0.0,9.414
324,2023-07-12,0.0,0.0,8.943,0.0,8.943
324,2023-07-14,0.0,0.0,7.764,0.0,7.764
324,2023-07-17,21.143714,3.0,0.0,3.5606206158363194,-3.5606206158363194
324,2023-07-18,97.665557,9.0,7.293,16.4469683855607,-9.153968385560702
324,2023-07-19,73.21054000000001,7.0,0.0,12.328721341033535,-12.328721341033535
324,2023-07-20,83.99352999999999,4.0,0.0,14.144586637658188,-14.144586637658188
324,2023-07-21,54.98707,7.0,0.0,9.259872463581129,-9.259872463581129
324,2023-07-24,22.308166,3.0,0.0,3.756715388843173,-3.756715388843173
324,2023-07-25,82.30518000000001,6.0,10.353,13.860266966253855,-3.507266966253855
324,2023-07-26,42.66878,6.0,0.0,7.185461254374914,-7.185461254374914
324,2023-07-27,86.77427,6.0,0.0,14.61286577590612,-14.61286577590612
324,2023-07-28,31.67167,4.0,0.0,5.333537955534429,-5.333537955534429
324,2023-07-31,24.17702,3.0,0.0,4.071432097572215,-4.071432097572215
324,2023-08-01,68.618304,6.0,0.0,11.555384633282674,-11.555384633282674
324,2023-08-02,56.681112,6.0,0.0,9.545150672948347,-9.545150672948347
324,2023-08-03,78.97284,6.0,0.0,13.299097887681565,-13.299097887681565
324,2023-08-04,31.82825,4.0,0.0,5.359906169559063,-5.359906169559063
324,2023-08-07,20.8543,1.0,0.0,3.51188303572567,-3.51188303572567
324,2023-08-08,100.327214,8.0,0.0,16.895193838595347,-16.895193838595347
324,2023-08-09,51.76388,5.0,0.0,8.717084344012473,-8.717084344012473
324,2023-08-10,68.18505,4.0,7.767,11.48242426670311,-3.715424266703109
324,2023-08-11,33.70179,5.0,0.0,5.675412004938504,-5.675412004938504
324,2023-08-14,20.849899999999998,2.0,0.0,3.5111420717346853,-3.5111420717346853
324,2023-08-15,2.189321,2.0,6.354,0.3686836422060659,5.985316357793934
324,2023-08-21,16.8946,1.0,0.0,2.845065964111522,-2.845065964111522
324,2023-08-24,14.261032,3.0,4.236,2.4015707241547752,1.8344292758452245
324,2023-08-28,24.49344,4.0,0.0,4.1247175125784405,-4.1247175125784405
324,2023-08-29,135.215353,12.0,0.0,22.770388091202204,-22.770388091202204
324,2023-08-30,31.616120000000002,5.0,8.001000000000001,5.324183285148247,2.6768167148517543
324,2023-08-31,100.13977,6.0,28.236,16.86362809897577,11.37237190102423
324,2023-09-01,25.3079,1.0,0.0,4.261873315327855,-4.261873315327855
324,2023-09-05,100.22013,7.0,0.0,16.877160795865663,-16.877160795865663
324,2023-09-06,68.916831,8.0,0.0,11.6056568508592,-11.6056568508592
324,2023-09-07,96.593167,11.0,34.116,16.266376936857945,17.849623063142054
324,2023-09-08,35.629557999999996,6.0,0.0,6.0000498847050165,-6.0000498847050165
324,2023-09-11,21.144599999999997,2.0,0.0,3.560769819039958,-3.560769819039958
324,2023-09-12,96.339931,7.0,0.0,16.223731764762263,-16.223731764762263
324,2023-09-13,34.77474,6.0,21.881999999999998,5.856097758149202,16.025902241850794
324,2023-09-14,99.60075,7.0,0.0,16.772856642062003,-16.772856642062003
324,2023-09-15,48.18072,4.0,0.0,8.113676949935913,-8.113676949935913
324,2023-09-20,43.684493,5.0,0.0,7.356508244869251,-7.356508244869251
324,2023-09-21,107.16178,7.0,0.0,18.04614095223366,-18.04614095223366
324,2023-09-22,31.5483,4.0,21.648,5.31276233563266,16.33523766436734
324,2023-09-25,49.65809,6.0,0.0,8.362467397972532,-8.362467397972532
324,2023-09-26,104.400593,10.0,18.825,17.581154556921124,1.2438454430788752
324,2023-09-27,34.32407,3.0,0.0,5.78020452137259,-5.78020452137259
324,2023-09-28,96.25414,7.0,0.0,16.209284482546224,-16.209284482546224
324,2023-09-29,31.476499999999998,4.0,19.53,5.3006711505070445,14.229328849492957
324,2023-10-03,94.8305,6.0,0.0,15.96954221524497,-15.96954221524497
324,2023-10-04,31.66715,4.0,0.0,5.332776783434599,-5.332776783434599
324,2023-10-05,99.75948,7.0,21.411,16.799586918036773,4.611413081963228
324,2023-10-06,34.73903,6.0,0.0,5.8500841617587325,-5.8500841617587325
324,2023-10-09,31.773228,6.0,10.353,5.3506404148517985,5.002359585148201
324,2023-10-10,100.99366,6.0,0.0,17.00742394948985,-17.00742394948985
324,2023-10-11,35.4855,5.0,0.0,5.975790386838364,-5.975790386838364
324,2023-10-12,96.052992,8.0,8.235,16.17541097689654,-7.9404109768965405
324,2023-10-13,64.36806,6.0,0.0,10.839639688532921,-10.839639688532921
324,2023-10-16,24.12435,3.0,16.707,4.062562421798313,12.644437578201687
324,2023-10-17,96.482638,8.0,0.0,16.2477637530035,-16.2477637530035
324,2023-10-18,30.331290000000003,4.0,0.0,5.1078167477534935,-5.1078167477534935
324,2023-10-19,95.88676000000001,6.0,11.766,16.14741735731714,-4.381417357317138
324,2023-10-20,31.705732,5.0,0.0,5.339274027230093,-5.339274027230093
324,2023-10-23,21.305300000000003,2.0,0.0,3.587831844801606,-3.587831844801606
324,2023-10-24,124.86466,8.0,0.0,21.02732200148908,-21.02732200148908
324,2023-10-25,34.004490000000004,6.0,0.0,5.726386959500114,-5.726386959500114
324,2023-10-26,85.39086,5.0,0.0,14.379898277095167,-14.379898277095167
324,2023-10-27,67.08794,5.0,0.0,11.297669947578276,-11.297669947578276
324,2023-10-30,10.5971,1.0,0.0,1.7845612520146206,-1.7845612520146206
324,2023-10-31,96.211027,7.0,16.941,16.20202421424092,0.7389757857590773
324,2023-11-01,20.7695,2.0,0.0,3.49760263880851,-3.49760263880851
324,2023-11-02,95.50979,7.0,0.0,16.08393526738952,-16.08393526738952
324,2023-11-03,30.749595,5.0,21.411,5.17825968917369,16.232740310826312
324,2023-11-06,41.36094,3.0,0.0,6.965219812109124,-6.965219812109124
324,2023-11-07,108.47779,8.0,0.0,18.267758229909983,-18.267758229909983
324,2023-11-08,34.67495,4.0,15.059999999999999,5.839293031635482,9.220706968364517
324,2023-11-09,108.1413,10.0,0.0,18.211093008699425,-18.211093008699425
324,2023-11-13,21.88549,3.0,21.648,3.6855363670582952,17.962463632941706
324,2023-11-14,95.66866999999999,6.0,0.0,16.11069080350035,-16.11069080350035
324,2023-11-15,21.301977,4.0,0.0,3.5872722485875053,-3.5872722485875053
324,2023-11-16,98.68787,8.0,0.0,16.619126822041512,-16.619126822041512
324,2023-11-17,44.52874,8.0,9.177,7.498680205436725,1.6783197945632748
324,2023-11-20,19.618341,3.0,0.0,3.3037464190589656,-3.3037464190589656
324,2023-11-21,110.39949999999999,7.0,0.0,18.591375936981635,-18.591375936981635
324,2023-11-22,32.97637,4.0,0.0,5.553250618952108,-5.553250618952108
324,2023-11-27,9.361483999999999,2.0,0.0,1.576482396859031,-1.576482396859031
324,2023-11-28,102.313887,9.0,0.0,17.22975137379117,-17.22975137379117
324,2023-11-29,34.95528,6.0,25.884,5.8865008579065625,19.99749914209344
324,2023-11-30,99.614296,9.0,0.0,16.77513780074879,-16.77513780074879
324,2023-12-01,21.64875,3.0,22.353,3.6456691363251754,18.707330863674827
324,2023-12-04,24.14712,3.0,0.0,4.06639691045166,-4.06639691045166
324,2023-12-05,96.308875,8.0,19.764,16.218501906193165,3.5454980938068346
324,2023-12-06,51.92604,5.0,0.0,8.7443922350984,-8.7443922350984
324,2023-12-07,95.34295,7.0,23.061,16.055839260058637,7.005160739941363
324,2023-12-08,31.40635,4.0,0.0,5.28885782687805,-5.28885782687805
324,2023-12-11,55.43793,5.0,0.0,9.33579769653008,-9.33579769653008
324,2023-12-12,70.85369,7.0,0.0,11.931825663271631,-11.931825663271631
324,2023-12-13,25.243927,5.0,5.646,4.251100204101658,1.3948997958983416
324,2023-12-14,83.105536,7.0,0.0,13.995047642610349,-13.995047642610349
324,2023-12-15,35.06011,5.0,0.0,5.904154324991773,-5.904154324991773
324,2023-12-18,41.48086,5.0,0.0,6.985414448881599,-6.985414448881599
324,2023-12-19,78.71112,10.0,0.0,13.255024002290535,-13.255024002290535
324,2023-12-20,77.95517000000001,6.0,0.0,13.127721336612149,-13.127721336612149
324,2023-12-21,70.333349,10.0,0.0,11.844199766900497,-11.844199766900497
324,2023-12-22,43.75587,5.0,0.0,7.368528196411186,-7.368528196411186
324,2023-12-26,0.0,0.0,23.529,0.0,23.529
324,2023-12-27,34.55672,4.0,0.0,5.819382992395908,-5.819382992395908
324,2023-12-28,98.88851,8.0,12.234,16.652914780030414,-4.4189147800304145
324,2023-12-29,39.877198,3.0,0.0,6.715356313492835,-6.715356313492835
681,2021-10-01,58.530300000000004,2.0,0.0,4.682424,-4.682424
681,2021-10-02,74.3377,3.0,10.57,5.947016,4.622984000000001
681,2021-10-03,63.2384,2.0,0.0,5.059072,-5.059072
681,2021-10-04,68.42889,3.0,5.34,5.4743112,-0.13431119999999996
681,2021-10-05,51.43701,3.0,0.0,4.1149608,-4.1149608
681,2021-10-06,67.76979,3.0,0.9884,5.4215832,-4.4331832
681,2021-10-07,61.1957,3.0,0.0,4.895656000000001,-4.895656000000001
681,2021-10-08,31.9172,1.0,0.0,2.553376,-2.553376
681,2021-10-09,24.5695,1.0,0.0,1.9655600000000002,-1.9655600000000002
681,2021-10-10,9.938,1.0,0.0,0.7950400000000001,-0.7950400000000001
681,2021-10-12,67.86919,3.0,0.0,5.4295352,-5.4295352
681,2021-10-13,72.71921,5.0,0.0,5.8175368,-5.8175368
681,2021-10-14,65.9507,2.0,4.75,5.276056,-0.5260559999999996
681,2021-10-15,78.66243,5.0,0.0,6.2929944,-6.2929944
681,2021-10-16,64.20484,4.0,0.0,5.136387200000001,-5.136387200000001
681,2021-10-17,56.199,3.0,5.02,4.49592,0.5240799999999997
681,2021-10-18,38.68949,4.0,7.8,3.0951592,4.7048407999999995
681,2021-10-19,67.56979999999999,3.0,0.51,5.405583999999999,-4.8955839999999995
681,2021-10-20,98.85429,5.0,12.66,7.908343200000001,4.751656799999999
681,2021-10-21,68.2777,3.0,0.0,5.462216,-5.462216
681,2021-10-22,67.82168999999999,3.0,3.57,5.425735199999999,-1.8557351999999994
681,2021-10-23,77.5132,3.0,0.0,6.201056,-6.201056
681,2021-10-24,45.07372,3.0,0.0,3.6058976,-3.6058976
681,2021-10-25,85.42976,4.0,9.67,6.8343808,2.8356192
681,2021-10-26,67.79812000000001,3.0,5.38,5.423849600000001,-0.04384960000000149
681,2021-10-27,83.1644,5.0,0.0,6.653152,-6.653152
681,2021-10-28,74.3553,5.0,7.92,5.948424,1.9715759999999998
681,2021-10-29,100.54025,6.0,0.0,8.04322,-8.04322
681,2021-10-30,82.05103,4.0,6.18,6.5640824,-0.3840824000000005
681,2021-10-31,64.31118,5.0,6.48,5.144894399999999,1.3351056000000012
681,2021-11-01,104.568102,8.0,8.06,8.36544816,-0.3054481599999992
681,2021-11-02,73.05799,5.0,4.43,5.8446392000000005,-1.4146392000000008
681,2021-11-03,67.92479,3.0,3.42,5.4339832,-2.0139832
681,2021-11-04,50.80546,3.0,5.85,4.0644368,1.7855631999999995
681,2021-11-05,85.23014,8.0,5.01,6.818411200000001,-1.808411200000001
681,2021-11-06,60.126599999999996,2.0,0.0,4.810128,-4.810128
681,2021-11-07,17.7232,1.0,0.0,1.417856,-1.417856
681,2021-11-08,76.92714000000001,4.0,4.26,6.1541712,-1.8941712000000006
681,2021-11-09,65.9576,2.0,0.0,5.276608,-5.276608
681,2021-11-10,67.86239,3.0,0.0,5.4289912000000005,-5.4289912000000005
681,2021-11-11,33.90695,2.0,3.99,2.712556,1.277444
681,2021-11-12,57.303039999999996,3.0,0.0,4.5842431999999995,-4.5842431999999995
681,2021-11-13,79.48059,5.0,3.59,6.3584472000000005,-2.7684472000000007
681,2021-11-14,4.77802,2.0,0.0,0.38224159999999996,-0.38224159999999996
681,2021-11-15,31.6492,1.0,0.0,2.531936,-2.531936
681,2021-11-16,31.9425,1.0,0.0,2.5554,-2.5554
681,2021-11-17,67.91065,3.0,0.0,5.4328520000000005,-5.4328520000000005
681,2021-11-18,65.84309999999999,2.0,0.0,5.267448,-5.267448
681,2021-11-19,50.98926,4.0,0.0,4.0791408,-4.0791408
681,2021-11-20,106.9875,4.0,0.0,8.559,-8.559
681,2021-11-21,15.68725,4.0,0.0,1.25498,-1.25498
681,2021-11-22,123.261,3.0,3.32,9.86088,-6.54088
681,2021-11-23,68.15408,3.0,0.0,5.4523264,-5.4523264
681,2021-11-24,56.47614,5.0,1.53,4.5180912,-2.9880911999999995
681,2021-11-25,75.5234,3.0,0.0,6.041872,-6.041872
681,2021-11-26,68.727846,6.0,0.0,5.49822768,-5.49822768
681,2021-11-27,29.3871,1.0,0.0,2.350968,-2.350968
681,2021-11-28,4.9130400000000005,2.0,0.0,0.39304320000000004,-0.39304320000000004
681,2021-11-29,41.5119,3.0,0.0,3.3209519999999997,-3.3209519999999997
681,2021-12-05,18.79581,2.0,0.0,1.5036648,-1.5036648
681,2021-12-06,31.9387,1.0,0.0,2.5550960000000003,-2.5550960000000003
681,2021-12-07,31.9486,1.0,0.0,2.555888,-2.555888
681,2021-12-08,88.825,4.0,6.54,7.106000000000001,-0.5660000000000007
681,2021-12-09,32.0867,1.0,0.0,2.566936,-2.566936
681,2021-12-10,65.866,2.0,0.0,5.26928,-5.26928
681,2021-12-11,84.03376,5.0,0.0,6.7227008,-6.7227008
681,2021-12-12,4.94569,2.0,0.0,0.3956552,-0.3956552
681,2021-12-13,34.385130000000004,2.0,0.0,2.7508104,-2.7508104
681,2021-12-14,89.7581,4.0,0.0,7.180648,-7.180648
681,2021-12-15,69.3183,2.0,0.0,5.545464,-5.545464
681,2021-12-16,44.21268,2.0,0.0,3.5370144,-3.5370144
681,2021-12-17,37.355000000000004,2.0,0.0,2.9884000000000004,-2.9884000000000004
681,2021-12-28,5.011609999999999,2.0,0.0,0.4009288,-0.4009288
681,2021-12-29,65.1488,4.0,0.0,5.211904,-5.211904
681,2021-12-30,78.81122,5.0,0.0,6.3048976,-6.3048976
681,2021-12-31,17.6072,1.0,0.0,1.4085759999999998,-1.4085759999999998
681,2022-01-02,17.4937,1.0,0.0,1.399496,-1.399496
681,2022-01-03,71.47297999999999,5.0,0.0,5.7178384,-5.7178384
681,2022-01-04,33.86079,2.0,0.64,2.7088632,-2.0688632
681,2022-01-05,31.7781,1.0,0.0,2.542248,-2.542248
681,2022-01-06,29.26425,2.0,0.0,2.34114,-2.34114
681,2022-01-07,10.88679,2.0,0.0,0.8709432,-0.8709432
681,2022-01-08,57.774519999999995,4.0,0.0,4.6219616,-4.6219616
681,2022-01-10,66.16130000000001,2.0,7.91,5.292904000000001,2.617095999999999
681,2022-01-11,31.8717,1.0,0.0,2.5497360000000002,-2.5497360000000002
681,2022-01-12,31.9978,1.0,0.0,2.5598240000000003,-2.5598240000000003
681,2022-01-13,31.8192,1.0,0.0,2.545536,-2.545536
681,2022-01-14,71.93388,4.0,7.79,5.7547104000000004,2.0352895999999996
681,2022-01-15,48.84979,4.0,0.0,3.9079832,-3.9079832
681,2022-01-18,21.33044,3.0,0.0,1.7064352,-1.7064352
681,2022-01-20,49.1846,1.0,0.0,3.9347680000000005,-3.9347680000000005
681,2022-01-21,19.084415999999997,3.0,0.0,1.5267532799999999,-1.5267532799999999
681,2022-01-22,99.49841,6.0,0.0,7.9598728,-7.9598728
681,2022-01-23,81.12367,4.0,7.82,6.4898936,1.3301064
681,2022-01-24,69.59501999999999,3.0,4.41,5.5676016,-1.1576015999999996
681,2022-01-25,31.8999,1.0,0.0,2.551992,-2.551992
681,2022-01-26,67.85486,4.0,2.0426,5.4283888000000005,-3.3857888000000003
681,2022-01-27,146.83328,5.0,4.56,11.7466624,-7.1866624
681,2022-01-28,84.8241,3.0,9.96,6.785928,3.1740720000000007
681,2022-01-29,83.2317,3.0,0.0,6.658536000000001,-6.658536000000001
681,2022-01-30,52.434200000000004,5.0,7.16,4.194736000000001,2.9652639999999995
681,2022-01-31,35.1135,1.0,0.0,2.8090800000000002,-2.8090800000000002
681,2022-02-01,2.17667,1.0,0.0,0.1741336,-0.1741336
681,2022-02-02,49.0203,2.0,0.0,3.921624,-3.921624
681,2022-02-03,32.0229,1.0,0.0,2.561832,-2.561832
681,2022-02-04,6.57083,2.0,0.0,0.5256664,-0.5256664
681,2022-02-05,80.9691,5.0,0.0,6.4775279999999995,-6.4775279999999995
681,2022-02-07,99.73995,4.0,6.62,7.979196,-1.3591959999999998
681,2022-02-08,31.8161,1.0,0.0,2.5452879999999998,-2.5452879999999998
681,2022-02-09,64.52858,4.0,0.0,5.1622864,-5.1622864
681,2022-02-10,31.8095,1.0,0.0,2.54476,-2.54476
681,2022-02-11,9.2125,1.0,0.0,0.737,-0.737
681,2022-02-12,21.9042,1.0,5.42,1.752336,3.6676640000000003
681,2022-02-14,31.7889,1.0,0.0,2.5431120000000003,-2.5431120000000003
681,2022-02-18,31.7947,1.0,0.0,2.543576,-2.543576
681,2022-02-22,31.8083,1.0,0.0,2.544664,-2.544664
681,2022-02-23,16.6573,1.0,0.0,1.332584,-1.332584
681,2022-02-24,31.7928,1.0,0.0,2.543424,-2.543424
681,2022-02-25,9.105559,2.0,0.0,0.7284447199999999,-0.7284447199999999
681,2022-02-28,12.9035,1.0,0.0,1.0322799999999999,-1.0322799999999999
681,2022-03-02,31.8147,1.0,0.0,2.545176,-2.545176
681,2022-03-03,31.8475,1.0,0.0,2.5478,-2.5478
681,2022-03-05,56.44657,4.0,0.0,4.515725600000001,-4.515725600000001
681,2022-03-07,27.2979,1.0,0.0,2.1838319999999998,-2.1838319999999998
681,2022-03-08,35.293009999999995,3.0,0.0,2.8234407999999998,-2.8234407999999998
681,2022-03-09,31.7386,1.0,0.0,2.539088,-2.539088
681,2022-03-11,32.67331,3.0,0.0,2.6138648,-2.6138648
681,2022-03-14,31.7678,1.0,0.0,2.541424,-2.541424
681,2022-03-15,31.5911,1.0,0.0,2.527288,-2.527288
681,2022-03-16,31.7181,1.0,0.0,2.537448,-2.537448
681,2022-03-18,8.4511,1.0,0.0,0.676088,-0.676088
681,2022-03-19,0.606944,1.0,0.0,0.048555520000000005,-0.048555520000000005
681,2022-03-21,32.1871,1.0,0.0,2.574968,-2.574968
681,2022-03-22,32.0416,1.0,0.0,2.5633280000000003,-2.5633280000000003
681,2022-03-23,84.16293,3.0,0.0,6.7330344,-6.7330344
681,2022-03-24,64.2899,3.0,0.0,5.143192,-5.143192
681,2022-03-25,51.82611,2.0,0.0,4.1460888,-4.1460888
681,2022-03-26,50.4609,2.0,0.0,4.036872000000001,-4.036872000000001
681,2022-03-27,17.6445,1.0,0.0,1.4115600000000001,-1.4115600000000001
681,2022-03-29,5.086576,3.0,0.0,0.40692608,-0.40692608
681,2022-03-30,79.34325,5.0,0.0,6.34746,-6.34746
681,2022-03-31,42.39676,4.0,0.0,3.3917408,-3.3917408
681,2022-04-01,4.24266,1.0,0.0,0.3394128,-0.3394128
681,2022-04-02,46.30016,3.0,4.6,3.7040128,0.8959871999999995
681,2022-04-04,74.9866,2.0,0.0,5.998927999999999,-5.998927999999999
681,2022-04-05,35.617180000000005,2.0,0.0,2.8493744000000003,-2.8493744000000003
681,2022-04-06,32.1304,1.0,0.0,2.5704320000000003,-2.5704320000000003
681,2022-04-07,32.1858,1.0,0.0,2.5748640000000003,-2.5748640000000003
681,2022-04-09,71.38210000000001,2.0,0.0,5.710568000000001,-5.710568000000001
681,2022-04-10,16.63189,2.0,0.0,1.3305512,-1.3305512
681,2022-04-11,34.1067,1.0,0.0,2.7285359999999996,-2.7285359999999996
681,2022-04-12,66.0885,2.0,0.0,5.28708,-5.28708
681,2022-04-14,66.2196,2.0,3.71,5.297568,-1.587568
681,2022-04-15,60.673585,3.0,0.0,4.853886800000001,-4.853886800000001
681,2022-04-16,22.79721,4.0,0.0,1.8237768,-1.8237768
681,2022-04-18,66.36330000000001,2.0,0.0,5.309064000000001,-5.309064000000001
681,2022-04-19,33.29454,2.0,0.0,2.6635632,-2.6635632
681,2022-04-20,32.135,1.0,0.0,2.5707999999999998,-2.5707999999999998
681,2022-04-21,34.3162,1.0,0.58,2.745296,-2.165296
681,2022-04-22,77.3308,3.0,0.0,6.186464,-6.186464
681,2022-04-23,65.18141299999999,3.0,5.88,5.214513039999999,0.6654869600000008
681,2022-04-24,25.27159,2.0,0.0,2.0217272,-2.0217272
681,2022-04-25,50.204800000000006,2.0,0.0,4.016384,-4.016384
681,2022-04-26,121.54133,4.0,0.0,9.7233064,-9.7233064
681,2022-04-27,38.959849999999996,2.0,3.35,3.1167879999999997,0.23321200000000042
681,2022-04-28,66.79849999999999,2.0,0.0,5.3438799999999995,-5.3438799999999995
681,2022-04-29,13.62907,3.0,0.0,1.0903256000000001,-1.0903256000000001
681,2022-04-30,0.631111,1.0,0.0,0.05048888,-0.05048888
681,2022-05-01,56.331599999999995,2.0,0.0,4.506527999999999,-4.506527999999999
681,2022-05-03,21.45222,2.0,0.0,1.7161776,-1.7161776
681,2022-05-04,32.2284,1.0,0.0,2.578272,-2.578272
681,2022-05-05,19.524341999999997,4.0,0.0,1.5619473599999998,-1.5619473599999998
681,2022-05-06,85.88105999999999,3.0,6.07,6.8704848,-0.8004847999999996
681,2022-05-07,25.49229,3.0,0.0,2.0393832,-2.0393832
681,2022-05-08,6.82895,2.0,0.0,0.546316,-0.546316
681,2022-05-09,24.259410000000003,2.0,0.0,1.9407528000000003,-1.9407528000000003
681,2022-05-11,34.6721,1.0,0.6587,2.773768,-2.115068
681,2022-05-12,95.24360999999999,7.0,0.0,7.619488799999999,-7.619488799999999
681,2022-05-13,41.964051,9.0,0.0,3.3571240799999997,-3.3571240799999997
681,2022-05-14,75.5284,2.0,0.0,6.0422720000000005,-6.0422720000000005
681,2022-05-15,64.88066,4.0,0.0,5.190452800000001,-5.190452800000001
681,2022-05-16,13.18903,2.0,0.0,1.0551224000000001,-1.0551224000000001
681,2022-05-17,34.1788,1.0,4.12,2.7343040000000003,1.3856959999999998
681,2022-05-18,69.1914,2.0,0.0,5.535312,-5.535312
681,2022-05-19,31.9628,1.0,0.0,2.557024,-2.557024
681,2022-05-21,48.70853,3.0,0.0,3.8966824000000004,-3.8966824000000004
681,2022-05-23,34.3863,1.0,0.0,2.750904,-2.750904
681,2022-05-24,40.3583,1.0,0.0,3.228664,-3.228664
681,2022-05-25,36.1687,2.0,0.0,2.8934960000000003,-2.8934960000000003
681,2022-05-26,32.0461,1.0,0.0,2.5636880000000004,-2.5636880000000004
681,2022-05-28,10.911999999999999,2.0,0.0,0.87296,-0.87296
681,2022-06-01,32.1537,1.0,0.0,2.572296,-2.572296
681,2022-06-02,38.508230000000005,2.0,0.0,3.0806584000000004,-3.0806584000000004
681,2022-06-03,42.22882,3.0,0.0,3.3783056,-3.3783056
681,2022-06-04,50.182649999999995,4.0,0.0,4.014612,-4.014612
681,2022-06-05,8.89793,1.0,0.0,0.7118344000000001,-0.7118344000000001
681,2022-06-06,20.6319,1.0,0.0,1.6505520000000002,-1.6505520000000002
681,2022-06-08,50.4852,1.0,0.0,4.038816,-4.038816
681,2022-06-09,50.26564,2.0,0.0,4.0212512,-4.0212512
681,2022-06-10,38.60303,2.0,0.0,3.0882424,-3.0882424
681,2022-06-12,74.9507,2.0,0.0,5.996056,-5.996056
681,2022-06-13,49.778800000000004,2.0,0.0,3.9823040000000005,-3.9823040000000005
681,2022-06-14,31.9321,1.0,0.0,2.5545679999999997,-2.5545679999999997
681,2022-06-15,32.0634,1.0,0.0,2.5650720000000002,-2.5650720000000002
681,2022-06-16,32.2023,1.0,0.0,2.576184,-2.576184
681,2022-06-17,66.28477,4.0,0.0,5.302781599999999,-5.302781599999999
681,2022-06-18,7.54078,2.0,0.0,0.6032624,-0.6032624
681,2022-06-21,66.30799999999999,2.0,0.0,5.304639999999999,-5.304639999999999
681,2022-06-22,18.7996,1.0,0.0,1.5039680000000002,-1.5039680000000002
681,2022-06-23,75.9214,3.0,4.57,6.073712,-1.5037120000000002
681,2022-06-24,42.6065,2.0,0.0,3.4085199999999998,-3.4085199999999998
681,2022-06-25,30.3339,1.0,0.0,2.426712,-2.426712
681,2022-06-27,34.04195,2.0,0.0,2.723356,-2.723356
681,2022-06-29,6.39352,1.0,0.0,0.5114816,-0.5114816
681,2022-06-30,35.663712000000004,2.0,1.0983,2.8530969600000002,-1.7547969600000002
681,2022-07-01,2.17934,1.0,0.0,0.17434719999999998,-0.17434719999999998
681,2022-07-05,24.8924,1.0,0.0,1.9913919999999998,-1.9913919999999998
681,2022-07-06,34.0213,1.0,0.0,2.721704,-2.721704
681,2022-07-09,2.38779,1.0,0.0,0.1910232,-0.1910232
681,2022-07-10,17.70842,2.0,0.0,1.4166736,-1.4166736
681,2022-07-11,32.1527,1.0,0.0,2.5722160000000005,-2.5722160000000005
681,2022-07-12,32.1222,1.0,0.0,2.569776,-2.569776
681,2022-07-13,29.6974,1.0,0.0,2.375792,-2.375792
681,2022-07-14,0.0,0.0,5.72,0.0,5.72
681,2022-07-15,34.1422,1.0,0.0,2.7313760000000005,-2.7313760000000005
681,2022-07-17,58.6404,2.0,0.0,4.691232,-4.691232
681,2022-07-18,71.5318,2.0,4.1,5.722544,-1.6225440000000004
681,2022-07-19,67.7493,2.0,0.0,5.419944,-5.419944
681,2022-07-20,31.9446,1.0,0.0,2.555568,-2.555568
681,2022-07-21,66.41,2.0,0.0,5.3128,-5.3128
681,2022-07-22,68.453033,5.0,0.0,5.476242640000001,-5.476242640000001
681,2022-07-23,62.591629999999995,3.0,0.0,5.0073304,-5.0073304
681,2022-07-24,2.35315,1.0,0.0,0.188252,-0.188252
681,2022-07-25,35.99033,2.0,0.0,2.8792264,-2.8792264
681,2022-07-26,70.44531,3.0,5.0,5.6356248,-0.6356248000000004
681,2022-07-27,30.3615,1.0,0.0,2.42892,-2.42892
681,2022-07-29,9.69887,1.0,5.88,0.7759096,5.1040904
681,2022-07-30,63.3721,2.0,0.0,5.069768000000001,-5.069768000000001
681,2022-07-31,22.4288,1.0,0.0,1.794304,-1.794304
681,2022-08-01,33.61365,3.0,0.0,2.689092,-2.689092
681,2022-08-02,32.0912,1.0,0.0,2.5672960000000002,-2.5672960000000002
681,2022-08-03,32.0417,1.0,0.6587,2.563336,-1.904636
681,2022-08-04,74.9952,2.0,0.0,5.999616,-5.999616
681,2022-08-05,33.10948,2.0,0.0,2.6487583999999997,-2.6487583999999997
681,2022-08-06,47.87468,3.0,0.0,3.8299744,-3.8299744
681,2022-08-07,34.021789999999996,3.0,4.23,2.7217431999999997,1.5082568000000007
681,2022-08-08,32.0459,1.0,0.0,2.5636720000000004,-2.5636720000000004
681,2022-08-10,34.27078,2.0,0.0,2.7416624,-2.7416624
681,2022-08-11,66.1329,2.0,0.0,5.2906320000000004,-5.2906320000000004
681,2022-08-12,52.8763,2.0,0.0,4.230104,-4.230104
681,2022-08-13,30.0113,1.0,0.0,2.400904,-2.400904
681,2022-08-14,4.991149999999999,2.0,0.0,0.399292,-0.399292
681,2022-08-15,22.6956,2.0,0.0,1.815648,-1.815648
681,2022-08-16,17.87178,2.0,0.0,1.4297424,-1.4297424
681,2022-08-17,17.97648,2.0,0.0,1.4381184,-1.4381184
681,2022-08-18,38.08693,2.0,4.7384,3.0469544,1.6914456000000002
681,2022-08-19,17.705759999999998,2.0,0.0,1.4164607999999999,-1.4164607999999999
681,2022-08-22,34.1241,1.0,0.0,2.729928,-2.729928
681,2022-08-23,47.43719,3.0,0.0,3.7949752,-3.7949752
681,2022-08-24,66.3852,2.0,0.0,5.310816,-5.310816
681,2022-08-25,68.44354,3.0,0.0,5.4754832,-5.4754832
681,2022-08-26,78.16835,4.0,0.0,6.253468000000001,-6.253468000000001
681,2022-08-27,62.7953,2.0,0.0,5.023624,-5.023624
681,2022-08-28,20.109313999999998,3.0,0.0,1.6087451199999998,-1.6087451199999998
681,2022-08-29,85.96541,6.0,0.7133,6.877232800000001,-6.1639328
681,2022-08-30,66.0015,2.0,0.0,5.280119999999999,-5.280119999999999
681,2022-08-31,68.3953,3.0,0.0,5.471624,-5.471624
681,2022-09-01,74.7305,2.0,0.0,5.978440000000001,-5.978440000000001
681,2022-09-02,24.874550000000003,4.0,0.3843,1.9899640000000003,-1.6056640000000004
681,2022-09-03,61.77559,3.0,0.0,4.9420472,-4.9420472
681,2022-09-06,32.0431,1.0,0.0,2.563448,-2.563448
681,2022-09-08,2.29917,1.0,0.0,0.1839336,-0.1839336
681,2022-09-09,53.5039,2.0,0.0,4.280312,-4.280312
681,2022-09-10,30.4397,1.0,0.0,2.435176,-2.435176
681,2022-09-11,33.437259999999995,2.0,0.0,2.6749807999999997,-2.6749807999999997
681,2022-09-12,32.1578,1.0,0.0,2.5726240000000002,-2.5726240000000002
681,2022-09-13,4.41853,1.0,0.0,0.3534824,-0.3534824
681,2022-09-14,52.916399999999996,2.0,0.0,4.233312,-4.233312
681,2022-09-15,32.2816,1.0,0.0,2.582528,-2.582528
681,2022-09-16,48.7108,2.0,0.0,3.896864,-3.896864
681,2022-09-17,61.6472,2.0,0.4942,4.931776,-4.437576
681,2022-09-18,29.7897,1.0,0.0,2.383176,-2.383176
681,2022-09-19,34.0966,1.0,0.0,2.7277280000000004,-2.7277280000000004
681,2022-09-20,18.6016,1.0,0.0,1.4881280000000001,-1.4881280000000001
681,2022-09-23,68.17681,3.0,0.0,5.454144800000001,-5.454144800000001
681,2022-09-24,30.2117,1.0,0.0,2.416936,-2.416936
681,2022-09-25,26.498,1.0,0.0,2.11984,-2.11984
681,2022-09-26,73.5937,3.0,0.0,5.887496,-5.887496
681,2022-09-27,32.0124,1.0,0.0,2.560992,-2.560992
681,2022-09-28,38.367560000000005,2.0,0.0,3.0694048000000005,-3.0694048000000005
681,2022-09-29,32.1036,1.0,0.0,2.568288,-2.568288
681,2022-09-30,70.25574,4.0,0.0,5.6204592,-5.6204592
681,2022-10-01,34.93652,3.0,0.0,2.7949216000000003,-2.7949216000000003
681,2022-10-02,32.7632,1.0,0.0,2.621056,-2.621056
681,2022-10-03,20.4258,1.0,0.0,1.634064,-1.634064
681,2022-10-04,32.27,1.0,0.0,2.5816000000000003,-2.5816000000000003
681,2022-10-05,32.218,1.0,0.0,2.57744,-2.57744
681,2022-10-06,65.68416,3.0,0.0,5.2547328,-5.2547328
681,2022-10-07,72.11108,4.0,0.0,5.7688864,-5.7688864
681,2022-10-08,99.86519999999999,4.0,0.0,7.989215999999999,-7.989215999999999
681,2022-10-10,32.0728,1.0,0.0,2.565824,-2.565824
681,2022-10-11,68.2311,2.0,0.0,5.458488,-5.458488
681,2022-10-12,32.1342,1.0,0.7686,2.570736,-1.8021360000000002
681,2022-10-13,35.14972,2.0,0.0,2.8119776,-2.8119776
681,2022-10-14,32.2242,1.0,0.0,2.5779360000000002,-2.5779360000000002
681,2022-10-15,60.3091,2.0,0.0,4.824728,-4.824728
681,2022-10-17,34.17136,2.0,0.0,2.7337088,-2.7337088
681,2022-10-18,32.0025,1.0,0.0,2.5602,-2.5602
681,2022-10-19,64.2902,2.0,0.0,5.143216,-5.143216
681,2022-10-20,57.71915,4.0,0.0,4.617532,-4.617532
681,2022-10-21,68.1465,3.0,0.0,5.451720000000001,-5.451720000000001
681,2022-10-22,60.172799999999995,2.0,0.0,4.813823999999999,-4.813823999999999
681,2022-10-23,38.19449,2.0,0.0,3.0555592000000003,-3.0555592000000003
681,2022-10-24,84.29285999999999,4.0,1.043,6.743428799999999,-5.700428799999999
681,2022-10-25,38.39663,4.0,0.0,3.0717304000000003,-3.0717304000000003
681,2022-10-26,69.16308000000001,4.0,0.0,5.533046400000001,-5.533046400000001
681,2022-10-27,66.2818,2.0,0.0,5.302544,-5.302544
681,2022-10-28,34.90664,6.0,0.0,2.7925312000000004,-2.7925312000000004
681,2022-10-29,62.9799,2.0,0.0,5.038392,-5.038392
681,2022-10-30,59.691809,7.0,0.0,4.77534472,-4.77534472
681,2022-10-31,69.57746,5.0,1.4819,5.5661968,-4.084296800000001
681,2022-11-01,69.66014999999999,4.0,0.0,5.572811999999999,-5.572811999999999
681,2022-11-02,77.1023,4.0,0.0,6.168184,-6.168184
681,2022-11-03,68.80611999999999,4.0,1.96,5.504489599999999,-3.5444895999999995
681,2022-11-04,91.5863,3.0,0.0,7.326904,-7.326904
681,2022-11-05,74.7049,2.0,0.0,5.976392,-5.976392
681,2022-11-06,24.08913,4.0,0.0,1.9271304,-1.9271304
681,2022-11-07,34.883784,3.0,1.5372,2.79070272,-1.2535027200000002
681,2022-11-08,51.75165,4.0,0.7133,4.1401319999999995,-3.426831999999999
681,2022-11-09,65.59604,4.0,0.0,5.2476832,-5.2476832
681,2022-11-10,72.71903,4.0,0.0,5.8175224000000005,-5.8175224000000005
681,2022-11-11,81.36717,4.0,1.2628,6.5093736,-5.2465736
681,2022-11-12,103.94630000000001,3.0,0.0,8.315704,-8.315704
681,2022-11-13,21.95432,2.0,0.0,1.7563456,-1.7563456
681,2022-11-14,51.3335,2.0,0.0,4.10668,-4.10668
681,2022-11-15,77.2093,2.0,0.0,6.176744,-6.176744
681,2022-11-16,66.10390000000001,2.0,0.6594,5.288312000000001,-4.6289120000000015
681,2022-11-17,68.48058,3.0,0.0,5.4784464,-5.4784464
681,2022-11-18,16.937089999999998,3.0,0.329,1.3549672,-1.0259672
681,2022-11-19,63.906535999999996,5.0,0.0,5.112522879999999,-5.112522879999999
681,2022-11-20,2.22556,1.0,0.0,0.17804480000000003,-0.17804480000000003
681,2022-11-21,75.5293,2.0,0.0,6.042344000000001,-6.042344000000001
681,2022-11-22,68.58618,3.0,0.0,5.4868944,-5.4868944
681,2022-11-23,63.75542,5.0,2.3611,5.100433600000001,-2.7393336000000006
681,2022-11-25,31.609586,2.0,0.0,2.52876688,-2.52876688
681,2022-11-26,79.688578,4.0,1.2628,6.375086240000001,-5.112286240000001
681,2022-11-27,79.68599999999999,3.0,0.1645,6.374879999999999,-6.210379999999999
681,2022-11-28,4.41627,2.0,0.0,0.3533016,-0.3533016
681,2022-11-29,9.32901,2.0,0.0,0.7463208,-0.7463208
681,2022-11-30,66.16579999999999,2.0,0.0,5.293264,-5.293264
681,2022-12-01,68.61042,3.0,0.0,5.4888336,-5.4888336
681,2022-12-02,70.466314,5.0,0.1645,5.63730512,-5.472805119999999
681,2022-12-03,34.814564000000004,4.0,0.4935,2.7851651200000003,-2.29166512
681,2022-12-04,53.2178,2.0,0.0,4.257423999999999,-4.257423999999999
681,2022-12-05,76.25376,3.0,1.96,6.1003008,-4.1403008
681,2022-12-06,65.69925,3.0,0.7686,5.255940000000001,-4.4873400000000006
681,2022-12-07,34.48329,2.0,0.0,2.7586632,-2.7586632
681,2022-12-08,32.0955,1.0,0.0,2.5676400000000004,-2.5676400000000004
681,2022-12-09,61.593,2.0,0.0,4.927440000000001,-4.927440000000001
681,2022-12-10,61.62158,5.0,0.0,4.9297264,-4.9297264
681,2022-12-11,68.159929,7.0,0.0,5.452794320000001,-5.452794320000001
681,2022-12-12,70.2195,2.0,0.0,5.61756,-5.61756
681,2022-12-13,32.2008,1.0,0.0,2.576064,-2.576064
681,2022-12-14,66.10849999999999,2.0,0.0,5.288679999999999,-5.288679999999999
681,2022-12-15,36.548359999999995,3.0,0.6587,2.9238687999999997,-2.2651687999999996
681,2022-12-16,83.86651,3.0,3.1129,6.7093208,-3.5964208000000006
681,2022-12-17,0.0,0.0,2.2512,0.0,2.2512
681,2022-12-18,61.3302,3.0,0.0,4.906416,-4.906416
681,2022-12-19,68.6473,2.0,1.4273,5.491784,-4.064484
681,2022-12-20,32.4047,1.0,1.4819,2.592376,-1.1104759999999998
681,2022-12-21,34.96589,2.0,0.9331,2.7972712000000004,-1.8641712000000004
681,2022-12-22,142.37297999999998,4.0,5.1989,11.389838399999999,-6.1909383999999985
681,2022-12-23,2.90834,1.0,0.714,0.2326672,0.4813328
681,2022-12-24,30.4125,1.0,2.6733000000000002,2.4330000000000003,0.24029999999999996
681,2022-12-25,52.043,2.0,0.5488,4.16344,-3.6146399999999996
681,2022-12-27,18.051606,4.0,0.0,1.44412848,-1.44412848
681,2022-12-28,62.205799999999996,2.0,0.0,4.976464,-4.976464
681,2022-12-29,22.61434,3.0,0.0,1.8091472,-1.8091472
681,2022-12-30,30.608000999999998,3.0,1.7017,2.44864008,-0.7469400800000001
681,2022-12-31,105.34757,5.0,2.3058,8.427805600000001,-6.122005600000001
681,2023-01-01,2.77627,1.0,0.0,0.22210159999999998,-0.22210159999999998
681,2023-01-02,41.36753,3.0,0.0,3.3094024,-3.3094024
681,2023-01-03,67.58174,4.0,2.4703,5.4065392,-2.9362392
681,2023-01-04,32.2845,1.0,1.4826,2.58276,-1.10016
681,2023-01-05,66.15010000000001,2.0,1.9761,5.292008000000001,-3.315908000000001
681,2023-01-06,31.9743,1.0,1.9761,2.557944,-0.581844
681,2023-01-07,36.277770000000004,2.0,1.9215,2.9022216000000003,-0.9807216000000003
681,2023-01-09,37.48232,2.0,0.8239,2.9985856,-2.1746856
681,2023-01-11,32.0316,1.0,2.3611,2.562528,-0.20142799999999994
681,2023-01-12,66.35650000000001,2.0,0.0,5.308520000000001,-5.308520000000001
681,2023-01-13,73.85560000000001,3.0,5.5286,5.908448000000001,-0.37984800000000085
681,2023-01-14,75.30971,3.0,0.0,6.0247768,-6.0247768
681,2023-01-17,32.0704,1.0,0.0,2.565632,-2.565632
681,2023-01-18,32.0732,1.0,2.0867,2.565856,-0.47915600000000014
681,2023-01-19,32.0953,1.0,2.3604,2.5676240000000004,-0.20722400000000052
681,2023-01-20,32.142,1.0,2.0314,2.5713600000000003,-0.5399600000000002
681,2023-01-21,73.08631,3.0,1.1529,5.8469048,-4.6940048
681,2023-01-22,48.322289999999995,3.0,0.0,3.8657831999999996,-3.8657831999999996
681,2023-01-23,27.3924,1.0,2.9099000000000004,2.191392,0.7185080000000004
681,2023-01-24,32.2115,1.0,2.1959,2.5769200000000003,-0.38102000000000036
681,2023-01-25,32.1879,1.0,0.0,2.5750319999999998,-2.5750319999999998
681,2023-01-26,75.19973,3.0,1.96,6.015978400000001,-4.055978400000001
681,2023-01-27,34.02802,2.0,7.2142,2.7222416,4.4919584
681,2023-01-28,0.0,0.0,1.96,0.0,1.96
681,2023-01-29,17.7419,1.0,0.6587,1.4193520000000002,-0.7606520000000002
681,2023-01-30,32.0269,1.0,0.0,2.5621519999999998,-2.5621519999999998
681,2023-01-31,32.1046,1.0,0.0,2.568368,-2.568368
681,2023-02-01,31.9526,1.0,0.0,2.5562080000000003,-2.5562080000000003
681,2023-02-02,75.41810000000001,2.0,2.3611,6.033448000000001,-3.672348000000001
681,2023-02-03,59.933099999999996,2.0,0.0,4.794648,-4.794648
681,2023-02-04,4.25864,1.0,2.6901,0.34069119999999997,2.3494088
681,2023-02-05,0.0,0.0,0.6587,0.0,0.6587
681,2023-02-06,32.238,1.0,2.7286,2.57904,0.14956000000000014
681,2023-02-07,32.0939,1.0,2.4157,2.567512,-0.15181199999999961
681,2023-02-08,31.9087,1.0,1.5379,2.552696,-1.014796
681,2023-02-09,32.1607,1.0,0.0,2.572856,-2.572856
681,2023-02-10,82.09832,5.0,2.0860000000000003,6.5678656,-4.4818656
681,2023-02-11,68.17845,3.0,2.6355,5.454276,-2.818776
681,2023-02-13,62.5651,2.0,5.5671,5.0052080000000005,0.5618919999999994
681,2023-02-14,39.19495,2.0,1.0437,3.135596,-2.091896
681,2023-02-15,31.9706,1.0,0.0,2.557648,-2.557648
681,2023-02-16,32.3674,1.0,4.612299999999999,2.589392,2.0229079999999993
681,2023-02-17,48.324290000000005,3.0,0.6041,3.8659432000000007,-3.261843200000001
681,2023-02-18,29.4991,1.0,3.843,2.359928,1.483072
681,2023-02-19,79.03188,7.0,2.8,6.3225504,-3.5225504
681,2023-02-20,32.054,1.0,2.8931,2.5643200000000004,0.32877999999999963
681,2023-02-21,66.0632,2.0,5.2703,5.285056,-0.014756000000000213
681,2023-02-22,52.8299,2.0,3.1675,4.226392000000001,-1.0588920000000006
681,2023-02-24,52.85053,3.0,2.8,4.2280424,-1.4280423999999998
681,2023-02-25,5.61028,1.0,0.9331,0.44882240000000007,0.4842776
681,2023-02-26,85.77811,4.0,1.96,6.8622488,-4.9022488
681,2023-02-27,32.2333,1.0,6.2258,2.578664,3.6471359999999997
681,2023-02-28,44.0461,2.0,3.5140000000000002,3.5236880000000004,-0.009688000000000141
681,2023-03-01,32.1787,1.0,1.96,2.574296,-0.614296
681,2023-03-02,25.61213,3.0,3.843,2.0489704,1.7940296
681,2023-03-03,38.465999999999994,2.0,5.9514,3.0772799999999996,2.87412
681,2023-03-04,0.739189,1.0,1.3174,0.05913512,1.2582648799999998
681,2023-03-05,18.6994,1.0,1.6471,1.4959520000000002,0.15114799999999984
681,2023-03-06,26.69105,3.0,1.7017,2.135284,-0.43358399999999997
681,2023-03-07,29.5489,1.0,3.7331000000000003,2.363912,1.3691880000000003
681,2023-03-08,32.0065,1.0,0.9331,2.5605200000000004,-1.6274200000000003
681,2023-03-09,37.775439999999996,2.0,2.8931,3.0220352,-0.12893519999999992
681,2023-03-10,38.539339999999996,2.0,1.96,3.0831471999999995,-1.1231471999999996
681,2023-03-11,0.0,0.0,1.96,0.0,1.96
681,2023-03-12,1.55998,1.0,3.0583,0.12479839999999999,2.9335016
681,2023-03-13,66.08807,3.0,1.2082,5.2870456,-4.0788456
681,2023-03-14,85.0053,4.0,2.4156999999999997,6.8004240000000005,-4.384724
681,2023-03-15,32.1362,1.0,0.0,2.5708960000000003,-2.5708960000000003
681,2023-03-16,4.9046199999999995,2.0,0.0,0.3923696,-0.3923696
681,2023-03-17,0.0,0.0,4.3365,0.0,4.3365
681,2023-03-18,0.0,0.0,1.0437,0.0,1.0437
681,2023-03-19,0.0,0.0,0.8232,0.0,0.8232
681,2023-03-20,31.8198,1.0,7.417199999999999,2.5455840000000003,4.8716159999999995
681,2023-03-22,32.1917,1.0,0.0,2.5753359999999996,-2.5753359999999996
681,2023-03-23,34.46519,2.0,0.0,2.7572152,-2.7572152
681,2023-03-25,36.4642,1.0,2.1406,2.9171359999999997,-0.7765359999999997
681,2023-03-26,41.93378,3.0,2.4703,3.3547024,-0.8844023999999999
681,2023-03-27,32.185,1.0,4.4303,2.5748,1.8554999999999997
681,2023-03-28,40.507608,4.0,4.0453,3.24060864,0.8046913600000001
681,2023-03-29,38.3684,2.0,2.6355,3.069472,-0.43397200000000025
681,2023-03-30,32.1256,1.0,3.0198,2.570048,0.44975200000000015
681,2023-03-31,5.131838,5.0,1.4273,0.41054704000000003,1.01675296
681,2023-04-01,3.103,1.0,4.886699999999999,0.24824000000000002,4.638459999999999
681,2023-04-02,63.97606,4.0,0.0,5.1180848,-5.1180848
681,2023-04-03,3.72877,1.0,0.0,0.2983016,-0.2983016
681,2023-04-04,10.7734,1.0,1.0976,0.8618720000000001,0.23572799999999983
681,2023-04-05,34.47778,2.0,1.96,2.7582224,-0.7982224000000002
681,2023-04-06,66.1876,2.0,5.0504999999999995,5.295008,-0.2445080000000006
681,2023-04-07,111.3245,2.0,0.9877,8.90596,-7.91826
681,2023-04-08,37.488,2.0,2.8931,2.99904,-0.10593999999999992
681,2023-04-10,32.1405,1.0,1.9215,2.5712400000000004,-0.6497400000000004
681,2023-04-11,56.81582,4.0,1.372,4.5452656000000005,-3.1732656000000006
681,2023-04-12,52.7596,2.0,0.9331,4.220768,-3.2876679999999996
681,2023-04-13,41.28987,3.0,1.0976,3.3031896,-2.2055896
681,2023-04-14,44.84116,2.0,4.3210999999999995,3.5872928,0.7338071999999993
681,2023-04-15,0.4844,1.0,1.9768,0.038752,1.938048
681,2023-04-17,65.52318,3.0,2.9099,5.2418544,-2.3319544000000003
681,2023-04-18,53.259299999999996,2.0,1.9768000000000001,4.260744,-2.283944
681,2023-04-19,50.721709999999995,4.0,2.0867,4.0577368,-1.9710367999999998
681,2023-04-20,32.1617,1.0,2.3064999999999998,2.5729360000000003,-0.26643600000000056
681,2023-04-21,0.0,0.0,3.6239,0.0,3.6239
681,2023-04-23,0.0,0.0,0.7686,0.0,0.7686
681,2023-04-24,32.2843,1.0,1.9215,2.5827440000000004,-0.6612440000000004
681,2023-04-25,32.1388,1.0,2.1966,2.5711040000000005,-0.3745040000000004
681,2023-04-26,37.94713,4.0,3.003,3.0357704,-0.03277039999999998
681,2023-04-27,31.0808,1.0,2.3611,2.4864640000000002,-0.12536400000000025
681,2023-04-28,34.516749000000004,3.0,0.0,2.7613399200000006,-2.7613399200000006
681,2023-04-29,34.6516,3.0,3.2942,2.7721280000000004,0.5220719999999996
681,2023-04-30,22.49936,4.0,0.0,1.7999488,-1.7999488
681,2023-05-02,32.1671,1.0,0.0,2.573368,-2.573368
681,2023-05-03,34.22663,2.0,2.2505,2.7381304,-0.4876304
681,2023-05-04,34.59377,2.0,2.8378,2.7675016,0.07029839999999998
681,2023-05-05,37.021344,3.0,1.3727,2.96170752,-1.58900752
681,2023-05-06,0.0,0.0,2.8552999999999997,0.0,2.8552999999999997
681,2023-05-08,64.1019,2.0,0.8785,5.128152,-4.249652
681,2023-05-09,31.9792,1.0,6.8453,2.558336,4.286963999999999
681,2023-05-10,32.0608,1.0,4.7047,2.564864,2.139836
681,2023-05-11,34.639050000000005,2.0,2.9484,2.7711240000000004,0.17727599999999955
681,2023-05-12,39.457538,3.0,4.6501,3.1566030400000002,1.4934969599999999
681,2023-05-13,59.8649,2.0,5.418,4.789192,0.6288080000000003
681,2023-05-14,63.3078,4.0,0.0,5.064624,-5.064624
681,2023-05-15,32.1051,1.0,1.0976,2.5684080000000002,-1.4708080000000003
681,2023-05-16,31.8467,1.0,4.6116,2.547736,2.063864
681,2023-05-17,32.1233,1.0,4.9252,2.569864,2.3553360000000003
681,2023-05-18,32.0876,1.0,4.9245,2.5670080000000004,2.3574919999999997
681,2023-05-19,85.08215,5.0,3.7716,6.806572,-3.0349720000000002
681,2023-05-20,62.297,3.0,2.5095,4.98376,-2.47426
681,2023-05-22,32.0993,1.0,1.1529,2.5679440000000002,-1.4150440000000002
681,2023-05-23,32.2973,1.0,0.0,2.583784,-2.583784
681,2023-05-24,32.147,1.0,4.4303,2.57176,1.85854
681,2023-05-25,32.1075,1.0,4.3210999999999995,2.5686,1.7524999999999995
681,2023-05-26,6.200718999999999,2.0,4.6662,0.49605752,4.17014248
681,2023-05-27,31.2672,1.0,2.9099,2.501376,0.4085239999999999
681,2023-05-29,59.49063,4.0,2.5634,4.7592504,-2.1958504
681,2023-05-30,37.0753,3.0,0.0,2.966024,-2.966024
681,2023-05-31,77.3305,2.0,4.6116,6.18644,-1.57484
681,2023-06-01,10.02025,4.0,0.0,0.8016200000000001,-0.8016200000000001
681,2023-06-02,40.56285,4.0,0.0,3.245028,-3.245028
681,2023-06-03,32.129400000000004,2.0,4.886699999999999,2.570352,2.316347999999999
681,2023-06-04,16.8465,3.0,0.9331,1.34772,-0.41462
681,2023-06-05,31.8881,1.0,3.3872999999999998,2.551048,0.8362519999999996
681,2023-06-06,32.0127,1.0,3.4587,2.5610160000000004,0.8976839999999995
681,2023-06-07,66.3534,2.0,7.9282,5.308272,2.6199280000000007
681,2023-06-08,35.95016,2.0,0.9338,2.8760128,-1.9422127999999999
681,2023-06-09,37.798719999999996,3.0,4.6501,3.0238975999999997,1.6262024000000004
681,2023-06-10,59.587999999999994,2.0,1.96,4.76704,-2.8070399999999998
681,2023-06-11,64.2828,5.0,0.0,5.142624,-5.142624
681,2023-06-12,75.77590000000001,3.0,6.8292,6.062072000000001,0.7671279999999996
681,2023-06-13,74.49483000000001,4.0,0.0,5.959586400000001,-5.959586400000001
681,2023-06-15,32.2742,1.0,5.4733,2.5819360000000002,2.891364
681,2023-06-16,19.8269,1.0,7.7084,1.586152,6.122248
681,2023-06-17,0.0,0.0,2.1412999999999998,0.0,2.1412999999999998
681,2023-06-18,0.0,0.0,1.96,0.0,1.96
681,2023-06-19,0.0,0.0,2.1959,0.0,2.1959
681,2023-06-20,27.52164,2.0,8.092,2.2017312,5.8902688
681,2023-06-21,63.790616,4.0,0.0,5.10324928,-5.10324928
681,2023-06-22,74.35455,5.0,0.0,5.948364000000001,-5.948364000000001
681,2023-06-23,76.93043999999999,8.0,0.0,6.154435199999999,-6.154435199999999
681,2023-06-24,79.21504999999999,4.0,0.0,6.337204,-6.337204
681,2023-06-25,3.8857,1.0,0.0,0.310856,-0.310856
681,2023-06-26,73.929421,6.0,0.6041,5.9143536800000005,-5.310253680000001
681,2023-06-27,2.980547,2.0,0.0,0.23844376,-0.23844376
681,2023-06-29,5.04208,2.0,0.0,0.4033664,-0.4033664
681,2023-06-30,73.9502,2.0,0.0,5.916016,-5.916016
681,2023-07-02,0.0,0.0,1.757,0.0,1.757
681,2023-07-07,0.0,0.0,0.6041,0.0,0.6041
681,2023-07-18,0.0,0.0,0.6587,0.0,0.6587
681,2023-07-19,36.502089999999995,2.0,0.0,2.9201672,-2.9201672
681,2023-07-20,68.60104,3.0,0.0,5.4880832,-5.4880832
681,2023-07-21,79.530042,6.0,0.0,6.36240336,-6.36240336
681,2023-07-22,131.428246,6.0,0.0,10.51425968,-10.51425968
681,2023-07-23,37.731,2.0,0.0,3.0184800000000003,-3.0184800000000003
681,2023-07-24,67.08208,3.0,1.96,5.366566400000001,-3.406566400000001
681,2023-07-25,87.15904,3.0,0.0,6.972723200000001,-6.972723200000001
681,2023-07-26,0.0,0.0,4.3925,0.0,4.3925
681,2023-07-27,68.72689,4.0,1.9215,5.4981512,-3.5766511999999997
681,2023-07-28,31.9531,1.0,3.4425999999999997,2.556248,0.8863519999999996
681,2023-07-29,30.507418,3.0,0.0,2.4405934400000002,-2.4405934400000002
681,2023-07-31,52.28787,4.0,0.0,4.1830296,-4.1830296
681,2023-08-01,36.58157,3.0,3.4419,2.9265256,0.5153743999999998
681,2023-08-02,68.47838,3.0,0.0,5.4782704,-5.4782704
681,2023-08-03,64.17689999999999,2.0,0.0,5.134151999999999,-5.134151999999999
681,2023-08-04,68.41952,3.0,4.8145999999999995,5.473561600000001,-0.6589616000000014
681,2023-08-05,57.06275,3.0,0.0,4.5650200000000005,-4.5650200000000005
681,2023-08-06,7.8743099999999995,3.0,0.0,0.6299448,-0.6299448
681,2023-08-07,75.20873,4.0,0.0,6.0166984,-6.0166984
681,2023-08-08,69.29442,3.0,6.9391,5.5435536,1.3955463999999997
681,2023-08-09,87.15814,3.0,0.0,6.9726512000000005,-6.9726512000000005
681,2023-08-10,71.70235,3.0,0.0,5.736187999999999,-5.736187999999999
681,2023-08-11,73.88063,5.0,0.0,5.9104504,-5.9104504
681,2023-08-12,29.704369,2.0,0.0,2.37634952,-2.37634952
681,2023-08-14,69.43805,3.0,0.0,5.5550440000000005,-5.5550440000000005
681,2023-08-15,52.306889999999996,3.0,0.0,4.1845512,-4.1845512
681,2023-08-16,68.48581,3.0,0.0,5.4788648,-5.4788648
681,2023-08-17,68.75214,3.0,0.0,5.5001712,-5.5001712
681,2023-08-18,68.42312,3.0,0.0,5.4738496,-5.4738496
681,2023-08-19,32.1576,2.0,0.9331,2.5726080000000002,-1.6395080000000002
681,2023-08-20,1.89071,1.0,0.9338,0.1512568,0.7825432
681,2023-08-21,73.63405,5.0,0.0,5.8907240000000005,-5.8907240000000005
681,2023-08-22,36.209736,4.0,0.0,2.89677888,-2.89677888
681,2023-08-23,41.733670000000004,4.0,2.5088,3.3386936000000005,-0.8298936000000006
681,2023-08-24,66.1821,2.0,5.2542,5.294568000000001,-0.04036800000000085
681,2023-08-25,39.44146,4.0,0.0,3.1553168,-3.1553168
681,2023-08-26,32.4068,1.0,0.0,2.5925439999999997,-2.5925439999999997
681,2023-08-27,52.96138,4.0,0.0,4.2369104,-4.2369104
681,2023-08-28,69.16514,4.0,0.0,5.533211199999999,-5.533211199999999
681,2023-08-29,36.358799999999995,3.0,0.0,2.9087039999999997,-2.9087039999999997
681,2023-08-30,75.15265000000001,4.0,0.0,6.012212000000001,-6.012212000000001
681,2023-08-31,72.62249,5.0,0.0,5.8097992,-5.8097992
681,2023-09-01,33.64,1.0,0.6034,2.6912000000000003,-2.0878
681,2023-09-02,44.320074,6.0,2.4703,3.54560592,-1.07530592
681,2023-09-05,6.2225,3.0,3.92,0.4978,3.4222
681,2023-09-06,34.97141,2.0,6.314,2.7977127999999998,3.5162872000000003
681,2023-09-07,71.22108,5.0,0.0,5.6976864,-5.6976864
681,2023-09-08,82.70295,7.0,1.9215,6.616236000000001,-4.694736000000001
681,2023-09-09,69.468296,4.0,0.0,5.55746368,-5.55746368
681,2023-09-10,5.12008,2.0,0.0,0.4096064,-0.4096064
681,2023-09-11,58.65168,5.0,0.0,4.6921344,-4.6921344
681,2023-09-12,40.69551,5.0,0.0,3.2556408,-3.2556408
681,2023-09-13,70.09031999999999,4.0,0.0,5.6072256,-5.6072256
681,2023-09-14,69.72927999999999,4.0,0.0,5.5783423999999995,-5.5783423999999995
681,2023-09-15,0.0,0.0,0.714,0.0,0.714
681,2023-09-16,60.050399999999996,2.0,0.0,4.804031999999999,-4.804031999999999
681,2023-09-17,60.2147,2.0,0.0,4.817176,-4.817176
681,2023-09-18,36.771285,4.0,0.6587,2.9417028,-2.2830027999999998
681,2023-09-19,71.18445,5.0,0.0,5.694756,-5.694756
681,2023-09-20,35.192530000000005,2.0,1.5918,2.8154024000000004,-1.2236024000000003
681,2023-09-21,40.366769999999995,4.0,1.3174,3.2293415999999997,-1.9119415999999998
681,2023-09-22,8.12292,3.0,3.6225,0.6498336,2.9726664
681,2023-09-23,66.020895,4.0,0.0,5.2816716,-5.2816716
681,2023-09-24,2.21427,1.0,0.0,0.1771416,-0.1771416
681,2023-09-25,39.61852,3.0,4.9791,3.1694815999999997,1.8096184000000002
681,2023-09-26,70.07390000000001,4.0,1.96,5.605912000000001,-3.645912000000001
681,2023-09-27,69.02132,4.0,0.0,5.521705600000001,-5.521705600000001
681,2023-09-28,41.593439999999994,4.0,0.0,3.3274751999999994,-3.3274751999999994
681,2023-09-29,62.5951,2.0,0.0,5.007608,-5.007608
681,2023-09-30,34.044070000000005,2.0,0.0,2.7235256000000003,-2.7235256000000003
681,2023-10-01,29.7205,1.0,0.0,2.37764,-2.37764
681,2023-10-02,41.48683,5.0,0.0,3.3189463999999997,-3.3189463999999997
681,2023-10-03,39.805260000000004,3.0,0.0,3.1844208000000003,-3.1844208000000003
681,2023-10-04,75.18119999999999,5.0,0.0,6.014495999999999,-6.014495999999999
681,2023-10-05,30.3802,1.0,0.0,2.430416,-2.430416
681,2023-10-06,75.0253,2.0,1.9768,6.0020240000000005,-4.025224000000001
681,2023-10-07,59.7775,2.0,0.0,4.7822000000000005,-4.7822000000000005
681,2023-10-08,90.13015,4.0,0.0,7.210412,-7.210412
681,2023-10-09,49.196626,6.0,0.0,3.9357300800000004,-3.9357300800000004
681,2023-10-10,36.54023,3.0,0.0,2.9232184,-2.9232184
681,2023-10-11,37.527292,5.0,1.7024,3.00218336,-1.2997833600000002
681,2023-10-12,37.245760000000004,3.0,0.0,2.9796608000000004,-2.9796608000000004
681,2023-10-13,13.3345,4.0,2.6348000000000003,1.0667600000000002,1.56804
681,2023-10-14,60.2153,2.0,0.9877,4.817224,-3.829524
681,2023-10-15,23.8882,2.0,0.0,1.911056,-1.911056
681,2023-10-16,69.02987,4.0,0.0,5.5223896,-5.5223896
681,2023-10-17,38.40326,3.0,0.0,3.0722608000000005,-3.0722608000000005
681,2023-10-18,36.5925,3.0,0.0,2.9274,-2.9274
681,2023-10-19,71.58301,5.0,0.0,5.7266408,-5.7266408
681,2023-10-20,73.684177,6.0,0.5488,5.8947341600000005,-5.3459341600000005
681,2023-10-21,30.402245,2.0,0.0,2.4321796,-2.4321796
681,2023-10-23,79.7405,5.0,0.0,6.37924,-6.37924
681,2023-10-24,39.59351,4.0,0.0,3.1674808000000003,-3.1674808000000003
681,2023-10-25,73.62241,5.0,0.0,5.8897928,-5.8897928
681,2023-10-26,108.37008,6.0,1.0983,8.669606400000001,-7.571306400000001
681,2023-10-27,0.814775,1.0,2.5802,0.065182,2.515018
681,2023-10-28,66.373023,4.0,0.0,5.309841840000001,-5.309841840000001
681,2023-10-29,45.73213,3.0,0.0,3.6585704,-3.6585704
681,2023-10-31,59.57151,4.0,3.6624,4.7657208,-1.1033208000000005
681,2023-11-01,1.6816,1.0,0.0,0.134528,-0.134528
681,2023-11-02,37.53134,3.0,0.0,3.0025072,-3.0025072
681,2023-11-03,17.4179,2.0,5.8191,1.393432,4.425668
681,2023-11-04,40.362410000000004,3.0,0.0,3.2289928000000003,-3.2289928000000003
681,2023-11-05,37.57029,3.0,1.96,3.0056232,-1.0456232
681,2023-11-06,37.01228,3.0,0.0,2.9609824,-2.9609824
681,2023-11-07,2.3328,1.0,0.9331,0.186624,0.746476
681,2023-11-08,7.5120000000000005,3.0,0.0,0.60096,-0.60096
681,2023-11-09,2.30923,1.0,1.96,0.1847384,1.7752615999999999
681,2023-11-10,34.42495,2.0,0.0,2.7539960000000003,-2.7539960000000003
681,2023-11-11,62.33591,3.0,2.4157,4.9868727999999996,-2.5711727999999994
681,2023-11-12,34.6327,1.0,0.0,2.770616,-2.770616
681,2023-11-13,2.46373,1.0,1.043,0.1970984,0.8459015999999999
681,2023-11-14,3.3761,1.0,0.0,0.270088,-0.270088
681,2023-11-15,34.53532,2.0,0.6587,2.7628255999999998,-2.1041255999999997
681,2023-11-17,7.32587,2.0,4.5962,0.5860696,4.0101303999999995
681,2023-11-18,36.6774,2.0,3.5518,2.934192,0.6176080000000002
681,2023-11-19,5.41779,2.0,0.0,0.4334232,-0.4334232
681,2023-11-20,2.25251,1.0,1.2628,0.1802008,1.0825992
681,2023-11-21,17.7344,1.0,1.3174,1.418752,-0.10135200000000011
681,2023-11-22,34.30573,2.0,1.2628,2.7444583999999996,-1.4816583999999997
681,2023-11-24,59.989900000000006,2.0,3.1296999999999997,4.799192000000001,-1.6694920000000009
681,2023-11-25,45.456415,2.0,2.1959,3.6365132,-1.4406132
681,2023-11-26,15.71,1.0,0.0,1.2568000000000001,-1.2568000000000001
681,2023-11-27,64.8669,2.0,0.0,5.189352,-5.189352
681,2023-11-28,2.8995699999999998,2.0,5.0897,0.2319656,4.8577344
681,2023-11-29,32.835441,2.0,5.9681999999999995,2.6268352800000003,3.341364719999999
681,2023-11-30,0.0,0.0,1.428,0.0,1.428
681,2023-12-01,18.9359,1.0,0.8785,1.514872,-0.636372
681,2023-12-02,59.7819,2.0,4.557,4.782552,-0.22555199999999953
681,2023-12-03,22.3169,1.0,0.0,1.785352,-1.785352
681,2023-12-04,35.29088,2.0,0.8785,2.8232704,-1.9447704000000003
681,2023-12-05,45.6319,2.0,3.3495,3.6505520000000002,-0.3010520000000003
681,2023-12-06,18.84612,2.0,0.0,1.5076896,-1.5076896
681,2023-12-07,52.779942999999996,4.0,0.0,4.22239544,-4.22239544
681,2023-12-08,63.472899999999996,2.0,0.0,5.077832,-5.077832
681,2023-12-09,29.4483,1.0,0.8239,2.355864,-1.5319639999999999
681,2023-12-10,16.97268,2.0,0.0,1.3578144,-1.3578144
681,2023-12-11,0.0,0.0,2.4157,0.0,2.4157
681,2023-12-12,2.72917,1.0,2.3611,0.2183336,2.1427664
681,2023-12-13,5.83583,1.0,0.9884,0.46686639999999996,0.5215335999999999
681,2023-12-14,18.56066,3.0,0.9331,1.4848527999999999,-0.5517527999999998
681,2023-12-29,5.44896,1.0,0.0,0.4359168,-0.4359168
681,2023-12-30,44.4854,1.0,0.0,3.5588319999999998,-3.5588319999999998
681,2023-12-31,23.012089999999997,4.0,0.0,1.8409671999999997,-1.8409671999999997
702,2020-10-01,172.6239999999961,1.0,0.0,116.89879313926355,-116.89879313926355
702,2020-10-02,223.5,1.0,0.0,151.35137794643845,-151.35137794643845
702,2020-10-03,51.37599999999657,1.0,0.0,34.79117849385102,-34.79117849385102
702,2020-10-04,2.127999999996973,1.0,0.0,1.4410547305125858,-1.4410547305125858
702,2020-10-08,185.12799999999697,1.0,0.0,125.36634405578434,-125.36634405578434
702,2020-10-09,183.0,1.0,0.0,123.92528932527176,-123.92528932527176
702,2020-10-10,141.37599999999657,1.0,0.0,95.73804209644368,-95.73804209644368
702,2020-10-12,183.49999999999997,1.0,0.0,124.26388301195281,-124.26388301195281
702,2020-10-13,183.37200000000303,1.0,0.0,124.17720302816453,-124.17720302816453
702,2020-10-14,182.87599999999657,1.0,0.0,123.84131809097252,-123.84131809097252
702,2020-10-15,223.5,1.0,0.0,151.35137794643845,-151.35137794643845
702,2020-10-17,97.5,1.0,0.0,66.02576890280872,-66.02576890280872
702,2020-10-18,230.24800000000687,1.0,0.0,155.92103834189083,-155.92103834189083
702,2020-10-19,183.12399999999613,1.0,0.0,124.00926055956604,-124.00926055956604
702,2020-10-20,191.00000000000003,1.0,0.0,129.3427883121689,-129.3427883121689
702,2020-10-22,254.37200000000303,1.0,0.0,172.25750653687652,-172.25750653687652
702,2020-10-23,181.5,1.0,0.0,122.90950826522854,-122.90950826522854
702,2020-10-25,237.75200000000044,1.0,0.0,161.00265239159597,-161.00265239159597
702,2020-11-01,0.0,0.0,2.3018604170000003,0.0,2.3018604170000003
702,2020-11-02,279.872000000003,1.0,0.0,189.5257845576111,-189.5257845576111
702,2020-11-04,0.0,0.0,187.87470165,0.0,187.87470165
702,2020-11-05,151.87600000000387,1.0,89.26701079499999,102.84850951675111,-13.581498721751117
702,2020-11-06,150.5,1.0,65.57158026900001,101.91669969100218,-36.34511942200217
702,2020-11-07,0.0,0.0,36.276389641,0.0,36.276389641
702,2020-11-09,0.0,0.0,21.212965704,0.0,21.212965704
702,2020-11-19,130.37600000000384,1.0,111.086235867,88.28898098946506,22.79725487753494
702,2020-11-20,221.0,1.0,11.74710075,149.6584095130331,-137.9113087630331
702,2020-11-21,0.0,0.0,248.030440992,0.0,248.030440992
702,2020-11-22,153.4959999999992,1.0,80.25118236,103.94555306159462,-23.69437070159462
702,2020-11-23,0.0,0.0,116.114718395,0.0,116.114718395
702,2020-11-24,183.7520000000004,1.0,127.39257007199998,124.43453423004036,2.958035841959628
702,2020-11-25,183.49999999999997,1.0,108.830779624,124.26388301195281,-15.433103387952812
702,2020-11-26,0.0,0.0,308.431499768,0.0,308.431499768
702,2020-11-27,225.3760000000038,1.0,122.193523149,152.6217814588684,-30.42825830986841
702,2020-11-28,0.0,0.0,289.88233065000003,0.0,289.88233065000003
702,2020-11-29,149.74800000000687,1.0,133.254317271,101.4074547862385,31.846862484761488
702,2020-11-30,183.62799999999697,1.0,122.308539015,124.35056299574113,-2.042023980741135
702,2020-12-01,222.24800000000687,1.0,79.47554134699999,150.5035393549937,-71.02799800799372
702,2020-12-02,183.7479999999996,1.0,201.820559107,124.43182548054637,77.38873362645364
702,2020-12-03,241.75199999999307,1.0,95.028332558,163.71140188503955,-68.68306932703955
702,2020-12-04,181.62400000000343,1.0,263.01647262,122.99347949952778,140.02299312047222
702,2020-12-05,226.7480000000069,1.0,116.642792397,153.55088253512335,-36.908090138123356
702,2020-12-06,149.87599999999657,1.0,202.457412586,101.49413477002189,100.96327781597812
702,2020-12-07,183.49999999999997,1.0,115.511110837,124.26388301195281,-8.75277217495281
702,2020-12-08,222.00000000000003,1.0,2.014841589,150.33559688639525,-148.32075529739524
702,2020-12-09,250.12799999999697,2.0,148.60057516499998,169.38352332432348,-20.782948159323496
702,2020-12-10,222.50000000000003,1.0,235.543318474,150.67419057307634,84.86912790092364
702,2020-12-11,156.4959999999992,1.0,89.58530159099999,105.97711518168104,-16.391813590681053
702,2020-12-12,0.0,0.0,185.479389827,0.0,185.479389827
702,2020-12-13,224.2519999999932,1.0,18.327822194,151.86062285120218,-133.5328006572022
702,2020-12-14,0.0,0.0,235.509754095,0.0,235.509754095
702,2020-12-15,183.7520000000004,1.0,140.74208219300002,124.43453423004036,16.30754796295966
702,2020-12-16,222.12799999999692,1.0,125.451979851,150.4222768701835,-24.970297019183505
702,2020-12-17,130.12399999999616,1.0,229.252253638,88.1183297713726,141.1339238666274
702,2020-12-18,222.37200000000308,1.0,76.603111634,150.58751058928806,-73.98439895528806
702,2020-12-19,229.5,1.0,114.536654419,155.4145021866113,-40.877847767611286
702,2020-12-20,150.0,1.0,70.238575099,101.57810600432111,-31.339530905321112
702,2020-12-21,90.12400000000343,1.0,114.225378457,61.0308348368919,53.19454362010811
702,2020-12-22,283.87599999999657,1.0,114.377356179,192.23724280054873,-77.85988662154872
702,2020-12-23,185.62400000000343,1.0,118.688234103,125.70222899297634,-7.013994889976345
702,2020-12-24,186.37600000000387,1.0,3.853931406,126.21147389774497,-122.35754249174497
702,2020-12-25,0.0,0.0,41.092652609,0.0,41.092652609
702,2020-12-26,281.4959999999992,1.0,0.0,190.62553685194862,-190.62553685194862
702,2020-12-27,0.0,0.0,449.285599536,0.0,449.285599536
702,2020-12-28,184.12399999999613,1.0,116.252420417,124.68644793292817,-8.434027515928179
702,2020-12-29,3.3760000000038426,1.0,199.280512942,2.2861845724731893,196.9943283695268
702,2020-12-30,167.12400000000343,1.0,82.488499611,113.17426258577673,-30.685762974776736
702,2020-12-31,111.37599999999658,3.0,123.789871686,75.42242089557948,48.36745079042052
702,2021-01-01,0.0,0.0,142.144091883,0.0,142.144091883
702,2021-01-02,152.37599999999657,1.0,132.731905819,103.18710320342723,29.544802615572763
702,2021-01-03,229.2479999999996,1.0,88.054128555,155.24385096852376,-67.18972241352375
702,2021-01-04,0.0,0.0,220.880237331,0.0,220.880237331
702,2021-01-05,222.4959999999992,1.0,135.01707839399998,150.67148182358233,-15.654403429582345
702,2021-01-06,181.12400000000343,1.0,141.200690122,122.6548858128467,18.545804309153297
702,2021-01-07,167.12400000000343,1.0,122.878058368,113.17426258577673,9.703795782223267
702,2021-01-08,7.872000000003027,1.0,209.444480513,5.330819003108822,204.1136615098912
702,2021-01-09,200.62400000000343,1.0,0.0,135.86003959340846,-135.86003959340846
702,2021-01-10,0.0,0.0,259.11482275000003,0.0,259.11482275000003
702,2021-01-11,168.25200000000044,1.0,61.969452217,113.9381299429272,-51.96867772592721
702,2021-01-12,180.25199999999313,1.0,29.142114506,122.06437842326794,-92.92226391726794
702,2021-01-13,182.0,1.0,178.711704542,123.24810195190962,55.46360259009039
702,2021-01-14,222.12799999999692,1.0,87.656253322,150.4222768701835,-62.76602354818351
702,2021-01-15,184.0,1.0,114.068792226,124.6024766986339,-10.533684472633894
702,2021-01-16,152.37599999999657,1.0,123.573748223,103.18710320342723,20.386645019572768
702,2021-01-17,151.62400000000343,1.0,124.359291824,102.67785829866355,21.681433525336445
702,2021-01-18,167.12399999999613,1.0,30.590610677,113.17426258577179,-82.58365190877178
702,2021-01-19,222.7480000000069,1.0,144.687203171,150.8421330416748,-6.154929870674806
702,2021-01-20,222.12799999999692,1.0,231.450914208,150.4222768701835,81.02863733781649
702,2021-01-21,182.37599999999657,1.0,177.136372681,123.50272440429146,53.633648276708556
702,2021-01-22,222.50000000000003,1.0,125.637039627,150.67419057307634,-25.037150946076352
702,2021-01-23,167.37200000000303,1.0,19.836601328,113.34220505437027,-93.50560372637027
702,2021-01-24,0.0,0.0,43.591651688,0.0,43.591651688
702,2021-01-25,167.4959999999992,1.0,32.933348734,113.42617628866459,-80.49282755466459
702,2021-01-26,182.7479999999996,1.0,36.910942113,123.75463810718422,-86.84369599418423
702,2021-01-27,0.0,0.0,151.64197218799998,0.0,151.64197218799998
702,2021-01-28,220.74800000000684,1.0,121.853280611,149.48775829495048,-27.63447768395048
702,2021-01-29,0.0,0.0,19.854403763,0.0,19.854403763
702,2021-01-30,143.75199999999313,1.0,17.545905326000003,97.3470392955498,-79.8011339695498
702,2021-01-31,144.62400000000343,1.0,48.891125691,97.93754668512857,-49.04642099412857
702,2021-02-01,169.37600000000387,1.0,32.989212497000004,114.69928855058858,-81.71007605358858
702,2021-02-02,221.12400000000343,1.0,309.63154590100004,149.74238074733233,159.8891651536677
702,2021-02-03,167.75200000000038,1.0,163.10736150800005,113.5995362562461,49.50782525175396
702,2021-02-04,167.24800000000687,1.0,106.718838398,113.25823382007597,-6.53939542207597
702,2021-02-05,0.0,0.0,21.20349836,0.0,21.20349836
702,2021-02-06,145.627999999997,1.0,66.522098423,98.6174428079798,-32.095344384979796
702,2021-02-07,0.0,0.0,165.847131056,0.0,165.847131056
702,2021-02-08,90.37599999999657,1.0,0.0,61.20148605497451,-61.20148605497451
702,2021-02-09,0.0,0.0,148.36502443700002,0.0,148.36502443700002
702,2021-02-11,167.12399999999613,1.0,223.804525456,113.17426258577179,110.63026287022821
702,2021-02-12,167.62799999999697,1.0,23.972887123000003,113.51556502194688,-89.54267789894688
702,2021-02-13,0.0,0.0,256.004275081,0.0,256.004275081
702,2021-02-14,230.00000000000003,1.0,28.090065523,155.75309587329238,-127.66303035029239
702,2021-02-15,182.74800000000687,2.0,219.220821582,123.75463810718915,95.46618347481086
702,2021-02-16,182.2520000000004,1.0,206.506752513,123.41875316999715,83.08799934300286
702,2021-02-17,182.37599999999657,1.0,180.8722987,123.50272440429146,57.36957429570853
702,2021-02-18,184.50000000000003,1.0,258.754056219,124.94107038531499,133.81298583368502
702,2021-02-19,223.2520000000005,1.0,108.387846515,151.18343547784497,-42.79558896284496
702,2021-02-20,171.24799999999956,1.0,119.783156837,115.96698331351958,3.8161735234804297
702,2021-02-21,238.37599999999657,1.0,45.355105111,161.42521731257133,-116.07011220157133
702,2021-02-22,184.12399999999613,1.0,294.871765954,124.68644793292817,170.18531802107185
702,2021-02-23,167.49600000001374,1.0,128.100265241,113.42617628867443,14.674088952325562
702,2021-02-24,191.12399999999613,1.0,104.592122716,129.42675954646316,-24.834636830463154
702,2021-02-25,167.37600000000387,1.0,1.925052032,113.34491380386429,-111.41986177186429
702,2021-02-26,191.7519999999931,1.0,81.7776,129.85203321693254,-48.07443321693253
702,2021-02-27,167.24800000000687,1.0,12.121480580000002,113.25823382007597,-101.13675324007598
702,2021-02-28,153.8759999999893,1.0,127.443684308,104.20288426346552,23.24080004453448
702,2021-03-01,221.0,1.0,81.956750875,149.6584095130331,-67.7016586380331
702,2021-03-02,3.0,1.0,196.53038064,2.0315621200864222,194.49881851991358
702,2021-03-04,191.00000000000003,1.0,20.986852251,129.3427883121689,-108.35593606116889
702,2021-03-05,223.0,1.0,91.303466676,151.01278425975738,-59.70931758375738
702,2021-03-06,0.0,0.0,12.819916071000002,0.0,12.819916071000002
702,2021-03-07,0.0,0.0,46.138881153,0.0,46.138881153
702,2021-03-08,35.0,1.0,10.53032212,23.701558067674927,-13.171235947674928
702,2021-03-09,167.0,1.0,12.720231103,113.0902913514775,-100.3700602484775
702,2021-03-10,223.0,1.0,88.11208282000001,151.01278425975738,-62.90070143975737
702,2021-03-11,183.0,1.0,270.993578438,123.92528932527176,147.06828911272822
702,2021-03-12,192.0,1.0,242.825237615,130.01997568553102,112.80526192946897
702,2021-03-13,170.0,2.0,47.085550923,115.12185347156392,-68.03630254856392
702,2021-03-14,153.0,1.0,160.789793126,103.60966812440753,57.18012500159247
702,2021-03-15,182.0,1.0,107.449127169,123.24810195190962,-15.798974782909625
702,2021-03-16,191.00000000000003,1.0,294.912112831,129.3427883121689,165.5693245188311
702,2021-03-17,191.00000000000003,1.0,82.056830054,129.3427883121689,-47.28595825816889
702,2021-03-18,169.99999999999997,1.0,134.942093255,115.12185347156391,19.820239783436094
702,2021-03-19,168.0,1.0,114.912387391,113.76747872483965,1.1449086661603474
702,2021-03-20,168.0,1.0,198.3737819,113.76747872483965,84.60630317516036
702,2021-03-21,153.99999999999997,1.0,60.442683782,104.28685549776965,-43.84417171576965
702,2021-03-22,221.0,1.0,141.037755327,149.6584095130331,-8.620654186033079
702,2021-03-23,182.0,1.0,125.442863395,123.24810195190962,2.1947614430903855
702,2021-03-24,168.0,1.0,129.976984467,113.76747872483965,16.209505742160346
702,2021-03-25,223.0,1.0,143.820907831,151.01278425975738,-7.191876428757382
702,2021-03-26,184.0,1.0,289.054032993,124.6024766986339,164.45155629436613
702,2021-03-27,144.0,1.0,102.036278286,97.51498176414827,4.521296521851724
702,2021-03-28,156.0,1.0,112.724928413,105.64123024449395,7.0836981685060465
702,2021-03-29,167.0,1.0,0.7601229700000001,113.0902913514775,-112.3301683814775
702,2021-03-30,167.0,1.0,52.316446014,113.0902913514775,-60.7738453374775
702,2021-03-31,191.00000000000003,1.0,97.794762033,129.3427883121689,-31.548026279168894
702,2021-04-01,202.99999999999997,1.0,75.564261545,137.46903679251454,-61.90477524751455
702,2021-04-02,224.0,1.0,107.570488096,151.6899716331195,-44.11948353711951
702,2021-04-03,168.0,1.0,153.314968788,113.76747872483965,39.54749006316034
702,2021-04-04,0.0,0.0,335.32427359100006,0.0,335.32427359100006
702,2021-04-05,207.99999999999997,2.0,119.849287858,140.85497365932525,-21.005685801325257
702,2021-04-06,223.0,1.0,143.364067105,151.01278425975738,-7.648717154757378
702,2021-04-07,182.0,1.0,87.821736415,123.24810195190962,-35.426365536909614
702,2021-04-08,185.0,1.0,118.210819994,125.27966407199604,-7.068844077996033
702,2021-04-09,168.0,1.0,110.615428586,113.76747872483965,-3.1520501388396553
702,2021-04-10,200.99999999999997,1.0,89.002672807,136.11466204579028,-47.11198923879029
702,2021-04-11,230.00000000000003,1.0,107.416328232,155.75309587329238,-48.33676764129238
702,2021-04-12,221.0,1.0,158.33861307799998,149.6584095130331,8.680203564966888
702,2021-04-13,223.0,1.0,137.31601918599998,151.01278425975738,-13.696765073757405
702,2021-04-14,185.0,1.0,149.692113972,125.27966407199604,24.41244990000395
702,2021-04-15,169.0,1.0,69.089221458,114.44466609820178,-45.35544464020178
702,2021-04-16,169.0,1.0,0.0,114.44466609820178,-114.44466609820178
702,2021-04-17,176.0,1.0,133.600704568,119.18497771173676,14.415726856263234
702,2021-04-18,0.0,0.0,89.983583497,0.0,89.983583497
702,2021-04-19,168.0,1.0,200.287459758,113.76747872483965,86.51998103316036
702,2021-04-20,184.0,1.0,118.75970479,124.6024766986339,-5.8427719086338925
702,2021-04-21,169.99999999999997,1.0,93.873131613,115.12185347156391,-21.24872185856391
702,2021-04-22,169.0,1.0,187.083110659,114.44466609820178,72.63844456079822
702,2021-04-23,184.0,1.0,123.503896773,124.6024766986339,-1.0985799256338993
702,2021-04-24,201.99999999999997,1.0,109.12760494,136.7918494191524,-27.664244479152416
702,2021-04-25,230.00000000000003,1.0,127.45606096699998,155.75309587329238,-28.297034906292396
702,2021-04-26,187.0,1.0,15.593190828,126.63403881872031,-111.04084799072031
702,2021-04-27,132.0,2.0,224.502815975,89.38873328380258,135.11408269119744
702,2021-04-28,169.99999999999997,1.0,102.311586557,115.12185347156391,-12.810266914563911
702,2021-04-29,168.0,1.0,63.72036047500001,113.76747872483965,-50.04711824983964
702,2021-04-30,0.0,0.0,141.04625467,0.0,141.04625467
702,2021-05-08,53.61599999999452,1.0,0.0,36.30807821018083,-36.30807821018083
702,2021-05-09,226.48799999999756,1.0,0.0,153.37481381804287,-153.37481381804287
702,2021-05-10,187.08800000000335,1.0,0.0,126.69363130757846,-126.69363130757846
702,2021-05-12,183.0159999999887,1.0,0.0,123.9361243232379,-123.9361243232379
702,2021-05-13,183.59200000000416,1.0,0.0,124.32618425030496,-124.32618425030496
702,2021-05-14,168.77599999999802,1.0,0.0,114.29297612656732,-114.29297612656732
702,2021-05-15,165.2880000000005,1.0,0.0,111.93094656828185,-111.93094656828185
702,2021-05-17,226.50400000000084,1.0,0.0,153.3856488160189,-153.3856488160189
702,2021-05-18,188.11999999999537,1.0,0.0,127.39248867688278,-127.39248867688278
702,2021-05-19,182.57600000000093,1.0,114.585091444,123.63816187896684,-9.053070434966841
702,2021-05-20,166.15999999998897,1.0,79.236893425,112.52145395784584,-33.28456053284583
702,2021-05-21,219.58400000000256,1.0,132.45348446900002,148.69951219235404,-16.24602772335402
702,2021-05-22,161.81599999999162,1.0,145.71498763,109.5797520079625,36.1352356220375
702,2021-05-23,0.0,0.0,31.546260025,0.0,31.546260025
702,2021-05-24,166.42399999999907,1.0,0.0,112.70023142442028,-112.70023142442028
702,2021-05-25,0.0,0.0,224.050740907,0.0,224.050740907
702,2021-05-28,185.3760000000038,1.0,110.973007466,125.53428652438278,-14.56127905838278
702,2021-05-29,168.7519999999931,1.0,88.663313719,114.27672362960331,-25.61340991060331
702,2021-05-30,238.3760000000038,1.0,155.68678206500002,161.42521731257625,-5.738435247576234
702,2021-06-01,191.12799999999697,1.0,28.811960556,129.42946829595718,-100.61750773995718
702,2021-06-02,191.00000000000003,1.0,223.387198807,129.3427883121689,94.04441049483111
702,2021-06-03,185.3760000000038,1.0,170.500275092,125.53428652438278,44.96598856761723
702,2021-06-04,168.6239999999961,1.0,160.57249001300002,114.19004364581498,46.38244636718504
702,2021-06-05,177.88000000000463,1.0,45.539960587,120.45808997366073,-74.91812938666072
702,2021-06-06,0.0,0.0,205.165655423,0.0,205.165655423
702,2021-06-07,185.872000000003,1.0,104.913831581,125.87017146156985,-20.956339880569857
702,2021-06-08,191.2480000000069,1.0,88.332692587,129.51073078076737,-41.17803819376738
702,2021-06-09,185.75200000000768,1.0,95.406746814,125.78890897676958,-30.382162162769575
702,2021-06-10,169.74400000000608,1.0,114.959757204,114.94849350398734,0.011263700012662525
702,2021-06-11,0.0,0.0,44.749321603,0.0,44.749321603
702,2021-06-12,172.7519999999931,1.0,56.121517483,116.98547312305186,-60.86395564005186
702,2021-06-13,0.0,0.0,253.72573925,0.0,253.72573925
702,2021-06-14,191.00000000000003,1.0,78.454658082,129.3427883121689,-50.8881302301689
702,2021-06-15,0.0,0.0,126.02379063,0.0,126.02379063
702,2021-06-16,167.4959999999992,1.0,84.548164137,113.42617628866459,-28.878012151664592
702,2021-06-17,72.0,1.0,200.610648884,48.75749088207414,151.85315800192586
702,2021-06-18,0.0,0.0,49.296693467,0.0,49.296693467
702,2021-06-19,168.7519999999931,1.0,80.36860285099999,114.27672362960331,-33.90812077860332
702,2021-06-20,0.0,0.0,240.70635294,0.0,240.70635294
702,2021-06-21,168.74400000000608,1.0,110.567802477,114.27130613062519,-3.703503653625191
702,2021-06-22,0.0,0.0,169.093612837,0.0,169.093612837
702,2021-06-23,130.62399999999616,1.0,0.0,88.45692345805367,-88.45692345805367
702,2021-06-24,0.0,0.0,15.595848775,0.0,15.595848775
702,2021-06-25,167.127999999997,1.0,3.675986832,113.17697133526583,-109.50098450326583
702,2021-06-26,177.99999999999997,1.0,200.355972777,120.53935245846104,79.81662031853897
702,2021-06-27,0.0,0.0,245.57181584,0.0,245.57181584
702,2021-06-28,229.4959999999992,1.0,118.497834024,155.41179343711732,-36.913959413117325
702,2021-06-29,191.00800000000163,1.0,40.776445511,129.34820581115687,-88.57176030015688
702,2021-06-30,191.2480000000069,1.0,95.527210055,129.51073078076737,-33.98352072576738
702,2021-07-01,169.12799999999697,1.0,181.512158077,114.5313460819901,66.98081199500992
702,2021-07-02,186.12000000000992,1.0,57.83458938,126.03811393016835,-68.20352455016835
702,2021-07-03,0.0,0.0,232.288300629,0.0,232.288300629
702,2021-07-05,229.74400000000605,1.0,101.325645974,155.57973590571575,-54.254089931715754
702,2021-07-06,0.0,0.0,213.67740614400003,0.0,213.67740614400003
702,2021-07-08,195.37599999998932,1.0,97.48764469,132.30616025799438,-34.81851556799438
702,2021-07-09,191.00000000000003,1.0,239.45563333,129.3427883121689,110.11284501783112
702,2021-07-10,177.99999999999997,1.0,118.168947042,120.53935245846104,-2.3704054164610397
702,2021-07-11,0.0,0.0,287.65618274999997,0.0,287.65618274999997
702,2021-07-12,185.49600000001368,1.0,113.238445532,125.61554900919292,-12.377103477192918
702,2021-07-13,0.0,0.0,178.031916847,0.0,178.031916847
702,2021-07-14,169.0,1.0,178.388889072,114.44466609820178,63.94422297379823
702,2021-07-15,26.503999999986267,1.0,3.801948,17.94817414358088,-14.14622614358088
702,2021-07-16,168.87200000000303,1.0,129.3,114.35798611441348,14.942013885586533
702,2021-07-17,202.6239999999962,1.0,49.05,137.21441434012783,-88.16441434012783
702,2021-07-18,229.74400000000605,1.0,34.9,155.57973590571575,-120.67973590571575
702,2021-07-19,186.2480000000069,1.0,318.90000000000003,126.12479391395667,192.77520608604337
702,2021-07-20,169.37600000000387,1.0,167.25,114.69928855058858,52.55071144941142
702,2021-07-21,14.0,2.0,58.75,9.48062322706997,49.26937677293003
702,2021-07-22,0.0,0.0,39.25,0.0,39.25
702,2021-07-23,164.75200000000768,1.0,91.2,111.56797413616461,-20.367974136164605
702,2021-07-24,197.3760000000038,1.0,114.35,133.66053500472847,-19.31053500472848
702,2021-07-25,162.12799999999697,1.0,271.85,109.79103446845511,162.0589655315449
702,2021-07-26,0.0,0.0,181.4,0.0,181.4
702,2021-07-27,162.62400000001068,1.0,3.3500000000000005,110.126919405652,-106.77691940565201
702,2021-07-28,224.12000000000987,1.0,83.05,151.77123411792965,-68.72123411792965
702,2021-07-29,186.37600000000387,1.0,249.35,126.21147389774497,123.13852610225503
702,2021-07-30,186.2480000000069,1.0,66.8,126.12479391395667,-59.32479391395667
702,2021-07-31,199.87200000000303,1.0,180.6,135.35079468863984,45.24920531136016
702,2021-08-01,232.49599997425048,1.0,94.95,157.44335553976703,-62.49335553976702
702,2021-08-02,198.0,5.0,244.75,134.08309992570386,110.66690007429614
702,2021-08-03,0.0,0.0,26.1,0.0,26.1
702,2021-08-04,158.6160000064374,5.0,89.69999999999999,107.41275241756864,-17.71275241756865
702,2021-08-05,182.88800000321868,6.0,84.2,123.84944434163485,-39.64944434163485
702,2021-08-06,112.86399999356263,4.0,255.2,76.43007570278535,178.76992429721463
702,2021-08-07,263.2560000386243,1.0,96.15,178.2736391879796,-82.12363918797959
702,2021-08-08,0.0,0.0,266.7,0.0,266.7
702,2021-08-09,108.128,4.0,109.85,73.22291630690155,36.62708369309844
702,2021-08-10,252.1280000193121,1.0,70.5,170.73789808412775,-100.23789808412775
702,2021-08-11,183.86399999356263,6.0,102.85,124.51037921149734,-21.660379211497343
702,2021-08-12,252.49599997425045,1.0,43.35,170.9871030070098,-127.63710300700981
702,2021-08-13,0.0,0.0,216.35,0.0,216.35
702,2021-08-14,260.7439999935626,2.0,14.5,176.57254447557872,-162.07254447557872
702,2021-08-15,0.0,0.0,2.95,0.0,2.95
702,2021-08-16,238.1199999678131,1.0,52.85,161.2518573231964,-108.4018573231964
702,2021-08-17,155.7519999967813,5.0,84.05000000000001,105.47328777372049,-21.423287773720475
702,2021-08-18,0.0,0.0,315.65,0.0,315.65
702,2021-08-19,183.59999999678132,7.0,25.6,124.33160174710939,-98.73160174710938
702,2021-08-20,113.24,4.0,55.75,76.68469815952882,-20.93469815952882
702,2021-08-21,167.37600000643738,1.0,43.099999999999994,113.34491380822098,-70.24491380822099
702,2021-08-22,0.0,0.0,165.5,0.0,165.5
702,2021-08-23,182.47999998390657,7.0,118.55,123.57315188022517,-5.023151880225171
702,2021-08-24,0.0,0.0,7.5,0.0,7.5
702,2021-08-25,137.37600000643738,4.0,0.4499999999999999,93.02929260735677,-92.57929260735676
702,2021-08-26,225.62399999356265,1.0,126.75,152.78972392310035,-26.039723923100354
702,2021-08-27,273.4959999742505,1.0,99.55,185.2080378476148,-85.6580378476148
702,2021-08-28,211.0,2.0,265.0,142.8865357794117,122.1134642205883
702,2021-08-29,0.0,0.0,245.8,0.0,245.8
702,2021-08-30,111.74400000965608,3.0,71.1,75.67162585551803,-4.571625855518036
702,2021-08-31,253.62399999356265,1.0,107.6,171.7509703772403,-64.1509703772403
702,2021-09-01,0.0,0.0,193.6,0.0,193.6
702,2021-09-02,253.3760000064374,1.0,115.1,171.58302791736511,-56.48302791736512
702,2021-09-03,137.74400000965608,4.0,173.75,93.2784975629337,80.4715024370663
702,2021-09-04,199.4959999742505,1.0,81.3,135.0961722188164,-53.79617221881641
702,2021-09-05,0.0,0.0,287.5,0.0,287.5
702,2021-09-07,185.12800000965606,5.0,47.45,125.36634406232535,-77.91634406232535
702,2021-09-08,0.0,0.0,340.5,0.0,340.5
702,2021-09-09,225.87199998068783,1.0,104.65,152.9576663829755,-48.3076663829755
702,2021-09-10,135.99200001287477,4.0,74.30000000000001,92.09206528698287,-17.79206528698286
702,2021-09-11,210.75200001287476,1.0,203.55,142.71859331953652,60.83140668046349
702,2021-09-12,0.0,0.0,208.6,0.0,208.6
702,2021-09-14,209.37600000643735,1.0,98.45,141.78678348943086,-43.33678348943086
702,2021-09-15,238.24799998712527,1.0,71.5,161.3385373200647,-89.83853732006469
702,2021-09-16,0.0,0.0,252.5,0.0,252.5
702,2021-09-18,12.751999999999999,2.0,36.25,8.635493385114017,27.614506614885983
702,2021-09-19,0.0,0.0,55.85,0.0,55.85
702,2021-09-20,0.0,0.0,63.849999999999994,0.0,63.849999999999994
702,2021-09-21,229.62399999356265,1.0,114.95,155.4984734165489,-40.5484734165489
702,2021-09-22,0.0,0.0,242.15,0.0,242.15
702,2021-09-23,255.62399999356265,1.0,47.55,173.10534512396458,-125.55534512396459
702,2021-09-24,0.0,0.0,249.75,0.0,249.75
702,2021-09-25,232.87199998068783,1.0,56.15,157.69797799651047,-101.54797799651047
702,2021-09-26,0.0,0.0,356.65000000000003,0.0,356.65000000000003
702,2021-09-27,249.9919999645944,2.0,13.7,169.29142581757208,-155.5914258175721
702,2021-09-28,0.0,0.0,284.45000000000005,0.0,284.45000000000005
702,2021-09-29,135.7519999967813,5.0,104.2,91.92954030647768,12.270459693522326
702,2021-09-30,0.0,0.0,66.7,0.0,66.7
702,2021-10-01,113.49600000643738,3.0,110.0,76.85805813146884,33.14194186853116
702,2021-10-02,0.0,0.0,42.65,0.0,42.65
702,2021-10-06,134.37600000643738,5.0,135.5,90.99773048727033,44.50226951272967
702,2021-10-07,138.13600000643737,4.0,39.45,93.54395501111198,-54.09395501111197
702,2021-10-08,238.4959999742505,1.0,60.8,161.5064797799399,-100.7064797799399
702,2021-10-11,0.0,0.0,16.15,0.0,16.15
702,2021-10-12,202.2640000257495,8.0,10.45,136.97062690315727,-126.52062690315726
702,2021-10-13,0.0,0.0,295.90000000000003,0.0,295.90000000000003
702,2021-10-14,0.0,0.0,17.85,0.0,17.85
702,2021-10-16,153.99999999999997,1.0,94.1,104.28685549776965,-10.186855497769656
702,2021-10-17,0.0,0.0,115.95,0.0,115.95
702,2021-10-18,239.49599997425048,1.0,24.2,162.183667153302,-137.983667153302
702,2021-10-19,135.88,5.0,97.05,92.01622029244768,5.033779707552313
702,2021-10-20,0.0,0.0,48.400000000000006,0.0,48.400000000000006
702,2021-10-22,202.00800000321868,5.0,32.55,136.79726692031898,-104.24726692031898
702,2021-10-23,0.0,0.0,187.25,0.0,187.25
702,2021-10-25,177.74400000965608,5.0,51.8,120.36599249741931,-68.56599249741932
702,2021-10-26,0.0,0.0,301.7,0.0,301.7
702,2021-10-27,143.0,6.0,100.55,96.83779439078613,3.7122056092138678
702,2021-10-28,9.752,1.0,12.35,6.603931265027597,5.746068734972402
702,2021-10-29,113.25600000643738,4.0,49.35,76.69553316186192,-27.345533161861916
702,2021-10-30,0.0,0.0,106.15,0.0,106.15
702,2021-11-01,135.37600000643738,5.0,0.0,91.67491786063248,-91.67491786063248
702,2021-11-02,0.0,0.0,167.10000000000002,0.0,167.10000000000002
702,2021-11-03,161.87199998390656,5.0,85.3,109.61767448997817,-24.317674489978174
702,2021-11-04,0.0,0.0,192.05,0.0,192.05
702,2021-11-06,168.0,1.0,129.35,113.76747872483965,15.582521275160346
702,2021-11-07,0.0,0.0,134.35,0.0,134.35
702,2021-11-10,266.3759999903439,6.0,75.55,180.38646376017462,-104.83646376017462
702,2021-11-11,0.0,0.0,247.1,0.0,247.1
702,2021-11-12,177.50400000965607,5.0,83.35,120.20346752781239,-36.8534675278124
702,2021-11-13,201.37600000643735,1.0,123.05,136.36928450253376,-13.319284502533762
702,2021-11-14,0.0,0.0,160.95,0.0,160.95
702,2021-11-20,154.62399999356262,1.0,98.85,104.70942041438833,-5.859420414388339
702,2021-11-21,0.0,0.0,160.0,0.0,160.0
702,2021-11-22,249.88,6.0,55.2,169.21558085573173,-114.01558085573173
702,2021-11-23,0.0,0.0,324.75,0.0,324.75
702,2021-11-24,239.37600000643738,2.0,56.45,162.10240469029512,-105.65240469029511
702,2021-11-25,0.0,0.0,289.9,0.0,289.9
702,2021-11-26,216.50400002574955,1.0,6.0,146.61377509983419,-140.61377509983419
702,2021-11-27,204.75200001287476,1.0,56.55,138.65546907936366,-82.10546907936366
702,2021-11-28,0.0,0.0,244.75,0.0,244.75
702,2021-11-29,178.61599999034394,4.0,105.7,120.95649987391317,-15.256499873913171
702,2021-11-30,183.49599997425048,1.0,143.4,124.26117424502213,19.138825754977873
702,2021-12-01,106.50399999356264,1.0,201.9,72.12316400820214,129.77683599179787
702,2021-12-02,271.12,5.0,51.8,183.5990406659436,-131.7990406659436
702,2021-12-03,105.62400000643738,3.0,301.5,71.52723912836207,229.97276087163795
702,2021-12-04,46.879999999999995,2.0,123.6,31.746544063217154,91.85345593678284
702,2021-12-05,46.75199999678131,2.0,0.0,31.659864077247146,-31.659864077247146
702,2021-12-06,0.0,0.0,141.0,0.0,141.0
702,2021-12-07,135.7519999967813,5.0,121.95,91.92954030647768,30.020459693522326
702,2021-12-08,0.0,0.0,13.9,0.0,13.9
702,2021-12-09,194.74399996137572,1.0,123.4,131.87817781188087,-8.478177811880869
702,2021-12-10,0.0,0.0,382.2999999999999,0.0,382.2999999999999
702,2021-12-11,171.36800000965607,7.0,98.55,116.0482458048623,-17.498245804862307
702,2021-12-12,0.0,0.0,444.2999999999999,0.0,444.2999999999999
702,2021-12-13,0.0,0.0,2.95,0.0,2.95
702,2021-12-14,179.13600000643737,4.0,48.7,121.30863731895975,-72.60863731895975
702,2021-12-15,109.12800000321867,2.0,3.3000000000000003,73.90010368244334,-70.60010368244335
702,2021-12-16,0.0,0.0,132.35,0.0,132.35
702,2021-12-18,168.24799998712524,1.0,28.15,113.93542118471483,-85.78542118471483
702,2021-12-19,0.0,0.0,293.4,0.0,293.4
702,2021-12-20,154.76,3.0,0.0,104.80151790152489,-104.80151790152489
702,2021-12-21,0.0,0.0,291.59999999999997,0.0,291.59999999999997
702,2021-12-22,201.12,6.0,75.0,136.19592453059374,-61.19592453059374
702,2021-12-23,0.0,0.0,247.85,0.0,247.85
702,2021-12-24,179.00000000000003,1.0,0.0,121.21653983182321,-121.21653983182321
702,2021-12-26,0.0,0.0,79.75,0.0,79.75
702,2021-12-27,0.0,0.0,132.1,0.0,132.1
702,2021-12-29,99.12800000321867,1.0,109.15,67.12822994882194,42.021770051178066
702,2021-12-30,195.0,1.0,6.45,132.05153780561744,-125.60153780561744
702,2021-12-31,0.0,0.0,380.9500000000001,0.0,380.9500000000001
702,2022-01-02,92.37600000643738,1.0,125.45,62.55586080606042,62.89413919393958
702,2022-01-03,135.61599999034394,5.0,43.8,91.83744281934112,-48.03744281934112
702,2022-01-05,135.87200001287476,5.0,108.5,92.01080280217941,16.489197197820587
702,2022-01-06,0.0,0.0,71.05000000000001,0.0,71.05000000000001
702,2022-01-07,203.11200001287474,5.0,75.4,137.54488178704975,-62.14488178704974
702,2022-01-08,243.62399999356265,1.0,0.0,164.97909664361887,-164.97909664361887
702,2022-01-09,0.0,0.0,15.75,0.0,15.75
702,2022-01-11,81.49600000321868,3.0,0.55,55.18806218170067,-54.638062181700676
702,2022-01-16,0.0,0.0,41.5,0.0,41.5
702,2022-01-18,81.99200000321869,2.0,0.0,55.5239471188883,-55.5239471188883
702,2022-01-19,0.0,0.0,143.45000000000002,0.0,143.45000000000002
702,2022-01-20,154.37600000643738,4.0,52.0,104.54147795451316,-52.541477954513155
702,2022-01-26,111.24800000321869,5.0,105.85,75.3357409139711,30.5142590860289
702,2022-01-27,128.128,4.0,27.7,86.76666377414436,-59.06666377414436
702,2022-01-28,0.0,0.0,259.65,0.0,259.65
702,2022-01-29,170.1280000193121,1.0,114.4,115.2085334684322,-0.8085334684321879
702,2022-01-31,227.5040000257495,1.0,0.0,154.0628362068177,-154.0628362068177
702,2022-02-01,0.0,0.0,251.1,0.0,251.1
702,2022-02-02,0.0,0.0,3.0,0.0,3.0
702,2022-02-03,188.37600000643735,1.0,103.2,127.56584864882592,-24.365848648825917
702,2022-02-04,214.75200001287476,1.0,209.25,145.42734281298507,63.822657187014926
702,2022-02-05,0.0,0.0,292.55,0.0,292.55
702,2022-02-06,128.61600000643736,2.0,106.7,87.0971312167044,19.602868783295605
702,2022-02-07,227.62399999356265,1.0,0.0,154.14409866982464,-154.14409866982464
702,2022-02-08,227.75200001287473,1.0,123.3,154.23077866669288,-30.930778666692888
702,2022-02-09,227.5040000257495,1.0,145.89999999999998,154.0628362068177,-8.16283620681773
702,2022-02-11,227.5040000257495,1.0,130.70000000000002,154.0628362068177,-23.36283620681769
702,2022-02-12,178.37600000643738,1.0,0.0,120.79397491520453,-120.79397491520453
702,2022-02-13,235.62399999356265,1.0,242.5,159.56159765672174,82.93840234327826
702,2022-02-14,188.62399999356265,1.0,0.0,127.73379110870114,-127.73379110870114
702,2022-02-15,0.0,0.0,300.1,0.0,300.1
702,2022-02-16,3.248,1.0,0.0,2.199504588680233,-2.199504588680233
702,2022-02-19,141.12,1.0,61.599999999999994,95.5646821288653,-33.964682128865306
702,2022-02-20,127.75199999678132,2.0,0.0,86.51204131958056,-86.51204131958056
702,2022-02-21,0.0,0.0,130.45000000000002,0.0,130.45000000000002
702,2022-02-22,202.1280000193121,1.0,0.0,136.8785294160207,-136.8785294160207
702,2022-03-09,0.0,0.0,47.45,0.0,47.45
702,2022-03-11,188.37600000643735,1.0,99.15,127.56584864882592,-28.415848648825914
702,2022-03-12,179.24799998712527,1.0,198.85,121.3844822916984,77.46551770830159
702,2022-03-14,219.4959999742505,1.0,0.0,148.63991968605922,-148.63991968605922
702,2022-03-15,237.87199998068783,1.0,89.65,161.08391486332118,-71.43391486332118
702,2022-03-21,0.0,0.0,7.199999999999999,0.0,7.199999999999999
702,2022-03-22,0.0,0.0,5.8,0.0,5.8
702,2022-03-23,189.37600000643735,1.0,0.0,128.24303602218805,-128.24303602218805
702,2022-03-24,188.5040000257495,1.0,25.65,127.6525286456942,-102.00252864569421
702,2022-03-25,190.50400002574952,1.0,243.25,129.0069033924185,114.24309660758149
702,2022-03-27,0.0,0.0,71.55,0.0,71.55
702,2022-03-28,214.5040000257495,1.0,0.0,145.25940035310987,-145.25940035310987
702,2022-03-29,0.0,0.0,132.0,0.0,132.0
702,2022-03-30,237.8800000321869,1.0,0.0,161.0893323971826,-161.0893323971826
702,2022-03-31,0.0,0.0,11.35,0.0,11.35
702,2022-04-01,200.75199999999313,1.0,114.3,135.94671957719183,-21.64671957719183
702,2022-04-03,215.12799999999697,1.0,61.349999999999994,145.68196525664857,-84.33196525664857
702,2022-04-05,218.99999999998545,2.0,81.44999999999999,148.30403476629897,-66.85403476629898
702,2022-04-08,218.49600000001377,3.0,0.0,147.96273233014364,-147.96273233014364
702,2022-04-09,0.0,0.0,312.4,0.0,312.4
702,2022-04-10,3.248000000006869,1.0,37.849999999999994,2.1995045886848845,35.65049541131511
702,2022-04-11,190.88000000000463,1.0,0.0,129.26152582736856,-129.26152582736856
702,2022-04-12,0.0,0.0,9.55,0.0,9.55
702,2022-04-13,0.0,0.0,198.7,0.0,198.7
702,2022-04-14,48.0,1.0,0.0,32.504993921382756,-32.504993921382756
702,2022-04-15,218.5040000000008,2.0,0.0,147.96814982912173,-147.96814982912173
702,2022-04-18,52.0,1.0,0.0,35.21374341483132,-35.21374341483132
702,2022-04-19,219.25599999999392,2.0,0.0,148.4773947338854,-148.4773947338854
702,2022-04-20,12.623999999996157,1.0,83.0,8.548813401321063,74.45118659867893
702,2022-04-22,214.87200000000308,1.0,0.0,145.508605289072,-145.508605289072
702,2022-04-24,7.120000000009894,1.0,346.65,4.821574098345143,341.82842590165484
702,2022-04-25,195.74400000000608,1.0,53.1,132.555365211403,-79.455365211403
702,2022-04-26,0.0,0.0,16.35,0.0,16.35
702,2022-04-27,188.7519999999931,1.0,56.45,127.82047109684612,-71.37047109684612
702,2022-04-28,0.0,0.0,201.95,0.0,201.95
702,2022-04-29,227.75199999999313,1.0,0.0,154.23077865796964,-154.23077865796964
702,2022-04-30,81.62399999999616,1.0,104.9,55.27474216330877,49.62525783669123
702,2022-05-02,0.0,0.0,7.449999999999999,0.0,7.449999999999999
702,2022-05-03,0.0,0.0,233.25,0.0,233.25
702,2022-05-04,219.24800000000684,2.0,86.55,148.47197723490726,-61.92197723490726
702,2022-05-05,189.5040000000008,1.0,183.3,128.32971600161966,54.97028399838035
702,2022-05-06,131.1200000000099,2.0,0.0,88.79280839525059,-88.79280839525059
702,2022-05-07,12.0,1.0,226.05,8.126248480345689,217.92375151965433
702,2022-05-11,33.495999999999185,1.0,0.0,22.683068258137716,-22.683068258137716
702,2022-05-12,38.12799999999697,2.0,12.15,25.81980017154965,-13.669800171549651
702,2022-05-14,139.3759999999893,1.0,85.95,94.38366734971447,-8.433667349714469
702,2022-05-17,239.87200000000303,1.0,215.05,162.43828962312548,52.61171037687453
702,2022-05-18,166.8719999999885,3.0,272.0,113.00361136767937,158.99638863232065
702,2022-05-19,0.0,0.0,129.70000000000002,0.0,129.70000000000002
702,2022-05-24,35.87200000000302,1.0,0.0,24.292065457248757,-24.292065457248757
702,2022-05-25,36.0,1.0,0.0,24.37874544103707,-24.37874544103707
702,2022-06-16,0.0,0.0,248.95,0.0,248.95
702,2022-06-20,0.0,0.0,44.95,0.0,44.95
702,2022-06-21,183.62399999999616,2.0,1.95,124.34785424624712,-122.39785424624712
702,2022-06-22,189.24799999999237,1.0,72.45,128.15635603403325,-55.70635603403325
702,2022-06-23,143.12799999999697,1.0,202.85,96.92447437457443,105.92552562542556
702,2022-06-24,189.62399999999613,1.0,0.0,128.41097848641996,-128.41097848641996
702,2022-06-25,0.0,0.0,194.7,0.0,194.7
702,2022-06-29,26.495999999999174,1.0,6.0,17.94275664460272,-11.94275664460272
702,2022-06-30,188.87200000000303,1.0,281.7,127.9017335816563,153.7982664183437
702,2022-07-05,2.33,1.0,0.0,1.577846579933788,-1.577846579933788
702,2022-07-06,2.49,1.0,0.0,1.6861965596717305,-1.6861965596717305
702,2022-07-09,33.01,1.0,0.0,22.353955194684264,-22.353955194684264
702,2022-07-15,95.53,2.0,0.0,64.69170977728531,-64.69170977728531
702,2022-07-17,124.51,1.0,0.0,84.31659985732014,-84.31659985732014
702,2022-07-18,63.85,1.0,0.0,43.23841378917269,-43.23841378917269
702,2022-07-19,35.57,2.0,0.0,24.087554870491346,-24.087554870491346
702,2022-07-28,0.51,1.0,0.0,0.3453655604146918,-0.3453655604146918
702,2022-08-18,9.32,2.0,0.0,6.311386319735152,-6.311386319735152
702,2022-08-26,0.62,1.0,0.0,0.41985617148452725,-0.41985617148452725
702,2022-09-26,28.58,1.0,0.0,19.35401513068998,-19.35401513068998
702,2022-09-27,11.18,1.0,0.0,7.570954834188734,-7.570954834188734
702,2022-10-01,94.37,1.0,0.0,63.90617242418522,-63.90617242418522
702,2022-10-02,145.02,1.0,0.0,98.20571288497766,-98.20571288497766
702,2022-10-03,118.14,1.0,0.0,80.00291628900331,-80.00291628900331
702,2022-10-04,164.43,1.0,0.0,111.3499198019368,-111.3499198019368
702,2022-10-05,165.52,1.0,0.0,112.08805403890155,-112.08805403890155
702,2022-10-06,30.99,1.0,0.0,20.98603670049274,-20.98603670049274
702,2022-10-07,96.63,1.0,0.0,65.43661588798366,-65.43661588798366
702,2022-10-09,106.26,1.0,0.0,71.95793029346108,-71.95793029346108
702,2022-10-11,118.15,1.0,0.0,80.00968816273694,-80.00968816273694
702,2022-10-12,11.03,2.0,0.0,7.469376728184412,-7.469376728184412
702,2022-10-13,119.54,1.0,0.0,80.95097861171031,-80.95097861171031
702,2022-10-14,96.55,2.0,0.0,65.38244089811468,-65.38244089811468
702,2022-10-15,70.77,3.0,0.0,47.9245504128387,-47.9245504128387
702,2022-10-16,0.54,1.0,0.0,0.365681181615556,-0.365681181615556
702,2022-10-17,164.29,3.0,0.0,111.2551135696661,-111.2551135696661
702,2022-10-18,41.01,4.0,0.0,27.77145418158139,-27.77145418158139
702,2022-10-19,22.119999999999997,3.0,0.0,14.979384698770552,-14.979384698770552
702,2022-10-20,7.68,2.0,0.0,5.20079902742124,-5.20079902742124
702,2022-10-23,7.54,1.0,0.0,5.1059927951505415,-5.1059927951505415
702,2022-10-24,96.94,1.0,0.0,65.64654397372593,-65.64654397372593
702,2022-10-25,153.95,1.0,0.0,104.25299612910156,-104.25299612910156
702,2022-10-26,96.94,1.0,0.0,65.64654397372593,-65.64654397372593
702,2022-10-27,118.3,1.0,0.0,80.11126626874125,-80.11126626874125
702,2023-01-02,156.28,1.0,0.0,105.83084270903535,-105.83084270903535
702,2023-01-03,118.76,1.0,0.0,80.42277246048783,-80.42277246048783
702,2023-01-04,125.99,1.0,0.0,85.31883716989611,-85.31883716989611
702,2023-01-05,88.7,1.0,0.0,60.06652001722188,-60.06652001722188
702,2023-01-06,88.62,1.0,0.0,60.012345027352914,-60.012345027352914
702,2023-01-07,153.72,1.0,0.0,104.09724303322828,-104.09724303322828
702,2023-01-09,118.76,1.0,0.0,80.42277246048783,-80.42277246048783
702,2023-01-10,142.69,1.0,0.0,96.62786630504387,-96.62786630504387
702,2023-01-14,151.85999999999999,2.0,0.0,102.83767451877468,-102.83767451877468
702,2023-01-17,95.47,3.0,0.0,64.65107853488358,-64.65107853488358
702,2023-01-18,95.37,1.0,0.0,64.58335979754736,-64.58335979754736
702,2023-01-20,116.43,1.0,0.0,78.84492588055406,-78.84492588055406
702,2023-01-21,141.84,1.0,0.0,96.05225703768605,-96.05225703768605
702,2023-01-22,119.46,1.0,0.0,80.89680362184133,-80.89680362184133
702,2023-01-25,139.89,1.0,0.0,94.73174165962986,-94.73174165962986
702,2023-01-26,116.51,1.0,0.0,78.89910087042303,-78.89910087042303
702,2023-01-28,99.03,1.0,0.0,67.0618655840528,-67.0618655840528
702,2023-01-29,6.29,1.0,0.0,4.259508578447865,-4.259508578447865
702,2023-01-30,152.08,1.0,0.0,102.98665574091437,-102.98665574091437
702,2023-02-01,95.46,1.0,0.0,64.64430666114995,-64.64430666114995
702,2023-02-02,116.12,1.0,0.0,78.63499779481178,-78.63499779481178
702,2023-02-03,95.62,1.0,0.0,64.7526566408879,-64.7526566408879
702,2023-02-04,132.2,1.0,0.0,89.524170758475,-89.524170758475
702,2023-02-05,6.14,1.0,0.0,4.157930472443544,-4.157930472443544
702,2023-02-10,87.15,1.0,0.0,59.01687958851057,-59.01687958851057
702,2023-02-12,144.78,1.0,0.0,98.04318791537074,-98.04318791537074
702,2023-02-15,115.97,1.0,0.0,78.53341968880746,-78.53341968880746
702,2023-02-16,140.36,1.0,0.0,95.05001972511009,-95.05001972511009
702,2023-02-17,97.73,1.0,0.0,66.18152199868202,-66.18152199868202
702,2023-02-18,133.21,1.0,0.0,90.20813000557078,-90.20813000557078
702,2023-02-21,140.2,1.0,0.0,94.94166974537212,-94.94166974537212
702,2023-02-23,152.31,1.0,0.0,103.14240883678765,-103.14240883678765
702,2023-02-24,96.17,1.0,0.0,65.12510969623708,-65.12510969623708
702,2023-02-25,96.63,1.0,0.0,65.43661588798366,-65.43661588798366
702,2023-02-27,117.06,1.0,0.0,79.2715539257722,-79.2715539257722
702,2023-02-28,152.16,1.0,0.0,103.04083073078333,-103.04083073078333
702,2023-03-01,95.85,1.0,0.0,64.90840973676119,-64.90840973676119
702,2023-03-04,97.71000000000001,2.0,0.0,66.16797825121478,-66.16797825121478
702,2023-03-05,84.74,1.0,0.0,57.3848580187078,-57.3848580187078
702,2023-03-07,129.63,1.0,0.0,87.7837992089343,-87.7837992089343
702,2023-03-08,2.09,2.0,0.0,1.415321610326874,-1.415321610326874
702,2023-03-10,95.93,1.0,0.0,64.96258472663017,-64.96258472663017
702,2023-03-11,147.35,1.0,0.0,99.78355946491143,-99.78355946491143
702,2023-03-13,142.67000000000002,3.0,0.0,96.61432255757663,-96.61432255757663
702,2023-03-14,5.06,1.0,0.0,3.426568109212432,-3.426568109212432
702,2023-03-15,163.03,1.0,0.0,110.4018574792298,-110.4018574792298
702,2023-03-16,140.67,1.0,0.0,95.25994781085232,-95.25994781085232
702,2023-03-17,144.39,1.0,0.0,97.77908483975949,-97.77908483975949
702,2023-03-18,151.7,1.0,0.0,102.72932453903674,-102.72932453903674
702,2023-03-19,97.94,1.0,0.0,66.32373134708806,-66.32373134708806
702,2023-03-20,152.78,1.0,0.0,103.46068690226787,-103.46068690226787
702,2023-03-21,152.71,1.0,0.0,103.41328378613252,-103.41328378613252
702,2023-03-22,124.66,1.0,0.0,84.41817796332447,-84.41817796332447
702,2023-03-23,140.9,2.0,0.0,95.41570090672563,-95.41570090672563
702,2023-03-24,117.44,1.0,0.0,79.5288851276498,-79.5288851276498
702,2023-03-26,156.2,1.0,0.0,105.77666771916638,-105.77666771916638
702,2023-03-30,96.08,1.0,0.0,65.06416283263448,-65.06416283263448
702,2023-03-31,96.08,1.0,0.0,65.06416283263448,-65.06416283263448
702,2023-04-01,147.8,1.0,0.0,100.08829378292441,-100.08829378292441
702,2023-04-02,145.4,1.0,0.0,98.46304408685526,-98.46304408685526
